Fitter report for matmul_synth
Wed Sep 16 16:24:51 2026
Quartus Prime Version 24.1std.0 Build 1077 03/04/2025 SC Lite Edition


---------------------
; Table of Contents ;
---------------------
  1. Legal Notice
  2. Fitter Summary
  3. Fitter Settings
  4. Parallel Compilation
  5. Fitter Netlist Optimizations
  6. Incremental Compilation Preservation Summary
  7. Incremental Compilation Partition Settings
  8. Incremental Compilation Placement Preservation
  9. Pin-Out File
 10. Fitter Resource Usage Summary
 11. Fitter Partition Statistics
 12. I/O Bank Usage
 13. All Package Pins
 14. Fitter Resource Utilization by Entity
 15. Control Signals
 16. Global & Other Fast Signals
 17. Non-Global High Fan-Out Signals
 18. Fitter DSP Block Usage Summary
 19. DSP Block Details
 20. Routing Usage Summary
 21. Fitter Device Options
 22. Operating Settings and Conditions
 23. Estimated Delay Added for Hold Timing Summary
 24. Estimated Delay Added for Hold Timing Details
 25. Fitter Messages
 26. Fitter Suppressed Messages



----------------
; Legal Notice ;
----------------
Copyright (C) 2025  Altera Corporation. All rights reserved.
Your use of Altera Corporation's design tools, logic functions 
and other software and tools, and any partner logic 
functions, and any output files from any of the foregoing 
(including device programming or simulation files), and any 
associated documentation or information are expressly subject 
to the terms and conditions of the Altera Program License 
Subscription Agreement, the Altera Quartus Prime License Agreement,
the Altera IP License Agreement, or other applicable license
agreement, including, without limitation, that your use is for
the sole purpose of programming logic devices manufactured by
Altera and sold by Altera or its authorized distributors.  Please
refer to the Altera Software License Subscription Agreements 
on the Quartus Prime software download page.



+-----------------------------------------------------------------------------------+
; Fitter Summary                                                                    ;
+---------------------------------+-------------------------------------------------+
; Fitter Status                   ; Successful - Wed Sep 16 16:24:51 2026           ;
; Quartus Prime Version           ; 24.1std.0 Build 1077 03/04/2025 SC Lite Edition ;
; Revision Name                   ; matmul_synth                                    ;
; Top-level Entity Name           ; matmul_4x4_systolic                             ;
; Family                          ; Cyclone V                                       ;
; Device                          ; 5CGXFC9E7F35C8                                  ;
; Timing Models                   ; Final                                           ;
; Logic utilization (in ALMs)     ; 1,479 / 113,560 ( 1 % )                         ;
; Total registers                 ; 891                                             ;
; Total pins                      ; 0 / 616 ( 0 % )                                 ;
; Total virtual pins              ; 382                                             ;
; Total block memory bits         ; 0 / 12,492,800 ( 0 % )                          ;
; Total RAM Blocks                ; 0 / 1,220 ( 0 % )                               ;
; Total DSP Blocks                ; 16 / 342 ( 5 % )                                ;
; Total HSSI RX PCSs              ; 0 / 12 ( 0 % )                                  ;
; Total HSSI PMA RX Deserializers ; 0 / 12 ( 0 % )                                  ;
; Total HSSI TX PCSs              ; 0 / 12 ( 0 % )                                  ;
; Total HSSI PMA TX Serializers   ; 0 / 12 ( 0 % )                                  ;
; Total PLLs                      ; 0 / 20 ( 0 % )                                  ;
; Total DLLs                      ; 0 / 4 ( 0 % )                                   ;
+---------------------------------+-------------------------------------------------+


+----------------------------------------------------------------------------------------------------------------------------------------------------+
; Fitter Settings                                                                                                                                    ;
+--------------------------------------------------------------------+---------------------------------------+---------------------------------------+
; Option                                                             ; Setting                               ; Default Value                         ;
+--------------------------------------------------------------------+---------------------------------------+---------------------------------------+
; Device                                                             ; 5CGXFC9E7F35C8                        ;                                       ;
; Maximum processors allowed for parallel compilation                ; All                                   ;                                       ;
; Minimum Core Junction Temperature                                  ; 0                                     ;                                       ;
; Maximum Core Junction Temperature                                  ; 85                                    ;                                       ;
; Use smart compilation                                              ; Off                                   ; Off                                   ;
; Enable parallel Assembler and Timing Analyzer during compilation   ; On                                    ; On                                    ;
; Enable compact report table                                        ; Off                                   ; Off                                   ;
; Router Timing Optimization Level                                   ; Normal                                ; Normal                                ;
; Perform Clocking Topology Analysis During Routing                  ; Off                                   ; Off                                   ;
; Placement Effort Multiplier                                        ; 1.0                                   ; 1.0                                   ;
; Device initialization clock source                                 ; INIT_INTOSC                           ; INIT_INTOSC                           ;
; Optimize Hold Timing                                               ; All Paths                             ; All Paths                             ;
; Optimize Multi-Corner Timing                                       ; On                                    ; On                                    ;
; Auto RAM to MLAB Conversion                                        ; On                                    ; On                                    ;
; Equivalent RAM and MLAB Power Up                                   ; Auto                                  ; Auto                                  ;
; Equivalent RAM and MLAB Paused Read Capabilities                   ; Care                                  ; Care                                  ;
; Power Optimization During Fitting                                  ; Normal compilation                    ; Normal compilation                    ;
; SSN Optimization                                                   ; Off                                   ; Off                                   ;
; Optimize Timing                                                    ; Normal compilation                    ; Normal compilation                    ;
; Optimize Timing for ECOs                                           ; Off                                   ; Off                                   ;
; Regenerate Full Fit Report During ECO Compiles                     ; Off                                   ; Off                                   ;
; Optimize IOC Register Placement for Timing                         ; Normal                                ; Normal                                ;
; Final Placement Optimizations                                      ; Automatically                         ; Automatically                         ;
; Fitter Aggressive Routability Optimizations                        ; Automatically                         ; Automatically                         ;
; Fitter Initial Placement Seed                                      ; 1                                     ; 1                                     ;
; Periphery to Core Placement and Routing Optimization               ; Off                                   ; Off                                   ;
; Weak Pull-Up Resistor                                              ; Off                                   ; Off                                   ;
; Enable Bus-Hold Circuitry                                          ; Off                                   ; Off                                   ;
; Auto Packed Registers                                              ; Auto                                  ; Auto                                  ;
; Auto Delay Chains                                                  ; On                                    ; On                                    ;
; Auto Delay Chains for High Fanout Input Pins                       ; Off                                   ; Off                                   ;
; Treat Bidirectional Pin as Output Pin                              ; Off                                   ; Off                                   ;
; Perform Physical Synthesis for Combinational Logic for Fitting     ; Off                                   ; Off                                   ;
; Perform Physical Synthesis for Combinational Logic for Performance ; Off                                   ; Off                                   ;
; Perform Register Duplication for Performance                       ; Off                                   ; Off                                   ;
; Perform Register Retiming for Performance                          ; Off                                   ; Off                                   ;
; Perform Asynchronous Signal Pipelining                             ; Off                                   ; Off                                   ;
; Fitter Effort                                                      ; Auto Fit                              ; Auto Fit                              ;
; Physical Synthesis Effort Level                                    ; Normal                                ; Normal                                ;
; Logic Cell Insertion - Logic Duplication                           ; Auto                                  ; Auto                                  ;
; Auto Register Duplication                                          ; Auto                                  ; Auto                                  ;
; Auto Global Clock                                                  ; On                                    ; On                                    ;
; Auto Global Register Control Signals                               ; On                                    ; On                                    ;
; Reserve all unused pins                                            ; As input tri-stated with weak pull-up ; As input tri-stated with weak pull-up ;
; Synchronizer Identification                                        ; Auto                                  ; Auto                                  ;
; Enable Beneficial Skew Optimization                                ; On                                    ; On                                    ;
; Optimize Design for Metastability                                  ; On                                    ; On                                    ;
; Active Serial clock source                                         ; FREQ_100MHz                           ; FREQ_100MHz                           ;
; Force Fitter to Avoid Periphery Placement Warnings                 ; Off                                   ; Off                                   ;
; Clamping Diode                                                     ; Off                                   ; Off                                   ;
; Enable input tri-state on active configuration pins in user mode   ; Off                                   ; Off                                   ;
; Advanced Physical Optimization                                     ; On                                    ; On                                    ;
+--------------------------------------------------------------------+---------------------------------------+---------------------------------------+


+------------------------------------------+
; Parallel Compilation                     ;
+----------------------------+-------------+
; Processors                 ; Number      ;
+----------------------------+-------------+
; Number detected on machine ; 8           ;
; Maximum allowed            ; 4           ;
;                            ;             ;
; Average used               ; 1.11        ;
; Maximum used               ; 4           ;
;                            ;             ;
; Usage by Processor         ; % Time Used ;
;     Processor 1            ; 100.0%      ;
;     Processor 2            ;   3.7%      ;
;     Processor 3            ;   3.7%      ;
;     Processor 4            ;   3.6%      ;
+----------------------------+-------------+


+-----------------------------------------------------------------------------------------------------------------------------------------------------------+
; Fitter Netlist Optimizations                                                                                                                              ;
+-------------+---------+-----------+----------------------------+-----------+----------------+------------------+------------------+-----------------------+
; Node        ; Action  ; Operation ; Reason                     ; Node Port ; Node Port Name ; Destination Node ; Destination Port ; Destination Port Name ;
+-------------+---------+-----------+----------------------------+-----------+----------------+------------------+------------------+-----------------------+
; clk~CLKENA0 ; Created ; Placement ; Fitter Periphery Placement ;           ;                ;                  ;                  ;                       ;
+-------------+---------+-----------+----------------------------+-----------+----------------+------------------+------------------+-----------------------+


+---------------------------------------------------------------------------------------------------+
; Incremental Compilation Preservation Summary                                                      ;
+---------------------+---------------------+----------------------------+--------------------------+
; Type                ; Total [A + B]       ; From Design Partitions [A] ; From Rapid Recompile [B] ;
+---------------------+---------------------+----------------------------+--------------------------+
; Placement (by node) ;                     ;                            ;                          ;
;     -- Requested    ; 0.00 % ( 0 / 3288 ) ; 0.00 % ( 0 / 3288 )        ; 0.00 % ( 0 / 3288 )      ;
;     -- Achieved     ; 0.00 % ( 0 / 3288 ) ; 0.00 % ( 0 / 3288 )        ; 0.00 % ( 0 / 3288 )      ;
;                     ;                     ;                            ;                          ;
; Routing (by net)    ;                     ;                            ;                          ;
;     -- Requested    ; 0.00 % ( 0 / 0 )    ; 0.00 % ( 0 / 0 )           ; 0.00 % ( 0 / 0 )         ;
;     -- Achieved     ; 0.00 % ( 0 / 0 )    ; 0.00 % ( 0 / 0 )           ; 0.00 % ( 0 / 0 )         ;
+---------------------+---------------------+----------------------------+--------------------------+


+----------------------------------------------------------------------------------------------------------------------------------------------------------------------------------------+
; Incremental Compilation Partition Settings                                                                                                                                             ;
+--------------------------------+----------------+-------------------+-------------------------+------------------------+------------------------------+--------------------------------+
; Partition Name                 ; Partition Type ; Netlist Type Used ; Preservation Level Used ; Netlist Type Requested ; Preservation Level Requested ; Contents                       ;
+--------------------------------+----------------+-------------------+-------------------------+------------------------+------------------------------+--------------------------------+
; Top                            ; User-created   ; Source File       ; N/A                     ; Source File            ; N/A                          ;                                ;
; hard_block:auto_generated_inst ; Auto-generated ; Source File       ; N/A                     ; Source File            ; N/A                          ; hard_block:auto_generated_inst ;
+--------------------------------+----------------+-------------------+-------------------------+------------------------+------------------------------+--------------------------------+


+------------------------------------------------------------------------------------------------------------------------------------+
; Incremental Compilation Placement Preservation                                                                                     ;
+--------------------------------+-----------------------+-------------------------+-------------------+---------------------+-------+
; Partition Name                 ; Preservation Achieved ; Preservation Level Used ; Netlist Type Used ; Preservation Method ; Notes ;
+--------------------------------+-----------------------+-------------------------+-------------------+---------------------+-------+
; Top                            ; 0.00 % ( 0 / 3288 )   ; N/A                     ; Source File       ; N/A                 ;       ;
; hard_block:auto_generated_inst ; 0.00 % ( 0 / 0 )      ; N/A                     ; Source File       ; N/A                 ;       ;
+--------------------------------+-----------------------+-------------------------+-------------------+---------------------+-------+


+--------------+
; Pin-Out File ;
+--------------+
The pin-out file can be found in C:/Shubham/MS/Research/projects/lab3/synth/output_files/matmul_synth.pin.


+-------------------------------------------------------------------------------------------+
; Fitter Resource Usage Summary                                                             ;
+-------------------------------------------------------------+---------------------+-------+
; Resource                                                    ; Usage               ; %     ;
+-------------------------------------------------------------+---------------------+-------+
; Logic utilization (ALMs needed / total ALMs on device)      ; 1,479 / 113,560     ; 1 %   ;
; ALMs needed [=A-B+C]                                        ; 1,479               ;       ;
;     [A] ALMs used in final placement [=a+b+c+d]             ; 1,403 / 113,560     ; 1 %   ;
;         [a] ALMs used for LUT logic and registers           ; 223                 ;       ;
;         [b] ALMs used for LUT logic                         ; 957                 ;       ;
;         [c] ALMs used for registers                         ; 223                 ;       ;
;         [d] ALMs used for memory (up to half of total ALMs) ; 0                   ;       ;
;     [B] Estimate of ALMs recoverable by dense packing       ; 119 / 113,560       ; < 1 % ;
;     [C] Estimate of ALMs unavailable [=a+b+c+d]             ; 195 / 113,560       ; < 1 % ;
;         [a] Due to location constrained logic               ; 0                   ;       ;
;         [b] Due to LAB-wide signal conflicts                ; 1                   ;       ;
;         [c] Due to LAB input limits                         ; 3                   ;       ;
;         [d] Due to virtual I/Os                             ; 191                 ;       ;
;                                                             ;                     ;       ;
; Difficulty packing design                                   ; Low                 ;       ;
;                                                             ;                     ;       ;
; Total LABs:  partially or completely used                   ; 185 / 11,356        ; 2 %   ;
;     -- Logic LABs                                           ; 185                 ;       ;
;     -- Memory LABs (up to half of total LABs)               ; 0                   ;       ;
;                                                             ;                     ;       ;
; Combinational ALUT usage for logic                          ; 1,998               ;       ;
;     -- 7 input functions                                    ; 0                   ;       ;
;     -- 6 input functions                                    ; 401                 ;       ;
;     -- 5 input functions                                    ; 387                 ;       ;
;     -- 4 input functions                                    ; 433                 ;       ;
;     -- <=3 input functions                                  ; 777                 ;       ;
; Combinational ALUT usage for route-throughs                 ; 251                 ;       ;
;                                                             ;                     ;       ;
; Dedicated logic registers                                   ; 891                 ;       ;
;     -- By type:                                             ;                     ;       ;
;         -- Primary logic registers                          ; 890 / 227,120       ; < 1 % ;
;         -- Secondary logic registers                        ; 1 / 227,120         ; < 1 % ;
;     -- By function:                                         ;                     ;       ;
;         -- Design implementation registers                  ; 891                 ;       ;
;         -- Routing optimization registers                   ; 0                   ;       ;
;                                                             ;                     ;       ;
; Virtual pins                                                ; 382                 ;       ;
; I/O pins                                                    ; 0 / 616             ; 0 %   ;
;     -- Clock pins                                           ; 0 / 16              ; 0 %   ;
;     -- Dedicated input pins                                 ; 0 / 35              ; 0 %   ;
;                                                             ;                     ;       ;
; M10K blocks                                                 ; 0 / 1,220           ; 0 %   ;
; Total MLAB memory bits                                      ; 0                   ;       ;
; Total block memory bits                                     ; 0 / 12,492,800      ; 0 %   ;
; Total block memory implementation bits                      ; 0 / 12,492,800      ; 0 %   ;
;                                                             ;                     ;       ;
; Total DSP Blocks                                            ; 16 / 342            ; 5 %   ;
;                                                             ;                     ;       ;
; Fractional PLLs                                             ; 0 / 8               ; 0 %   ;
; Global signals                                              ; 1                   ;       ;
;     -- Global clocks                                        ; 1 / 16              ; 6 %   ;
;     -- Quadrant clocks                                      ; 0 / 88              ; 0 %   ;
;     -- Horizontal periphery clocks                          ; 0 / 24              ; 0 %   ;
; SERDES Transmitters                                         ; 0 / 140             ; 0 %   ;
; SERDES Receivers                                            ; 0 / 140             ; 0 %   ;
; JTAGs                                                       ; 0 / 1               ; 0 %   ;
; ASMI blocks                                                 ; 0 / 1               ; 0 %   ;
; CRC blocks                                                  ; 0 / 1               ; 0 %   ;
; Remote update blocks                                        ; 0 / 1               ; 0 %   ;
; Oscillator blocks                                           ; 0 / 1               ; 0 %   ;
; Hard IPs                                                    ; 0 / 2               ; 0 %   ;
; Standard RX PCSs                                            ; 0 / 12              ; 0 %   ;
; HSSI PMA RX Deserializers                                   ; 0 / 12              ; 0 %   ;
; Standard TX PCSs                                            ; 0 / 12              ; 0 %   ;
; HSSI PMA TX Serializers                                     ; 0 / 12              ; 0 %   ;
; Channel PLLs                                                ; 0 / 12              ; 0 %   ;
; Impedance control blocks                                    ; 0 / 3               ; 0 %   ;
; Hard Memory Controllers                                     ; 0 / 2               ; 0 %   ;
; Average interconnect usage (total/H/V)                      ; 0.4% / 0.4% / 0.3%  ;       ;
; Peak interconnect usage (total/H/V)                         ; 9.8% / 10.1% / 8.7% ;       ;
; Maximum fan-out                                             ; 891                 ;       ;
; Highest non-global fan-out                                  ; 544                 ;       ;
; Total fan-out                                               ; 11533               ;       ;
; Average fan-out                                             ; 3.26                ;       ;
+-------------------------------------------------------------+---------------------+-------+


+-----------------------------------------------------------------------------------------------------------------------+
; Fitter Partition Statistics                                                                                           ;
+-------------------------------------------------------------+------------------------+--------------------------------+
; Statistic                                                   ; Top                    ; hard_block:auto_generated_inst ;
+-------------------------------------------------------------+------------------------+--------------------------------+
; Logic utilization (ALMs needed / total ALMs on device)      ; 1479 / 113560 ( 1 % )  ; 0 / 113560 ( 0 % )             ;
; ALMs needed [=A-B+C]                                        ; 1479                   ; 0                              ;
;     [A] ALMs used in final placement [=a+b+c+d]             ; 1403 / 113560 ( 1 % )  ; 0 / 113560 ( 0 % )             ;
;         [a] ALMs used for LUT logic and registers           ; 223                    ; 0                              ;
;         [b] ALMs used for LUT logic                         ; 957                    ; 0                              ;
;         [c] ALMs used for registers                         ; 223                    ; 0                              ;
;         [d] ALMs used for memory (up to half of total ALMs) ; 0                      ; 0                              ;
;     [B] Estimate of ALMs recoverable by dense packing       ; 119 / 113560 ( < 1 % ) ; 0 / 113560 ( 0 % )             ;
;     [C] Estimate of ALMs unavailable [=a+b+c+d]             ; 195 / 113560 ( < 1 % ) ; 0 / 113560 ( 0 % )             ;
;         [a] Due to location constrained logic               ; 0                      ; 0                              ;
;         [b] Due to LAB-wide signal conflicts                ; 1                      ; 0                              ;
;         [c] Due to LAB input limits                         ; 3                      ; 0                              ;
;         [d] Due to virtual I/Os                             ; 191                    ; 0                              ;
;                                                             ;                        ;                                ;
; Difficulty packing design                                   ; Low                    ; Low                            ;
;                                                             ;                        ;                                ;
; Total LABs:  partially or completely used                   ; 185 / 11356 ( 2 % )    ; 0 / 11356 ( 0 % )              ;
;     -- Logic LABs                                           ; 185                    ; 0                              ;
;     -- Memory LABs (up to half of total LABs)               ; 0                      ; 0                              ;
;                                                             ;                        ;                                ;
; Combinational ALUT usage for logic                          ; 1998                   ; 0                              ;
;     -- 7 input functions                                    ; 0                      ; 0                              ;
;     -- 6 input functions                                    ; 401                    ; 0                              ;
;     -- 5 input functions                                    ; 387                    ; 0                              ;
;     -- 4 input functions                                    ; 433                    ; 0                              ;
;     -- <=3 input functions                                  ; 777                    ; 0                              ;
; Combinational ALUT usage for route-throughs                 ; 251                    ; 0                              ;
; Memory ALUT usage                                           ; 0                      ; 0                              ;
;     -- 64-address deep                                      ; 0                      ; 0                              ;
;     -- 32-address deep                                      ; 0                      ; 0                              ;
;                                                             ;                        ;                                ;
; Dedicated logic registers                                   ; 0                      ; 0                              ;
;     -- By type:                                             ;                        ;                                ;
;         -- Primary logic registers                          ; 890 / 227120 ( < 1 % ) ; 0 / 227120 ( 0 % )             ;
;         -- Secondary logic registers                        ; 1 / 227120 ( < 1 % )   ; 0 / 227120 ( 0 % )             ;
;     -- By function:                                         ;                        ;                                ;
;         -- Design implementation registers                  ; 891                    ; 0                              ;
;         -- Routing optimization registers                   ; 0                      ; 0                              ;
;                                                             ;                        ;                                ;
;                                                             ;                        ;                                ;
; Virtual pins                                                ; 382                    ; 0                              ;
; I/O pins                                                    ; 0                      ; 0                              ;
; I/O registers                                               ; 0                      ; 0                              ;
; Total block memory bits                                     ; 0                      ; 0                              ;
; Total block memory implementation bits                      ; 0                      ; 0                              ;
; DSP block                                                   ; 16 / 342 ( 4 % )       ; 0 / 342 ( 0 % )                ;
; Clock enable block                                          ; 1 / 128 ( < 1 % )      ; 0 / 128 ( 0 % )                ;
;                                                             ;                        ;                                ;
; Connections                                                 ;                        ;                                ;
;     -- Input Connections                                    ; 0                      ; 0                              ;
;     -- Registered Input Connections                         ; 0                      ; 0                              ;
;     -- Output Connections                                   ; 0                      ; 0                              ;
;     -- Registered Output Connections                        ; 0                      ; 0                              ;
;                                                             ;                        ;                                ;
; Internal Connections                                        ;                        ;                                ;
;     -- Total Connections                                    ; 11814                  ; 0                              ;
;     -- Registered Connections                               ; 3499                   ; 0                              ;
;                                                             ;                        ;                                ;
; External Connections                                        ;                        ;                                ;
;     -- Top                                                  ; 0                      ; 0                              ;
;     -- hard_block:auto_generated_inst                       ; 0                      ; 0                              ;
;                                                             ;                        ;                                ;
; Partition Interface                                         ;                        ;                                ;
;     -- Input Ports                                          ; 254                    ; 0                              ;
;     -- Output Ports                                         ; 128                    ; 0                              ;
;     -- Bidir Ports                                          ; 0                      ; 0                              ;
;                                                             ;                        ;                                ;
; Registered Ports                                            ;                        ;                                ;
;     -- Registered Input Ports                               ; 0                      ; 0                              ;
;     -- Registered Output Ports                              ; 0                      ; 0                              ;
;                                                             ;                        ;                                ;
; Port Connectivity                                           ;                        ;                                ;
;     -- Input Ports driven by GND                            ; 0                      ; 0                              ;
;     -- Output Ports driven by GND                           ; 0                      ; 0                              ;
;     -- Input Ports driven by VCC                            ; 0                      ; 0                              ;
;     -- Output Ports driven by VCC                           ; 0                      ; 0                              ;
;     -- Input Ports with no Source                           ; 0                      ; 0                              ;
;     -- Output Ports with no Source                          ; 0                      ; 0                              ;
;     -- Input Ports with no Fanout                           ; 0                      ; 0                              ;
;     -- Output Ports with no Fanout                          ; 0                      ; 0                              ;
+-------------------------------------------------------------+------------------------+--------------------------------+


+--------------------------------------------------------------------------+
; I/O Bank Usage                                                           ;
+----------+----------------+---------------+--------------+---------------+
; I/O Bank ; Usage          ; VCCIO Voltage ; VREF Voltage ; VCCPD Voltage ;
+----------+----------------+---------------+--------------+---------------+
; B3L      ; 0 / 14 ( 0 % ) ; --            ; --           ; --            ;
; B2L      ; 0 / 14 ( 0 % ) ; --            ; --           ; --            ;
; B1L      ; 0 / 14 ( 0 % ) ; --            ; --           ; --            ;
; B0L      ; 0 / 14 ( 0 % ) ; --            ; --           ; --            ;
; 3A       ; 0 / 48 ( 0 % ) ; 2.5V          ; --           ; 2.5V          ;
; 3B       ; 0 / 48 ( 0 % ) ; 2.5V          ; --           ; 2.5V          ;
; 4A       ; 0 / 96 ( 0 % ) ; 2.5V          ; --           ; 2.5V          ;
; 5A       ; 0 / 48 ( 0 % ) ; 2.5V          ; --           ; 2.5V          ;
; 5B       ; 0 / 48 ( 0 % ) ; 2.5V          ; --           ; 2.5V          ;
; 6A       ; 0 / 80 ( 0 % ) ; 2.5V          ; --           ; 2.5V          ;
; 7A       ; 0 / 96 ( 0 % ) ; 2.5V          ; --           ; 2.5V          ;
; 8A       ; 0 / 96 ( 0 % ) ; 2.5V          ; --           ; 2.5V          ;
+----------+----------------+---------------+--------------+---------------+


+-----------------------------------------------------------------------------------------------------------------------------------------------------------------------------+
; All Package Pins                                                                                                                                                            ;
+----------+------------+----------+---------------------------------+--------+--------------+---------------------+--------------+-----------------+----------+--------------+
; Location ; Pad Number ; I/O Bank ; Pin Name/Usage                  ; Dir.   ; I/O Standard ; Voltage             ; I/O Type     ; User Assignment ; Bus Hold ; Weak Pull Up ;
+----------+------------+----------+---------------------------------+--------+--------------+---------------------+--------------+-----------------+----------+--------------+
; A2       ; 604        ; 8A       ; RESERVED_INPUT_WITH_WEAK_PULLUP ;        ;              ;                     ; Column I/O   ;                 ; no       ; On           ;
; A3       ; 594        ; 8A       ; RESERVED_INPUT_WITH_WEAK_PULLUP ;        ;              ;                     ; Column I/O   ;                 ; no       ; On           ;
; A4       ;            ;          ; GND                             ; gnd    ;              ;                     ; --           ;                 ; --       ; --           ;
; A5       ; 582        ; 8A       ; RESERVED_INPUT_WITH_WEAK_PULLUP ;        ;              ;                     ; Column I/O   ;                 ; no       ; On           ;
; A6       ; 566        ; 8A       ; RESERVED_INPUT_WITH_WEAK_PULLUP ;        ;              ;                     ; Column I/O   ;                 ; no       ; On           ;
; A7       ; 564        ; 8A       ; RESERVED_INPUT_WITH_WEAK_PULLUP ;        ;              ;                     ; Column I/O   ;                 ; no       ; On           ;
; A8       ; 569        ; 8A       ; RESERVED_INPUT_WITH_WEAK_PULLUP ;        ;              ;                     ; Column I/O   ;                 ; no       ; On           ;
; A9       ;            ;          ; GND                             ; gnd    ;              ;                     ; --           ;                 ; --       ; --           ;
; A10      ; 562        ; 8A       ; RESERVED_INPUT_WITH_WEAK_PULLUP ;        ;              ;                     ; Column I/O   ;                 ; no       ; On           ;
; A11      ; 550        ; 8A       ; RESERVED_INPUT_WITH_WEAK_PULLUP ;        ;              ;                     ; Column I/O   ;                 ; no       ; On           ;
; A12      ; 548        ; 8A       ; RESERVED_INPUT_WITH_WEAK_PULLUP ;        ;              ;                     ; Column I/O   ;                 ; no       ; On           ;
; A13      ; 554        ; 8A       ; RESERVED_INPUT_WITH_WEAK_PULLUP ;        ;              ;                     ; Column I/O   ;                 ; no       ; On           ;
; A14      ;            ; 8A       ; VCCIO8A                         ; power  ;              ; 2.5V                ; --           ;                 ; --       ; --           ;
; A15      ; 546        ; 8A       ; RESERVED_INPUT_WITH_WEAK_PULLUP ;        ;              ;                     ; Column I/O   ;                 ; no       ; On           ;
; A16      ; 542        ; 8A       ; RESERVED_INPUT_WITH_WEAK_PULLUP ;        ;              ;                     ; Column I/O   ;                 ; no       ; On           ;
; A17      ; 540        ; 8A       ; RESERVED_INPUT_WITH_WEAK_PULLUP ;        ;              ;                     ; Column I/O   ;                 ; no       ; On           ;
; A18      ; 538        ; 8A       ; RESERVED_INPUT_WITH_WEAK_PULLUP ;        ;              ;                     ; Column I/O   ;                 ; no       ; On           ;
; A19      ;            ;          ; GND                             ; gnd    ;              ;                     ; --           ;                 ; --       ; --           ;
; A20      ; 530        ; 7A       ; RESERVED_INPUT_WITH_WEAK_PULLUP ;        ;              ;                     ; Column I/O   ;                 ; no       ; On           ;
; A21      ; 528        ; 7A       ; RESERVED_INPUT_WITH_WEAK_PULLUP ;        ;              ;                     ; Column I/O   ;                 ; no       ; On           ;
; A22      ; 522        ; 7A       ; RESERVED_INPUT_WITH_WEAK_PULLUP ;        ;              ;                     ; Column I/O   ;                 ; no       ; On           ;
; A23      ; 520        ; 7A       ; RESERVED_INPUT_WITH_WEAK_PULLUP ;        ;              ;                     ; Column I/O   ;                 ; no       ; On           ;
; A24      ;            ; 7A       ; VCCIO7A                         ; power  ;              ; 2.5V                ; --           ;                 ; --       ; --           ;
; A25      ; 514        ; 7A       ; RESERVED_INPUT_WITH_WEAK_PULLUP ;        ;              ;                     ; Column I/O   ;                 ; no       ; On           ;
; A26      ; 512        ; 7A       ; RESERVED_INPUT_WITH_WEAK_PULLUP ;        ;              ;                     ; Column I/O   ;                 ; no       ; On           ;
; A27      ; 502        ; 7A       ; RESERVED_INPUT_WITH_WEAK_PULLUP ;        ;              ;                     ; Column I/O   ;                 ; no       ; On           ;
; A28      ; 500        ; 7A       ; RESERVED_INPUT_WITH_WEAK_PULLUP ;        ;              ;                     ; Column I/O   ;                 ; no       ; On           ;
; A29      ;            ;          ; GND                             ; gnd    ;              ;                     ; --           ;                 ; --       ; --           ;
; A30      ;            ;          ; NC                              ;        ;              ;                     ; --           ;                 ; --       ; --           ;
; A31      ;            ;          ; NC                              ;        ;              ;                     ; --           ;                 ; --       ; --           ;
; A32      ;            ;          ; NC                              ;        ;              ;                     ; --           ;                 ; --       ; --           ;
; A33      ;            ;          ; NC                              ;        ;              ;                     ; --           ;                 ; --       ; --           ;
; AA1      ; 37         ; B1L      ; GND                             ;        ;              ;                     ; --           ;                 ; --       ; --           ;
; AA2      ; 36         ; B1L      ; GND                             ;        ;              ;                     ; --           ;                 ; --       ; --           ;
; AA3      ;            ;          ; GND                             ; gnd    ;              ;                     ; --           ;                 ; --       ; --           ;
; AA4      ;            ;          ; GND                             ; gnd    ;              ;                     ; --           ;                 ; --       ; --           ;
; AA5      ;            ;          ; GND                             ; gnd    ;              ;                     ; --           ;                 ; --       ; --           ;
; AA6      ;            ;          ; GND                             ; gnd    ;              ;                     ; --           ;                 ; --       ; --           ;
; AA7      ;            ; --       ; VCCL_GXBL                       ; power  ;              ; 1.1V                ; --           ;                 ; --       ; --           ;
; AA8      ;            ;          ; GND                             ; gnd    ;              ;                     ; --           ;                 ; --       ; --           ;
; AA9      ;            ; --       ; VCCE_GXBL                       ; power  ;              ; 1.1V                ; --           ;                 ; --       ; --           ;
; AA10     ;            ;          ; GND                             ; gnd    ;              ;                     ; --           ;                 ; --       ; --           ;
; AA11     ; 54         ; B0L      ; GND                             ;        ;              ;                     ; Row I/O      ;                 ; --       ; --           ;
; AA12     ;            ;          ; GND                             ; gnd    ;              ;                     ; --           ;                 ; --       ; --           ;
; AA13     ;            ; --       ; VCC                             ; power  ;              ; 1.1V                ; --           ;                 ; --       ; --           ;
; AA14     ;            ;          ; GND                             ; gnd    ;              ;                     ; --           ;                 ; --       ; --           ;
; AA15     ; 112        ; 3A       ; RESERVED_INPUT_WITH_WEAK_PULLUP ;        ;              ;                     ; Column I/O   ;                 ; no       ; On           ;
; AA16     ; 136        ; 3B       ; RESERVED_INPUT_WITH_WEAK_PULLUP ;        ;              ;                     ; Column I/O   ;                 ; no       ; On           ;
; AA17     ; 150        ; 3B       ; RESERVED_INPUT_WITH_WEAK_PULLUP ;        ;              ;                     ; Column I/O   ;                 ; no       ; On           ;
; AA18     ; 152        ; 3B       ; RESERVED_INPUT_WITH_WEAK_PULLUP ;        ;              ;                     ; Column I/O   ;                 ; no       ; On           ;
; AA19     ;            ;          ; GND                             ; gnd    ;              ;                     ; --           ;                 ; --       ; --           ;
; AA20     ; 214        ; 4A       ; RESERVED_INPUT_WITH_WEAK_PULLUP ;        ;              ;                     ; Column I/O   ;                 ; no       ; On           ;
; AA21     ; 267        ; 5A       ; RESERVED_INPUT_WITH_WEAK_PULLUP ;        ;              ;                     ; Row I/O      ;                 ; no       ; On           ;
; AA22     ; 269        ; 5A       ; RESERVED_INPUT_WITH_WEAK_PULLUP ;        ;              ;                     ; Row I/O      ;                 ; no       ; On           ;
; AA23     ; 282        ; 5A       ; RESERVED_INPUT_WITH_WEAK_PULLUP ;        ;              ;                     ; Row I/O      ;                 ; no       ; On           ;
; AA24     ;            ; 5A       ; VCCIO5A                         ; power  ;              ; 2.5V                ; --           ;                 ; --       ; --           ;
; AA25     ; 276        ; 5A       ; RESERVED_INPUT_WITH_WEAK_PULLUP ;        ;              ;                     ; Row I/O      ;                 ; no       ; On           ;
; AA26     ;            ; 5A       ; VCCPD5A                         ; power  ;              ; 2.5V                ; --           ;                 ; --       ; --           ;
; AA27     ; 290        ; 5A       ; RESERVED_INPUT_WITH_WEAK_PULLUP ;        ;              ;                     ; Row I/O      ;                 ; no       ; On           ;
; AA28     ; 292        ; 5A       ; RESERVED_INPUT_WITH_WEAK_PULLUP ;        ;              ;                     ; Row I/O      ;                 ; no       ; On           ;
; AA29     ;            ;          ; GND                             ; gnd    ;              ;                     ; --           ;                 ; --       ; --           ;
; AA30     ; 288        ; 5A       ; RESERVED_INPUT_WITH_WEAK_PULLUP ;        ;              ;                     ; Row I/O      ;                 ; no       ; On           ;
; AA31     ; 323        ; 5B       ; RESERVED_INPUT_WITH_WEAK_PULLUP ;        ;              ;                     ; Row I/O      ;                 ; no       ; On           ;
; AA32     ; 306        ; 5B       ; RESERVED_INPUT_WITH_WEAK_PULLUP ;        ;              ;                     ; Row I/O      ;                 ; no       ; On           ;
; AA33     ; 357        ; 6A       ; RESERVED_INPUT_WITH_WEAK_PULLUP ;        ;              ;                     ; Row I/O      ;                 ; no       ; On           ;
; AA34     ;            ;          ; GND                             ; gnd    ;              ;                     ; --           ;                 ; --       ; --           ;
; AB1      ;            ;          ; GND                             ; gnd    ;              ;                     ; --           ;                 ; --       ; --           ;
; AB2      ;            ;          ; GND                             ; gnd    ;              ;                     ; --           ;                 ; --       ; --           ;
; AB3      ; 38         ; B1L      ; GXB_NC                          ;        ;              ;                     ; --           ;                 ; --       ; --           ;
; AB4      ; 39         ; B1L      ; GXB_NC                          ;        ;              ;                     ; --           ;                 ; --       ; --           ;
; AB5      ;            ;          ; GND                             ; gnd    ;              ;                     ; --           ;                 ; --       ; --           ;
; AB6      ;            ;          ; GND                             ; gnd    ;              ;                     ; --           ;                 ; --       ; --           ;
; AB7      ;            ;          ; GND                             ; gnd    ;              ;                     ; --           ;                 ; --       ; --           ;
; AB8      ;            ; --       ; VCCH_GXBL                       ; power  ;              ; 2.5V                ; --           ;                 ; --       ; --           ;
; AB9      ;            ;          ; GND                             ; gnd    ;              ;                     ; --           ;                 ; --       ; --           ;
; AB10     ; 55         ; B0L      ; GND                             ;        ;              ;                     ; Row I/O      ;                 ; --       ; --           ;
; AB11     ;            ;          ; GND                             ; gnd    ;              ;                     ; --           ;                 ; --       ; --           ;
; AB12     ;            ;          ; GND                             ; gnd    ;              ;                     ; --           ;                 ; --       ; --           ;
; AB13     ; 86         ; 3A       ; RESERVED_INPUT_WITH_WEAK_PULLUP ;        ;              ;                     ; Column I/O   ;                 ; no       ; On           ;
; AB14     ; 88         ; 3A       ; RESERVED_INPUT_WITH_WEAK_PULLUP ;        ;              ;                     ; Column I/O   ;                 ; no       ; On           ;
; AB15     ; 110        ; 3A       ; RESERVED_INPUT_WITH_WEAK_PULLUP ;        ;              ;                     ; Column I/O   ;                 ; no       ; On           ;
; AB16     ; 134        ; 3B       ; RESERVED_INPUT_WITH_WEAK_PULLUP ;        ;              ;                     ; Column I/O   ;                 ; no       ; On           ;
; AB17     ;            ; 3B       ; VCCIO3B                         ; power  ;              ; 2.5V                ; --           ;                 ; --       ; --           ;
; AB18     ; 158        ; 3B       ; RESERVED_INPUT_WITH_WEAK_PULLUP ;        ;              ;                     ; Column I/O   ;                 ; no       ; On           ;
; AB19     ; 168        ; 4A       ; RESERVED_INPUT_WITH_WEAK_PULLUP ;        ;              ;                     ; Column I/O   ;                 ; no       ; On           ;
; AB20     ; 206        ; 4A       ; RESERVED_INPUT_WITH_WEAK_PULLUP ;        ;              ;                     ; Column I/O   ;                 ; no       ; On           ;
; AB21     ; 208        ; 4A       ; RESERVED_INPUT_WITH_WEAK_PULLUP ;        ;              ;                     ; Column I/O   ;                 ; no       ; On           ;
; AB22     ;            ;          ; GND                             ; gnd    ;              ;                     ; --           ;                 ; --       ; --           ;
; AB23     ; 265        ; 5A       ; RESERVED_INPUT_WITH_WEAK_PULLUP ;        ;              ;                     ; Row I/O      ;                 ; no       ; On           ;
; AB24     ; 263        ; 5A       ; RESERVED_INPUT_WITH_WEAK_PULLUP ;        ;              ;                     ; Row I/O      ;                 ; no       ; On           ;
; AB25     ; 274        ; 5A       ; RESERVED_INPUT_WITH_WEAK_PULLUP ;        ;              ;                     ; Row I/O      ;                 ; no       ; On           ;
; AB26     ;            ; 5A       ; VCCPD5A                         ; power  ;              ; 2.5V                ; --           ;                 ; --       ; --           ;
; AB27     ;            ; 5A       ; VCCIO5A                         ; power  ;              ; 2.5V                ; --           ;                 ; --       ; --           ;
; AB28     ; 278        ; 5A       ; RESERVED_INPUT_WITH_WEAK_PULLUP ;        ;              ;                     ; Row I/O      ;                 ; no       ; On           ;
; AB29     ; 280        ; 5A       ; RESERVED_INPUT_WITH_WEAK_PULLUP ;        ;              ;                     ; Row I/O      ;                 ; no       ; On           ;
; AB30     ; 286        ; 5A       ; RESERVED_INPUT_WITH_WEAK_PULLUP ;        ;              ;                     ; Row I/O      ;                 ; no       ; On           ;
; AB31     ; 325        ; 5B       ; RESERVED_INPUT_WITH_WEAK_PULLUP ;        ;              ;                     ; Row I/O      ;                 ; no       ; On           ;
; AB32     ;            ;          ; GND                             ; gnd    ;              ;                     ; --           ;                 ; --       ; --           ;
; AB33     ; 351        ; 5B       ; RESERVED_INPUT_WITH_WEAK_PULLUP ;        ;              ;                     ; Row I/O      ;                 ; no       ; On           ;
; AB34     ; 353        ; 5B       ; RESERVED_INPUT_WITH_WEAK_PULLUP ;        ;              ;                     ; Row I/O      ;                 ; no       ; On           ;
; AC1      ; 41         ; B1L      ; GND                             ;        ;              ;                     ; --           ;                 ; --       ; --           ;
; AC2      ; 40         ; B1L      ; GND                             ;        ;              ;                     ; --           ;                 ; --       ; --           ;
; AC3      ;            ;          ; GND                             ; gnd    ;              ;                     ; --           ;                 ; --       ; --           ;
; AC4      ;            ;          ; GND                             ; gnd    ;              ;                     ; --           ;                 ; --       ; --           ;
; AC5      ;            ;          ; GND                             ; gnd    ;              ;                     ; --           ;                 ; --       ; --           ;
; AC6      ;            ;          ; GND                             ; gnd    ;              ;                     ; --           ;                 ; --       ; --           ;
; AC7      ;            ; --       ; VCCL_GXBL                       ; power  ;              ; 1.1V                ; --           ;                 ; --       ; --           ;
; AC8      ;            ;          ; GND                             ; gnd    ;              ;                     ; --           ;                 ; --       ; --           ;
; AC9      ;            ; --       ; VCCE_GXBL                       ; power  ;              ; 1.1V                ; --           ;                 ; --       ; --           ;
; AC10     ;            ;          ; GND                             ; gnd    ;              ;                     ; --           ;                 ; --       ; --           ;
; AC11     ;            ; --       ; VCCA_FPLL                       ; power  ;              ; 2.5V                ; --           ;                 ; --       ; --           ;
; AC12     ; 78         ; 3A       ; RESERVED_INPUT_WITH_WEAK_PULLUP ;        ;              ;                     ; Column I/O   ;                 ; no       ; On           ;
; AC13     ; 80         ; 3A       ; RESERVED_INPUT_WITH_WEAK_PULLUP ;        ;              ;                     ; Column I/O   ;                 ; no       ; On           ;
; AC14     ; 102        ; 3A       ; RESERVED_INPUT_WITH_WEAK_PULLUP ;        ;              ;                     ; Column I/O   ;                 ; no       ; On           ;
; AC15     ;            ;          ; GND                             ; gnd    ;              ;                     ; --           ;                 ; --       ; --           ;
; AC16     ; 128        ; 3B       ; RESERVED_INPUT_WITH_WEAK_PULLUP ;        ;              ;                     ; Column I/O   ;                 ; no       ; On           ;
; AC17     ; 142        ; 3B       ; RESERVED_INPUT_WITH_WEAK_PULLUP ;        ;              ;                     ; Column I/O   ;                 ; no       ; On           ;
; AC18     ; 160        ; 3B       ; RESERVED_INPUT_WITH_WEAK_PULLUP ;        ;              ;                     ; Column I/O   ;                 ; no       ; On           ;
; AC19     ; 166        ; 4A       ; RESERVED_INPUT_WITH_WEAK_PULLUP ;        ;              ;                     ; Column I/O   ;                 ; no       ; On           ;
; AC20     ;            ; 4A       ; VCCIO4A                         ; power  ;              ; 2.5V                ; --           ;                 ; --       ; --           ;
; AC21     ; 232        ; 4A       ; RESERVED_INPUT_WITH_WEAK_PULLUP ;        ;              ;                     ; Column I/O   ;                 ; no       ; On           ;
; AC22     ; 248        ; 4A       ; RESERVED_INPUT_WITH_WEAK_PULLUP ;        ;              ;                     ; Column I/O   ;                 ; no       ; On           ;
; AC23     ; 259        ; 5A       ; RESERVED_INPUT_WITH_WEAK_PULLUP ;        ;              ;                     ; Row I/O      ;                 ; no       ; On           ;
; AC24     ; 261        ; 5A       ; RESERVED_INPUT_WITH_WEAK_PULLUP ;        ;              ;                     ; Row I/O      ;                 ; no       ; On           ;
; AC25     ;            ;          ; GND                             ; gnd    ;              ;                     ; --           ;                 ; --       ; --           ;
; AC26     ; 264        ; 5A       ; RESERVED_INPUT_WITH_WEAK_PULLUP ;        ;              ;                     ; Row I/O      ;                 ; no       ; On           ;
; AC27     ; 262        ; 5A       ; RESERVED_INPUT_WITH_WEAK_PULLUP ;        ;              ;                     ; Row I/O      ;                 ; no       ; On           ;
; AC28     ; 270        ; 5A       ; RESERVED_INPUT_WITH_WEAK_PULLUP ;        ;              ;                     ; Row I/O      ;                 ; no       ; On           ;
; AC29     ; 272        ; 5A       ; RESERVED_INPUT_WITH_WEAK_PULLUP ;        ;              ;                     ; Row I/O      ;                 ; no       ; On           ;
; AC30     ;            ; 5B       ; VCCIO5B                         ; power  ;              ; 2.5V                ; --           ;                 ; --       ; --           ;
; AC31     ; 318        ; 5B       ; RESERVED_INPUT_WITH_WEAK_PULLUP ;        ;              ;                     ; Row I/O      ;                 ; no       ; On           ;
; AC32     ; 320        ; 5B       ; RESERVED_INPUT_WITH_WEAK_PULLUP ;        ;              ;                     ; Row I/O      ;                 ; no       ; On           ;
; AC33     ; 342        ; 5B       ; RESERVED_INPUT_WITH_WEAK_PULLUP ;        ;              ;                     ; Row I/O      ;                 ; no       ; On           ;
; AC34     ; 344        ; 5B       ; RESERVED_INPUT_WITH_WEAK_PULLUP ;        ;              ;                     ; Row I/O      ;                 ; no       ; On           ;
; AD1      ;            ;          ; GND                             ; gnd    ;              ;                     ; --           ;                 ; --       ; --           ;
; AD2      ;            ;          ; GND                             ; gnd    ;              ;                     ; --           ;                 ; --       ; --           ;
; AD3      ; 42         ; B0L      ; GXB_NC                          ;        ;              ;                     ; --           ;                 ; --       ; --           ;
; AD4      ; 43         ; B0L      ; GXB_NC                          ;        ;              ;                     ; --           ;                 ; --       ; --           ;
; AD5      ;            ;          ; GND                             ; gnd    ;              ;                     ; --           ;                 ; --       ; --           ;
; AD6      ;            ;          ; GND                             ; gnd    ;              ;                     ; --           ;                 ; --       ; --           ;
; AD7      ;            ;          ; GND                             ; gnd    ;              ;                     ; --           ;                 ; --       ; --           ;
; AD8      ;            ; --       ; VCCE_GXBL                       ; power  ;              ; 1.1V                ; --           ;                 ; --       ; --           ;
; AD9      ;            ;          ; GND                             ; gnd    ;              ;                     ; --           ;                 ; --       ; --           ;
; AD10     ;            ;          ; GND                             ; gnd    ;              ;                     ; --           ;                 ; --       ; --           ;
; AD11     ; 66         ; 3A       ; RESERVED_INPUT_WITH_WEAK_PULLUP ;        ;              ;                     ; Column I/O   ;                 ; no       ; On           ;
; AD12     ; 68         ; 3A       ; RESERVED_INPUT_WITH_WEAK_PULLUP ;        ;              ;                     ; Column I/O   ;                 ; no       ; On           ;
; AD13     ;            ; 3A       ; VCCIO3A                         ; power  ;              ; 2.5V                ; --           ;                 ; --       ; --           ;
; AD14     ; 96         ; 3A       ; RESERVED_INPUT_WITH_WEAK_PULLUP ;        ;              ;                     ; Column I/O   ;                 ; no       ; On           ;
; AD15     ; 104        ; 3A       ; RESERVED_INPUT_WITH_WEAK_PULLUP ;        ;              ;                     ; Column I/O   ;                 ; no       ; On           ;
; AD16     ; 126        ; 3B       ; RESERVED_INPUT_WITH_WEAK_PULLUP ;        ;              ;                     ; Column I/O   ;                 ; no       ; On           ;
; AD17     ; 144        ; 3B       ; RESERVED_INPUT_WITH_WEAK_PULLUP ;        ;              ;                     ; Column I/O   ;                 ; no       ; On           ;
; AD18     ;            ;          ; GND                             ; gnd    ;              ;                     ; --           ;                 ; --       ; --           ;
; AD19     ; 184        ; 4A       ; RESERVED_INPUT_WITH_WEAK_PULLUP ;        ;              ;                     ; Column I/O   ;                 ; no       ; On           ;
; AD20     ; 192        ; 4A       ; RESERVED_INPUT_WITH_WEAK_PULLUP ;        ;              ;                     ; Column I/O   ;                 ; no       ; On           ;
; AD21     ; 230        ; 4A       ; RESERVED_INPUT_WITH_WEAK_PULLUP ;        ;              ;                     ; Column I/O   ;                 ; no       ; On           ;
; AD22     ; 246        ; 4A       ; RESERVED_INPUT_WITH_WEAK_PULLUP ;        ;              ;                     ; Column I/O   ;                 ; no       ; On           ;
; AD23     ;            ; 4A       ; VCCIO4A                         ; power  ;              ; 2.5V                ; --           ;                 ; --       ; --           ;
; AD24     ; 258        ; 5A       ; RESERVED_INPUT_WITH_WEAK_PULLUP ;        ;              ;                     ; Row I/O      ;                 ; no       ; On           ;
; AD25     ; 260        ; 5A       ; RESERVED_INPUT_WITH_WEAK_PULLUP ;        ;              ;                     ; Row I/O      ;                 ; no       ; On           ;
; AD26     ;            ; --       ; VCCA_FPLL                       ; power  ;              ; 2.5V                ; --           ;                 ; --       ; --           ;
; AD27     ;            ; --       ; VCCPGM                          ; power  ;              ; 1.8V/2.5V/3.0V/3.3V ; --           ;                 ; --       ; --           ;
; AD28     ;            ;          ; GND                             ; gnd    ;              ;                     ; --           ;                 ; --       ; --           ;
; AD29     ; 268        ; 5A       ; RESERVED_INPUT_WITH_WEAK_PULLUP ;        ;              ;                     ; Row I/O      ;                 ; no       ; On           ;
; AD30     ; 309        ; 5B       ; RESERVED_INPUT_WITH_WEAK_PULLUP ;        ;              ;                     ; Row I/O      ;                 ; no       ; On           ;
; AD31     ; 331        ; 5B       ; RESERVED_INPUT_WITH_WEAK_PULLUP ;        ;              ;                     ; Row I/O      ;                 ; no       ; On           ;
; AD32     ; 333        ; 5B       ; RESERVED_INPUT_WITH_WEAK_PULLUP ;        ;              ;                     ; Row I/O      ;                 ; no       ; On           ;
; AD33     ;            ; 5B       ; VCCIO5B                         ; power  ;              ; 2.5V                ; --           ;                 ; --       ; --           ;
; AD34     ; 349        ; 5B       ; RESERVED_INPUT_WITH_WEAK_PULLUP ;        ;              ;                     ; Row I/O      ;                 ; no       ; On           ;
; AE1      ; 45         ; B0L      ; GND                             ;        ;              ;                     ; --           ;                 ; --       ; --           ;
; AE2      ; 44         ; B0L      ; GND                             ;        ;              ;                     ; --           ;                 ; --       ; --           ;
; AE3      ;            ;          ; GND                             ; gnd    ;              ;                     ; --           ;                 ; --       ; --           ;
; AE4      ;            ;          ; GND                             ; gnd    ;              ;                     ; --           ;                 ; --       ; --           ;
; AE5      ;            ;          ; GND                             ; gnd    ;              ;                     ; --           ;                 ; --       ; --           ;
; AE6      ;            ;          ; GND                             ; gnd    ;              ;                     ; --           ;                 ; --       ; --           ;
; AE7      ;            ;          ; GND                             ; gnd    ;              ;                     ; --           ;                 ; --       ; --           ;
; AE8      ;            ;          ; GND                             ; gnd    ;              ;                     ; --           ;                 ; --       ; --           ;
; AE9      ;            ;          ; GND                             ; gnd    ;              ;                     ; --           ;                 ; --       ; --           ;
; AE10     ; 62         ; 3A       ; #TDI                            ; input  ;              ;                     ; --           ;                 ; --       ; --           ;
; AE11     ;            ;          ; GND                             ; gnd    ;              ;                     ; --           ;                 ; --       ; --           ;
; AE12     ;            ; --       ; VCC_AUX                         ; power  ;              ; 2.5V                ; --           ;                 ; --       ; --           ;
; AE13     ;            ; 3A       ; VCCPD3A                         ; power  ;              ; 2.5V                ; --           ;                 ; --       ; --           ;
; AE14     ; 94         ; 3A       ; RESERVED_INPUT_WITH_WEAK_PULLUP ;        ;              ;                     ; Column I/O   ;                 ; no       ; On           ;
; AE15     ;            ; 3A       ; VCCPD3A                         ; power  ;              ; 2.5V                ; --           ;                 ; --       ; --           ;
; AE16     ;            ; 3B       ; VCCIO3B                         ; power  ;              ; 2.5V                ; --           ;                 ; --       ; --           ;
; AE17     ;            ; 3B, 4A   ; VCCPD3B4A                       ; power  ;              ; 2.5V                ; --           ;                 ; --       ; --           ;
; AE18     ;            ; --       ; VCC_AUX                         ; power  ;              ; 2.5V                ; --           ;                 ; --       ; --           ;
; AE19     ; 182        ; 4A       ; RESERVED_INPUT_WITH_WEAK_PULLUP ;        ;              ;                     ; Column I/O   ;                 ; no       ; On           ;
; AE20     ; 190        ; 4A       ; RESERVED_INPUT_WITH_WEAK_PULLUP ;        ;              ;                     ; Column I/O   ;                 ; no       ; On           ;
; AE21     ;            ;          ; GND                             ; gnd    ;              ;                     ; --           ;                 ; --       ; --           ;
; AE22     ;            ; 3B, 4A   ; VCCPD3B4A                       ; power  ;              ; 2.5V                ; --           ;                 ; --       ; --           ;
; AE23     ; 240        ; 4A       ; RESERVED_INPUT_WITH_WEAK_PULLUP ;        ;              ;                     ; Column I/O   ;                 ; no       ; On           ;
; AE24     ;            ; --       ; VCC_AUX                         ; power  ;              ; 2.5V                ; --           ;                 ; --       ; --           ;
; AE25     ; 254        ; 4A       ; RESERVED_INPUT_WITH_WEAK_PULLUP ;        ;              ;                     ; Column I/O   ;                 ; no       ; On           ;
; AE26     ;            ; 5A       ; VCCIO5A                         ; power  ;              ; 2.5V                ; --           ;                 ; --       ; --           ;
; AE27     ;            ; 5A       ; VREFB5AN0                       ; power  ;              ;                     ; --           ;                 ; --       ; --           ;
; AE28     ; 279        ; 5A       ; RESERVED_INPUT_WITH_WEAK_PULLUP ;        ;              ;                     ; Row I/O      ;                 ; no       ; On           ;
; AE29     ; 266        ; 5A       ; RESERVED_INPUT_WITH_WEAK_PULLUP ;        ;              ;                     ; Row I/O      ;                 ; no       ; On           ;
; AE30     ; 307        ; 5B       ; RESERVED_INPUT_WITH_WEAK_PULLUP ;        ;              ;                     ; Row I/O      ;                 ; no       ; On           ;
; AE31     ;            ;          ; GND                             ; gnd    ;              ;                     ; --           ;                 ; --       ; --           ;
; AE32     ; 335        ; 5B       ; RESERVED_INPUT_WITH_WEAK_PULLUP ;        ;              ;                     ; Row I/O      ;                 ; no       ; On           ;
; AE33     ; 345        ; 5B       ; RESERVED_INPUT_WITH_WEAK_PULLUP ;        ;              ;                     ; Row I/O      ;                 ; no       ; On           ;
; AE34     ; 347        ; 5B       ; RESERVED_INPUT_WITH_WEAK_PULLUP ;        ;              ;                     ; Row I/O      ;                 ; no       ; On           ;
; AF1      ;            ;          ; GND                             ; gnd    ;              ;                     ; --           ;                 ; --       ; --           ;
; AF2      ;            ;          ; GND                             ; gnd    ;              ;                     ; --           ;                 ; --       ; --           ;
; AF3      ; 46         ; B0L      ; GXB_NC                          ;        ;              ;                     ; --           ;                 ; --       ; --           ;
; AF4      ; 47         ; B0L      ; GXB_NC                          ;        ;              ;                     ; --           ;                 ; --       ; --           ;
; AF5      ;            ;          ; GND                             ; gnd    ;              ;                     ; --           ;                 ; --       ; --           ;
; AF6      ;            ;          ; GND                             ; gnd    ;              ;                     ; --           ;                 ; --       ; --           ;
; AF7      ;            ;          ; GND                             ; gnd    ;              ;                     ; --           ;                 ; --       ; --           ;
; AF8      ;            ;          ; NC                              ;        ;              ;                     ; --           ;                 ; --       ; --           ;
; AF9      ;            ; 3A       ; VCCIO3A                         ; power  ;              ; 2.5V                ; --           ;                 ; --       ; --           ;
; AF10     ; 64         ; 3A       ; ^DCLK                           ;        ;              ;                     ; Weak Pull Up ;                 ; --       ; On           ;
; AF11     ; 56         ; 3A       ; #TDO                            ; output ;              ;                     ; --           ;                 ; --       ; --           ;
; AF12     ;            ; --       ; VCCPGM                          ; power  ;              ; 1.8V/2.5V/3.0V/3.3V ; --           ;                 ; --       ; --           ;
; AF13     ; 76         ; 3A       ; RESERVED_INPUT_WITH_WEAK_PULLUP ;        ;              ;                     ; Column I/O   ;                 ; no       ; On           ;
; AF14     ;            ;          ; GND                             ; gnd    ;              ;                     ; --           ;                 ; --       ; --           ;
; AF15     ;            ; 3B, 4A   ; VCCPD3B4A                       ; power  ;              ; 2.5V                ; --           ;                 ; --       ; --           ;
; AF16     ;            ; 3B, 4A   ; VCCPD3B4A                       ; power  ;              ; 2.5V                ; --           ;                 ; --       ; --           ;
; AF17     ;            ;          ; DNU                             ;        ;              ;                     ; --           ;                 ; --       ; --           ;
; AF18     ; 176        ; 4A       ; RESERVED_INPUT_WITH_WEAK_PULLUP ;        ;              ;                     ; Column I/O   ;                 ; no       ; On           ;
; AF19     ;            ; 4A       ; VCCIO4A                         ; power  ;              ; 2.5V                ; --           ;                 ; --       ; --           ;
; AF20     ;            ; 3B, 4A   ; VCCPD3B4A                       ; power  ;              ; 2.5V                ; --           ;                 ; --       ; --           ;
; AF21     ;            ; 3B, 4A   ; VCCPD3B4A                       ; power  ;              ; 2.5V                ; --           ;                 ; --       ; --           ;
; AF22     ; 224        ; 4A       ; RESERVED_INPUT_WITH_WEAK_PULLUP ;        ;              ;                     ; Column I/O   ;                 ; no       ; On           ;
; AF23     ; 238        ; 4A       ; RESERVED_INPUT_WITH_WEAK_PULLUP ;        ;              ;                     ; Column I/O   ;                 ; no       ; On           ;
; AF24     ;            ;          ; GND                             ; gnd    ;              ;                     ; --           ;                 ; --       ; --           ;
; AF25     ; 256        ; 4A       ; RESERVED_INPUT_WITH_WEAK_PULLUP ;        ;              ;                     ; Column I/O   ;                 ; no       ; On           ;
; AF26     ; 277        ; 5A       ; RESERVED_INPUT_WITH_WEAK_PULLUP ;        ;              ;                     ; Row I/O      ;                 ; no       ; On           ;
; AF27     ; 275        ; 5A       ; RESERVED_INPUT_WITH_WEAK_PULLUP ;        ;              ;                     ; Row I/O      ;                 ; no       ; On           ;
; AF28     ; 281        ; 5A       ; RESERVED_INPUT_WITH_WEAK_PULLUP ;        ;              ;                     ; Row I/O      ;                 ; no       ; On           ;
; AF29     ;            ; 5A       ; VCCIO5A                         ; power  ;              ; 2.5V                ; --           ;                 ; --       ; --           ;
; AF30     ; 296        ; 5A       ; RESERVED_INPUT_WITH_WEAK_PULLUP ;        ;              ;                     ; Row I/O      ;                 ; no       ; On           ;
; AF31     ; 317        ; 5B       ; RESERVED_INPUT_WITH_WEAK_PULLUP ;        ;              ;                     ; Row I/O      ;                 ; no       ; On           ;
; AF32     ; 337        ; 5B       ; RESERVED_INPUT_WITH_WEAK_PULLUP ;        ;              ;                     ; Row I/O      ;                 ; no       ; On           ;
; AF33     ; 343        ; 5B       ; RESERVED_INPUT_WITH_WEAK_PULLUP ;        ;              ;                     ; Row I/O      ;                 ; no       ; On           ;
; AF34     ;            ;          ; GND                             ; gnd    ;              ;                     ; --           ;                 ; --       ; --           ;
; AG1      ; 49         ; B0L      ; GND                             ;        ;              ;                     ; --           ;                 ; --       ; --           ;
; AG2      ; 48         ; B0L      ; GND                             ;        ;              ;                     ; --           ;                 ; --       ; --           ;
; AG3      ;            ;          ; GND                             ; gnd    ;              ;                     ; --           ;                 ; --       ; --           ;
; AG4      ;            ;          ; GND                             ; gnd    ;              ;                     ; --           ;                 ; --       ; --           ;
; AG5      ;            ;          ; GND                             ; gnd    ;              ;                     ; --           ;                 ; --       ; --           ;
; AG6      ;            ;          ; GND                             ; gnd    ;              ;                     ; --           ;                 ; --       ; --           ;
; AG7      ;            ;          ; GND                             ; gnd    ;              ;                     ; --           ;                 ; --       ; --           ;
; AG8      ;            ;          ; NC                              ;        ;              ;                     ; --           ;                 ; --       ; --           ;
; AG9      ;            ;          ; DNU                             ;        ;              ;                     ; --           ;                 ; --       ; --           ;
; AG10     ; 57         ; 3A       ; ^nCSO, DATA4                    ;        ;              ;                     ; Weak Pull Up ;                 ; --       ; On           ;
; AG11     ; 58         ; 3A       ; #TMS                            ; input  ;              ;                     ; --           ;                 ; --       ; --           ;
; AG12     ;            ; 3A       ; VCCIO3A                         ; power  ;              ; 2.5V                ; --           ;                 ; --       ; --           ;
; AG13     ; 74         ; 3A       ; RESERVED_INPUT_WITH_WEAK_PULLUP ;        ;              ;                     ; Column I/O   ;                 ; no       ; On           ;
; AG14     ; 101        ; 3A       ; RESERVED_INPUT_WITH_WEAK_PULLUP ;        ;              ;                     ; Column I/O   ;                 ; no       ; On           ;
; AG15     ; 118        ; 3B       ; RESERVED_INPUT_WITH_WEAK_PULLUP ;        ;              ;                     ; Column I/O   ;                 ; no       ; On           ;
; AG16     ; 120        ; 3B       ; RESERVED_INPUT_WITH_WEAK_PULLUP ;        ;              ;                     ; Column I/O   ;                 ; no       ; On           ;
; AG17     ;            ;          ; GND                             ; gnd    ;              ;                     ; --           ;                 ; --       ; --           ;
; AG18     ; 174        ; 4A       ; RESERVED_INPUT_WITH_WEAK_PULLUP ;        ;              ;                     ; Column I/O   ;                 ; no       ; On           ;
; AG19     ; 173        ; 4A       ; RESERVED_INPUT_WITH_WEAK_PULLUP ;        ;              ;                     ; Column I/O   ;                 ; no       ; On           ;
; AG20     ;            ; 4A       ; VREFB4AN0                       ; power  ;              ;                     ; --           ;                 ; --       ; --           ;
; AG21     ; 222        ; 4A       ; RESERVED_INPUT_WITH_WEAK_PULLUP ;        ;              ;                     ; Column I/O   ;                 ; no       ; On           ;
; AG22     ;            ; 4A       ; VCCIO4A                         ; power  ;              ; 2.5V                ; --           ;                 ; --       ; --           ;
; AG23     ; 229        ; 4A       ; RESERVED_INPUT_WITH_WEAK_PULLUP ;        ;              ;                     ; Column I/O   ;                 ; no       ; On           ;
; AG24     ; 245        ; 4A       ; RESERVED_INPUT_WITH_WEAK_PULLUP ;        ;              ;                     ; Column I/O   ;                 ; no       ; On           ;
; AG25     ; 253        ; 4A       ; RESERVED_INPUT_WITH_WEAK_PULLUP ;        ;              ;                     ; Column I/O   ;                 ; no       ; On           ;
; AG26     ; 251        ; 4A       ; RESERVED_INPUT_WITH_WEAK_PULLUP ;        ;              ;                     ; Column I/O   ;                 ; no       ; On           ;
; AG27     ;            ;          ; GND                             ; gnd    ;              ;                     ; --           ;                 ; --       ; --           ;
; AG28     ; 283        ; 5A       ; RESERVED_INPUT_WITH_WEAK_PULLUP ;        ;              ;                     ; Row I/O      ;                 ; no       ; On           ;
; AG29     ; 287        ; 5A       ; RESERVED_INPUT_WITH_WEAK_PULLUP ;        ;              ;                     ; Row I/O      ;                 ; no       ; On           ;
; AG30     ; 294        ; 5A       ; RESERVED_INPUT_WITH_WEAK_PULLUP ;        ;              ;                     ; Row I/O      ;                 ; no       ; On           ;
; AG31     ; 315        ; 5B       ; RESERVED_INPUT_WITH_WEAK_PULLUP ;        ;              ;                     ; Row I/O      ;                 ; no       ; On           ;
; AG32     ;            ; 5B       ; VCCIO5B                         ; power  ;              ; 2.5V                ; --           ;                 ; --       ; --           ;
; AG33     ; 329        ; 5B       ; RESERVED_INPUT_WITH_WEAK_PULLUP ;        ;              ;                     ; Row I/O      ;                 ; no       ; On           ;
; AG34     ; 339        ; 5B       ; RESERVED_INPUT_WITH_WEAK_PULLUP ;        ;              ;                     ; Row I/O      ;                 ; no       ; On           ;
; AH1      ;            ;          ; GND                             ; gnd    ;              ;                     ; --           ;                 ; --       ; --           ;
; AH2      ;            ;          ; GND                             ; gnd    ;              ;                     ; --           ;                 ; --       ; --           ;
; AH3      ; 50         ; B0L      ; GXB_NC                          ;        ;              ;                     ; --           ;                 ; --       ; --           ;
; AH4      ; 51         ; B0L      ; GXB_NC                          ;        ;              ;                     ; --           ;                 ; --       ; --           ;
; AH5      ;            ;          ; GND                             ; gnd    ;              ;                     ; --           ;                 ; --       ; --           ;
; AH6      ;            ;          ; NC                              ;        ;              ;                     ; --           ;                 ; --       ; --           ;
; AH7      ;            ;          ; NC                              ;        ;              ;                     ; --           ;                 ; --       ; --           ;
; AH8      ; 61         ; 3A       ; ^AS_DATA2, DATA2                ;        ;              ;                     ; Weak Pull Up ;                 ; --       ; On           ;
; AH9      ; 65         ; 3A       ; ^AS_DATA0, ASDO, DATA0          ;        ;              ;                     ; Weak Pull Up ;                 ; --       ; On           ;
; AH10     ;            ;          ; GND                             ; gnd    ;              ;                     ; --           ;                 ; --       ; --           ;
; AH11     ;            ; 3A       ; VREFB3AN0                       ; power  ;              ;                     ; --           ;                 ; --       ; --           ;
; AH12     ; 72         ; 3A       ; RESERVED_INPUT_WITH_WEAK_PULLUP ;        ;              ;                     ; Column I/O   ;                 ; no       ; On           ;
; AH13     ; 93         ; 3A       ; RESERVED_INPUT_WITH_WEAK_PULLUP ;        ;              ;                     ; Column I/O   ;                 ; no       ; On           ;
; AH14     ; 99         ; 3A       ; RESERVED_INPUT_WITH_WEAK_PULLUP ;        ;              ;                     ; Column I/O   ;                 ; no       ; On           ;
; AH15     ;            ; 3B       ; VCCIO3B                         ; power  ;              ; 2.5V                ; --           ;                 ; --       ; --           ;
; AH16     ; 141        ; 3B       ; RESERVED_INPUT_WITH_WEAK_PULLUP ;        ;              ;                     ; Column I/O   ;                 ; no       ; On           ;
; AH17     ; 157        ; 3B       ; RESERVED_INPUT_WITH_WEAK_PULLUP ;        ;              ;                     ; Column I/O   ;                 ; no       ; On           ;
; AH18     ;            ; 3B       ; VREFB3BN0                       ; power  ;              ;                     ; --           ;                 ; --       ; --           ;
; AH19     ; 171        ; 4A       ; RESERVED_INPUT_WITH_WEAK_PULLUP ;        ;              ;                     ; Column I/O   ;                 ; no       ; On           ;
; AH20     ;            ;          ; GND                             ; gnd    ;              ;                     ; --           ;                 ; --       ; --           ;
; AH21     ; 203        ; 4A       ; RESERVED_INPUT_WITH_WEAK_PULLUP ;        ;              ;                     ; Column I/O   ;                 ; no       ; On           ;
; AH22     ; 205        ; 4A       ; RESERVED_INPUT_WITH_WEAK_PULLUP ;        ;              ;                     ; Column I/O   ;                 ; no       ; On           ;
; AH23     ; 227        ; 4A       ; RESERVED_INPUT_WITH_WEAK_PULLUP ;        ;              ;                     ; Column I/O   ;                 ; no       ; On           ;
; AH24     ; 243        ; 4A       ; RESERVED_INPUT_WITH_WEAK_PULLUP ;        ;              ;                     ; Column I/O   ;                 ; no       ; On           ;
; AH25     ;            ; 4A       ; VCCIO4A                         ; power  ;              ; 2.5V                ; --           ;                 ; --       ; --           ;
; AH26     ; 252        ; 4A       ; RESERVED_INPUT_WITH_WEAK_PULLUP ;        ;              ;                     ; Column I/O   ;                 ; no       ; On           ;
; AH27     ; 257        ; 4A       ; RESERVED_INPUT_WITH_WEAK_PULLUP ;        ;              ;                     ; Column I/O   ;                 ; no       ; On           ;
; AH28     ; 285        ; 5A       ; RESERVED_INPUT_WITH_WEAK_PULLUP ;        ;              ;                     ; Row I/O      ;                 ; no       ; On           ;
; AH29     ; 289        ; 5A       ; RESERVED_INPUT_WITH_WEAK_PULLUP ;        ;              ;                     ; Row I/O      ;                 ; no       ; On           ;
; AH30     ;            ;          ; GND                             ; gnd    ;              ;                     ; --           ;                 ; --       ; --           ;
; AH31     ; 302        ; 5A       ; RESERVED_INPUT_WITH_WEAK_PULLUP ;        ;              ;                     ; Row I/O      ;                 ; no       ; On           ;
; AH32     ; 311        ; 5B       ; RESERVED_INPUT_WITH_WEAK_PULLUP ;        ;              ;                     ; Row I/O      ;                 ; no       ; On           ;
; AH33     ; 327        ; 5B       ; RESERVED_INPUT_WITH_WEAK_PULLUP ;        ;              ;                     ; Row I/O      ;                 ; no       ; On           ;
; AH34     ; 341        ; 5B       ; RESERVED_INPUT_WITH_WEAK_PULLUP ;        ;              ;                     ; Row I/O      ;                 ; no       ; On           ;
; AJ1      ; 53         ; B0L      ; GND                             ;        ;              ;                     ; --           ;                 ; --       ; --           ;
; AJ2      ; 52         ; B0L      ; GND                             ;        ;              ;                     ; --           ;                 ; --       ; --           ;
; AJ3      ;            ;          ; GND                             ; gnd    ;              ;                     ; --           ;                 ; --       ; --           ;
; AJ4      ;            ;          ; GND                             ; gnd    ;              ;                     ; --           ;                 ; --       ; --           ;
; AJ5      ;            ;          ; GND                             ; gnd    ;              ;                     ; --           ;                 ; --       ; --           ;
; AJ6      ; 59         ; 3A       ; ^AS_DATA3, DATA3                ;        ;              ;                     ; Weak Pull Up ;                 ; --       ; On           ;
; AJ7      ; 63         ; 3A       ; ^AS_DATA1, DATA1                ;        ;              ;                     ; Weak Pull Up ;                 ; --       ; On           ;
; AJ8      ;            ; 3A       ; VCCIO3A                         ; power  ;              ; 2.5V                ; --           ;                 ; --       ; --           ;
; AJ9      ; 81         ; 3A       ; RESERVED_INPUT_WITH_WEAK_PULLUP ;        ;              ;                     ; Column I/O   ;                 ; no       ; On           ;
; AJ10     ; 85         ; 3A       ; RESERVED_INPUT_WITH_WEAK_PULLUP ;        ;              ;                     ; Column I/O   ;                 ; no       ; On           ;
; AJ11     ; 70         ; 3A       ; RESERVED_INPUT_WITH_WEAK_PULLUP ;        ;              ;                     ; Column I/O   ;                 ; no       ; On           ;
; AJ12     ; 91         ; 3A       ; RESERVED_INPUT_WITH_WEAK_PULLUP ;        ;              ;                     ; Column I/O   ;                 ; no       ; On           ;
; AJ13     ;            ;          ; GND                             ; gnd    ;              ;                     ; --           ;                 ; --       ; --           ;
; AJ14     ; 109        ; 3A       ; RESERVED_INPUT_WITH_WEAK_PULLUP ;        ;              ;                     ; Column I/O   ;                 ; no       ; On           ;
; AJ15     ; 125        ; 3B       ; RESERVED_INPUT_WITH_WEAK_PULLUP ;        ;              ;                     ; Column I/O   ;                 ; no       ; On           ;
; AJ16     ; 139        ; 3B       ; RESERVED_INPUT_WITH_WEAK_PULLUP ;        ;              ;                     ; Column I/O   ;                 ; no       ; On           ;
; AJ17     ; 155        ; 3B       ; RESERVED_INPUT_WITH_WEAK_PULLUP ;        ;              ;                     ; Column I/O   ;                 ; no       ; On           ;
; AJ18     ;            ; 4A       ; VCCIO4A                         ; power  ;              ; 2.5V                ; --           ;                 ; --       ; --           ;
; AJ19     ; 172        ; 4A       ; RESERVED_INPUT_WITH_WEAK_PULLUP ;        ;              ;                     ; Column I/O   ;                 ; no       ; On           ;
; AJ20     ; 200        ; 4A       ; RESERVED_INPUT_WITH_WEAK_PULLUP ;        ;              ;                     ; Column I/O   ;                 ; no       ; On           ;
; AJ21     ; 199        ; 4A       ; RESERVED_INPUT_WITH_WEAK_PULLUP ;        ;              ;                     ; Column I/O   ;                 ; no       ; On           ;
; AJ22     ; 201        ; 4A       ; RESERVED_INPUT_WITH_WEAK_PULLUP ;        ;              ;                     ; Column I/O   ;                 ; no       ; On           ;
; AJ23     ;            ;          ; GND                             ; gnd    ;              ;                     ; --           ;                 ; --       ; --           ;
; AJ24     ; 221        ; 4A       ; RESERVED_INPUT_WITH_WEAK_PULLUP ;        ;              ;                     ; Column I/O   ;                 ; no       ; On           ;
; AJ25     ; 237        ; 4A       ; RESERVED_INPUT_WITH_WEAK_PULLUP ;        ;              ;                     ; Column I/O   ;                 ; no       ; On           ;
; AJ26     ; 250        ; 4A       ; RESERVED_INPUT_WITH_WEAK_PULLUP ;        ;              ;                     ; Column I/O   ;                 ; no       ; On           ;
; AJ27     ; 255        ; 4A       ; RESERVED_INPUT_WITH_WEAK_PULLUP ;        ;              ;                     ; Column I/O   ;                 ; no       ; On           ;
; AJ28     ;            ; 4A       ; VCCIO4A                         ; power  ;              ; 2.5V                ; --           ;                 ; --       ; --           ;
; AJ29     ; 244        ; 4A       ; RESERVED_INPUT_WITH_WEAK_PULLUP ;        ;              ;                     ; Column I/O   ;                 ; no       ; On           ;
; AJ30     ; 293        ; 5A       ; RESERVED_INPUT_WITH_WEAK_PULLUP ;        ;              ;                     ; Row I/O      ;                 ; no       ; On           ;
; AJ31     ; 304        ; 5A       ; RESERVED_INPUT_WITH_WEAK_PULLUP ;        ;              ;                     ; Row I/O      ;                 ; no       ; On           ;
; AJ32     ; 313        ; 5B       ; RESERVED_INPUT_WITH_WEAK_PULLUP ;        ;              ;                     ; Row I/O      ;                 ; no       ; On           ;
; AJ33     ;            ;          ; GND                             ; gnd    ;              ;                     ; --           ;                 ; --       ; --           ;
; AJ34     ; 328        ; 5B       ; RESERVED_INPUT_WITH_WEAK_PULLUP ;        ;              ;                     ; Row I/O      ;                 ; no       ; On           ;
; AK1      ;            ;          ; GND                             ; gnd    ;              ;                     ; --           ;                 ; --       ; --           ;
; AK2      ;            ;          ; GND                             ; gnd    ;              ;                     ; --           ;                 ; --       ; --           ;
; AK3      ;            ;          ; GND                             ; gnd    ;              ;                     ; --           ;                 ; --       ; --           ;
; AK4      ;            ;          ; NC                              ;        ;              ;                     ; --           ;                 ; --       ; --           ;
; AK5      ; 60         ; 3A       ; #TCK                            ; input  ;              ;                     ; --           ;                 ; --       ; --           ;
; AK6      ;            ;          ; GND                             ; gnd    ;              ;                     ; --           ;                 ; --       ; --           ;
; AK7      ; 73         ; 3A       ; RESERVED_INPUT_WITH_WEAK_PULLUP ;        ;              ;                     ; Column I/O   ;                 ; no       ; On           ;
; AK8      ; 77         ; 3A       ; RESERVED_INPUT_WITH_WEAK_PULLUP ;        ;              ;                     ; Column I/O   ;                 ; no       ; On           ;
; AK9      ; 79         ; 3A       ; RESERVED_INPUT_WITH_WEAK_PULLUP ;        ;              ;                     ; Column I/O   ;                 ; no       ; On           ;
; AK10     ; 83         ; 3A       ; RESERVED_INPUT_WITH_WEAK_PULLUP ;        ;              ;                     ; Column I/O   ;                 ; no       ; On           ;
; AK11     ;            ; 3A       ; VCCIO3A                         ; power  ;              ; 2.5V                ; --           ;                 ; --       ; --           ;
; AK12     ; 111        ; 3A       ; RESERVED_INPUT_WITH_WEAK_PULLUP ;        ;              ;                     ; Column I/O   ;                 ; no       ; On           ;
; AK13     ; 113        ; 3A       ; RESERVED_INPUT_WITH_WEAK_PULLUP ;        ;              ;                     ; Column I/O   ;                 ; no       ; On           ;
; AK14     ; 107        ; 3A       ; RESERVED_INPUT_WITH_WEAK_PULLUP ;        ;              ;                     ; Column I/O   ;                 ; no       ; On           ;
; AK15     ; 123        ; 3B       ; RESERVED_INPUT_WITH_WEAK_PULLUP ;        ;              ;                     ; Column I/O   ;                 ; no       ; On           ;
; AK16     ;            ;          ; GND                             ; gnd    ;              ;                     ; --           ;                 ; --       ; --           ;
; AK17     ; 153        ; 3B       ; RESERVED_INPUT_WITH_WEAK_PULLUP ;        ;              ;                     ; Column I/O   ;                 ; no       ; On           ;
; AK18     ; 161        ; 3B       ; RESERVED_INPUT_WITH_WEAK_PULLUP ;        ;              ;                     ; Column I/O   ;                 ; no       ; On           ;
; AK19     ; 170        ; 4A       ; RESERVED_INPUT_WITH_WEAK_PULLUP ;        ;              ;                     ; Column I/O   ;                 ; no       ; On           ;
; AK20     ; 198        ; 4A       ; RESERVED_INPUT_WITH_WEAK_PULLUP ;        ;              ;                     ; Column I/O   ;                 ; no       ; On           ;
; AK21     ;            ; 4A       ; VCCIO4A                         ; power  ;              ; 2.5V                ; --           ;                 ; --       ; --           ;
; AK22     ; 196        ; 4A       ; RESERVED_INPUT_WITH_WEAK_PULLUP ;        ;              ;                     ; Column I/O   ;                 ; no       ; On           ;
; AK23     ; 213        ; 4A       ; RESERVED_INPUT_WITH_WEAK_PULLUP ;        ;              ;                     ; Column I/O   ;                 ; no       ; On           ;
; AK24     ; 219        ; 4A       ; RESERVED_INPUT_WITH_WEAK_PULLUP ;        ;              ;                     ; Column I/O   ;                 ; no       ; On           ;
; AK25     ; 235        ; 4A       ; RESERVED_INPUT_WITH_WEAK_PULLUP ;        ;              ;                     ; Column I/O   ;                 ; no       ; On           ;
; AK26     ;            ;          ; GND                             ; gnd    ;              ;                     ; --           ;                 ; --       ; --           ;
; AK27     ; 234        ; 4A       ; RESERVED_INPUT_WITH_WEAK_PULLUP ;        ;              ;                     ; Column I/O   ;                 ; no       ; On           ;
; AK28     ; 236        ; 4A       ; RESERVED_INPUT_WITH_WEAK_PULLUP ;        ;              ;                     ; Column I/O   ;                 ; no       ; On           ;
; AK29     ; 242        ; 4A       ; RESERVED_INPUT_WITH_WEAK_PULLUP ;        ;              ;                     ; Column I/O   ;                 ; no       ; On           ;
; AK30     ; 291        ; 5A       ; RESERVED_INPUT_WITH_WEAK_PULLUP ;        ;              ;                     ; Row I/O      ;                 ; no       ; On           ;
; AK31     ;            ; 5A       ; VCCIO5A                         ; power  ;              ; 2.5V                ; --           ;                 ; --       ; --           ;
; AK32     ; 301        ; 5A       ; RESERVED_INPUT_WITH_WEAK_PULLUP ;        ;              ;                     ; Row I/O      ;                 ; no       ; On           ;
; AK33     ; 305        ; 5A       ; RESERVED_INPUT_WITH_WEAK_PULLUP ;        ;              ;                     ; Row I/O      ;                 ; no       ; On           ;
; AK34     ; 326        ; 5B       ; RESERVED_INPUT_WITH_WEAK_PULLUP ;        ;              ;                     ; Row I/O      ;                 ; no       ; On           ;
; AL1      ;            ;          ; NC                              ;        ;              ;                     ; --           ;                 ; --       ; --           ;
; AL2      ;            ;          ; NC                              ;        ;              ;                     ; --           ;                 ; --       ; --           ;
; AL3      ;            ;          ; NC                              ;        ;              ;                     ; --           ;                 ; --       ; --           ;
; AL4      ;            ;          ; NC                              ;        ;              ;                     ; --           ;                 ; --       ; --           ;
; AL5      ;            ;          ; GND                             ; gnd    ;              ;                     ; --           ;                 ; --       ; --           ;
; AL6      ; 84         ; 3A       ; RESERVED_INPUT_WITH_WEAK_PULLUP ;        ;              ;                     ; Column I/O   ;                 ; no       ; On           ;
; AL7      ; 71         ; 3A       ; RESERVED_INPUT_WITH_WEAK_PULLUP ;        ;              ;                     ; Column I/O   ;                 ; no       ; On           ;
; AL8      ; 75         ; 3A       ; RESERVED_INPUT_WITH_WEAK_PULLUP ;        ;              ;                     ; Column I/O   ;                 ; no       ; On           ;
; AL9      ;            ;          ; GND                             ; gnd    ;              ;                     ; --           ;                 ; --       ; --           ;
; AL10     ; 108        ; 3A       ; RESERVED_INPUT_WITH_WEAK_PULLUP ;        ;              ;                     ; Column I/O   ;                 ; no       ; On           ;
; AL11     ; 116        ; 3B       ; RESERVED_INPUT_WITH_WEAK_PULLUP ;        ;              ;                     ; Column I/O   ;                 ; no       ; On           ;
; AL12     ; 129        ; 3B       ; RESERVED_INPUT_WITH_WEAK_PULLUP ;        ;              ;                     ; Column I/O   ;                 ; no       ; On           ;
; AL13     ; 127        ; 3B       ; RESERVED_INPUT_WITH_WEAK_PULLUP ;        ;              ;                     ; Column I/O   ;                 ; no       ; On           ;
; AL14     ;            ; 3B       ; VCCIO3B                         ; power  ;              ; 2.5V                ; --           ;                 ; --       ; --           ;
; AL15     ; 117        ; 3B       ; RESERVED_INPUT_WITH_WEAK_PULLUP ;        ;              ;                     ; Column I/O   ;                 ; no       ; On           ;
; AL16     ; 140        ; 3B       ; RESERVED_INPUT_WITH_WEAK_PULLUP ;        ;              ;                     ; Column I/O   ;                 ; no       ; On           ;
; AL17     ; 151        ; 3B       ; RESERVED_INPUT_WITH_WEAK_PULLUP ;        ;              ;                     ; Column I/O   ;                 ; no       ; On           ;
; AL18     ; 159        ; 3B       ; RESERVED_INPUT_WITH_WEAK_PULLUP ;        ;              ;                     ; Column I/O   ;                 ; no       ; On           ;
; AL19     ;            ;          ; GND                             ; gnd    ;              ;                     ; --           ;                 ; --       ; --           ;
; AL20     ; 181        ; 4A       ; RESERVED_INPUT_WITH_WEAK_PULLUP ;        ;              ;                     ; Column I/O   ;                 ; no       ; On           ;
; AL21     ; 177        ; 4A       ; RESERVED_INPUT_WITH_WEAK_PULLUP ;        ;              ;                     ; Column I/O   ;                 ; no       ; On           ;
; AL22     ; 194        ; 4A       ; RESERVED_INPUT_WITH_WEAK_PULLUP ;        ;              ;                     ; Column I/O   ;                 ; no       ; On           ;
; AL23     ; 211        ; 4A       ; RESERVED_INPUT_WITH_WEAK_PULLUP ;        ;              ;                     ; Column I/O   ;                 ; no       ; On           ;
; AL24     ;            ; 4A       ; VCCIO4A                         ; power  ;              ; 2.5V                ; --           ;                 ; --       ; --           ;
; AL25     ; 212        ; 4A       ; RESERVED_INPUT_WITH_WEAK_PULLUP ;        ;              ;                     ; Column I/O   ;                 ; no       ; On           ;
; AL26     ; 217        ; 4A       ; RESERVED_INPUT_WITH_WEAK_PULLUP ;        ;              ;                     ; Column I/O   ;                 ; no       ; On           ;
; AL27     ; 225        ; 4A       ; RESERVED_INPUT_WITH_WEAK_PULLUP ;        ;              ;                     ; Column I/O   ;                 ; no       ; On           ;
; AL28     ; 223        ; 4A       ; RESERVED_INPUT_WITH_WEAK_PULLUP ;        ;              ;                     ; Column I/O   ;                 ; no       ; On           ;
; AL29     ;            ;          ; GND                             ; gnd    ;              ;                     ; --           ;                 ; --       ; --           ;
; AL30     ; 241        ; 4A       ; RESERVED_INPUT_WITH_WEAK_PULLUP ;        ;              ;                     ; Column I/O   ;                 ; no       ; On           ;
; AL31     ; 249        ; 4A       ; RESERVED_INPUT_WITH_WEAK_PULLUP ;        ;              ;                     ; Column I/O   ;                 ; no       ; On           ;
; AL32     ; 299        ; 5A       ; RESERVED_INPUT_WITH_WEAK_PULLUP ;        ;              ;                     ; Row I/O      ;                 ; no       ; On           ;
; AL33     ; 303        ; 5A       ; RESERVED_INPUT_WITH_WEAK_PULLUP ;        ;              ;                     ; Row I/O      ;                 ; no       ; On           ;
; AL34     ;            ;          ; GND                             ; gnd    ;              ;                     ; --           ;                 ; --       ; --           ;
; AM1      ;            ;          ; NC                              ;        ;              ;                     ; --           ;                 ; --       ; --           ;
; AM2      ;            ;          ; NC                              ;        ;              ;                     ; --           ;                 ; --       ; --           ;
; AM3      ;            ;          ; GND                             ; gnd    ;              ;                     ; --           ;                 ; --       ; --           ;
; AM4      ; 67         ; 3A       ; RESERVED_INPUT_WITH_WEAK_PULLUP ;        ;              ;                     ; Column I/O   ;                 ; no       ; On           ;
; AM5      ; 69         ; 3A       ; RESERVED_INPUT_WITH_WEAK_PULLUP ;        ;              ;                     ; Column I/O   ;                 ; no       ; On           ;
; AM6      ; 82         ; 3A       ; RESERVED_INPUT_WITH_WEAK_PULLUP ;        ;              ;                     ; Column I/O   ;                 ; no       ; On           ;
; AM7      ;            ; 3A       ; VCCIO3A                         ; power  ;              ; 2.5V                ; --           ;                 ; --       ; --           ;
; AM8      ; 100        ; 3A       ; RESERVED_INPUT_WITH_WEAK_PULLUP ;        ;              ;                     ; Column I/O   ;                 ; no       ; On           ;
; AM9      ; 105        ; 3A       ; RESERVED_INPUT_WITH_WEAK_PULLUP ;        ;              ;                     ; Column I/O   ;                 ; no       ; On           ;
; AM10     ; 106        ; 3A       ; RESERVED_INPUT_WITH_WEAK_PULLUP ;        ;              ;                     ; Column I/O   ;                 ; no       ; On           ;
; AM11     ; 114        ; 3B       ; RESERVED_INPUT_WITH_WEAK_PULLUP ;        ;              ;                     ; Column I/O   ;                 ; no       ; On           ;
; AM12     ;            ;          ; GND                             ; gnd    ;              ;                     ; --           ;                 ; --       ; --           ;
; AM13     ; 137        ; 3B       ; RESERVED_INPUT_WITH_WEAK_PULLUP ;        ;              ;                     ; Column I/O   ;                 ; no       ; On           ;
; AM14     ; 133        ; 3B       ; RESERVED_INPUT_WITH_WEAK_PULLUP ;        ;              ;                     ; Column I/O   ;                 ; no       ; On           ;
; AM15     ; 115        ; 3B       ; RESERVED_INPUT_WITH_WEAK_PULLUP ;        ;              ;                     ; Column I/O   ;                 ; no       ; On           ;
; AM16     ; 138        ; 3B       ; RESERVED_INPUT_WITH_WEAK_PULLUP ;        ;              ;                     ; Column I/O   ;                 ; no       ; On           ;
; AM17     ;            ; 3B       ; VCCIO3B                         ; power  ;              ; 2.5V                ; --           ;                 ; --       ; --           ;
; AM18     ; 156        ; 3B       ; RESERVED_INPUT_WITH_WEAK_PULLUP ;        ;              ;                     ; Column I/O   ;                 ; no       ; On           ;
; AM19     ; 165        ; 4A       ; RESERVED_INPUT_WITH_WEAK_PULLUP ;        ;              ;                     ; Column I/O   ;                 ; no       ; On           ;
; AM20     ; 179        ; 4A       ; RESERVED_INPUT_WITH_WEAK_PULLUP ;        ;              ;                     ; Column I/O   ;                 ; no       ; On           ;
; AM21     ; 175        ; 4A       ; RESERVED_INPUT_WITH_WEAK_PULLUP ;        ;              ;                     ; Column I/O   ;                 ; no       ; On           ;
; AM22     ;            ;          ; GND                             ; gnd    ;              ;                     ; --           ;                 ; --       ; --           ;
; AM23     ; 185        ; 4A       ; RESERVED_INPUT_WITH_WEAK_PULLUP ;        ;              ;                     ; Column I/O   ;                 ; no       ; On           ;
; AM24     ; 193        ; 4A       ; RESERVED_INPUT_WITH_WEAK_PULLUP ;        ;              ;                     ; Column I/O   ;                 ; no       ; On           ;
; AM25     ; 210        ; 4A       ; RESERVED_INPUT_WITH_WEAK_PULLUP ;        ;              ;                     ; Column I/O   ;                 ; no       ; On           ;
; AM26     ; 215        ; 4A       ; RESERVED_INPUT_WITH_WEAK_PULLUP ;        ;              ;                     ; Column I/O   ;                 ; no       ; On           ;
; AM27     ;            ; 4A       ; VCCIO4A                         ; power  ;              ; 2.5V                ; --           ;                 ; --       ; --           ;
; AM28     ; 209        ; 4A       ; RESERVED_INPUT_WITH_WEAK_PULLUP ;        ;              ;                     ; Column I/O   ;                 ; no       ; On           ;
; AM29     ; 233        ; 4A       ; RESERVED_INPUT_WITH_WEAK_PULLUP ;        ;              ;                     ; Column I/O   ;                 ; no       ; On           ;
; AM30     ; 239        ; 4A       ; RESERVED_INPUT_WITH_WEAK_PULLUP ;        ;              ;                     ; Column I/O   ;                 ; no       ; On           ;
; AM31     ; 247        ; 4A       ; RESERVED_INPUT_WITH_WEAK_PULLUP ;        ;              ;                     ; Column I/O   ;                 ; no       ; On           ;
; AM32     ;            ;          ; GND                             ; gnd    ;              ;                     ; --           ;                 ; --       ; --           ;
; AM33     ; 297        ; 5A       ; RESERVED_INPUT_WITH_WEAK_PULLUP ;        ;              ;                     ; Row I/O      ;                 ; no       ; On           ;
; AM34     ; 321        ; 5B       ; RESERVED_INPUT_WITH_WEAK_PULLUP ;        ;              ;                     ; Row I/O      ;                 ; no       ; On           ;
; AN1      ;            ;          ; NC                              ;        ;              ;                     ; --           ;                 ; --       ; --           ;
; AN2      ;            ;          ; NC                              ;        ;              ;                     ; --           ;                 ; --       ; --           ;
; AN3      ;            ;          ; NC                              ;        ;              ;                     ; --           ;                 ; --       ; --           ;
; AN4      ; 87         ; 3A       ; RESERVED_INPUT_WITH_WEAK_PULLUP ;        ;              ;                     ; Column I/O   ;                 ; no       ; On           ;
; AN5      ; 89         ; 3A       ; RESERVED_INPUT_WITH_WEAK_PULLUP ;        ;              ;                     ; Column I/O   ;                 ; no       ; On           ;
; AN6      ;            ;          ; GND                             ; gnd    ;              ;                     ; --           ;                 ; --       ; --           ;
; AN7      ; 97         ; 3A       ; RESERVED_INPUT_WITH_WEAK_PULLUP ;        ;              ;                     ; Column I/O   ;                 ; no       ; On           ;
; AN8      ; 98         ; 3A       ; RESERVED_INPUT_WITH_WEAK_PULLUP ;        ;              ;                     ; Column I/O   ;                 ; no       ; On           ;
; AN9      ; 103        ; 3A       ; RESERVED_INPUT_WITH_WEAK_PULLUP ;        ;              ;                     ; Column I/O   ;                 ; no       ; On           ;
; AN10     ;            ; 3B       ; VCCIO3B                         ; power  ;              ; 2.5V                ; --           ;                 ; --       ; --           ;
; AN11     ; 124        ; 3B       ; RESERVED_INPUT_WITH_WEAK_PULLUP ;        ;              ;                     ; Column I/O   ;                 ; no       ; On           ;
; AN12     ; 132        ; 3B       ; RESERVED_INPUT_WITH_WEAK_PULLUP ;        ;              ;                     ; Column I/O   ;                 ; no       ; On           ;
; AN13     ; 135        ; 3B       ; RESERVED_INPUT_WITH_WEAK_PULLUP ;        ;              ;                     ; Column I/O   ;                 ; no       ; On           ;
; AN14     ; 131        ; 3B       ; RESERVED_INPUT_WITH_WEAK_PULLUP ;        ;              ;                     ; Column I/O   ;                 ; no       ; On           ;
; AN15     ;            ;          ; GND                             ; gnd    ;              ;                     ; --           ;                 ; --       ; --           ;
; AN16     ; 148        ; 3B       ; RESERVED_INPUT_WITH_WEAK_PULLUP ;        ;              ;                     ; Column I/O   ;                 ; no       ; On           ;
; AN17     ; 149        ; 3B       ; RESERVED_INPUT_WITH_WEAK_PULLUP ;        ;              ;                     ; Column I/O   ;                 ; no       ; On           ;
; AN18     ; 154        ; 3B       ; RESERVED_INPUT_WITH_WEAK_PULLUP ;        ;              ;                     ; Column I/O   ;                 ; no       ; On           ;
; AN19     ; 163        ; 4A       ; RESERVED_INPUT_WITH_WEAK_PULLUP ;        ;              ;                     ; Column I/O   ;                 ; no       ; On           ;
; AN20     ;            ; 4A       ; VCCIO4A                         ; power  ;              ; 2.5V                ; --           ;                 ; --       ; --           ;
; AN21     ; 169        ; 4A       ; RESERVED_INPUT_WITH_WEAK_PULLUP ;        ;              ;                     ; Column I/O   ;                 ; no       ; On           ;
; AN22     ; 180        ; 4A       ; RESERVED_INPUT_WITH_WEAK_PULLUP ;        ;              ;                     ; Column I/O   ;                 ; no       ; On           ;
; AN23     ; 183        ; 4A       ; RESERVED_INPUT_WITH_WEAK_PULLUP ;        ;              ;                     ; Column I/O   ;                 ; no       ; On           ;
; AN24     ; 191        ; 4A       ; RESERVED_INPUT_WITH_WEAK_PULLUP ;        ;              ;                     ; Column I/O   ;                 ; no       ; On           ;
; AN25     ;            ;          ; GND                             ; gnd    ;              ;                     ; --           ;                 ; --       ; --           ;
; AN26     ; 188        ; 4A       ; RESERVED_INPUT_WITH_WEAK_PULLUP ;        ;              ;                     ; Column I/O   ;                 ; no       ; On           ;
; AN27     ; 197        ; 4A       ; RESERVED_INPUT_WITH_WEAK_PULLUP ;        ;              ;                     ; Column I/O   ;                 ; no       ; On           ;
; AN28     ; 207        ; 4A       ; RESERVED_INPUT_WITH_WEAK_PULLUP ;        ;              ;                     ; Column I/O   ;                 ; no       ; On           ;
; AN29     ; 231        ; 4A       ; RESERVED_INPUT_WITH_WEAK_PULLUP ;        ;              ;                     ; Column I/O   ;                 ; no       ; On           ;
; AN30     ;            ; 4A       ; VCCIO4A                         ; power  ;              ; 2.5V                ; --           ;                 ; --       ; --           ;
; AN31     ; 220        ; 4A       ; RESERVED_INPUT_WITH_WEAK_PULLUP ;        ;              ;                     ; Column I/O   ;                 ; no       ; On           ;
; AN32     ; 228        ; 4A       ; RESERVED_INPUT_WITH_WEAK_PULLUP ;        ;              ;                     ; Column I/O   ;                 ; no       ; On           ;
; AN33     ; 295        ; 5A       ; RESERVED_INPUT_WITH_WEAK_PULLUP ;        ;              ;                     ; Row I/O      ;                 ; no       ; On           ;
; AN34     ; 319        ; 5B       ; RESERVED_INPUT_WITH_WEAK_PULLUP ;        ;              ;                     ; Row I/O      ;                 ; no       ; On           ;
; AP2      ;            ;          ; GND                             ; gnd    ;              ;                     ; --           ;                 ; --       ; --           ;
; AP3      ;            ;          ; NC                              ;        ;              ;                     ; --           ;                 ; --       ; --           ;
; AP4      ;            ;          ; GND                             ; gnd    ;              ;                     ; --           ;                 ; --       ; --           ;
; AP5      ; 90         ; 3A       ; RESERVED_INPUT_WITH_WEAK_PULLUP ;        ;              ;                     ; Column I/O   ;                 ; no       ; On           ;
; AP6      ; 92         ; 3A       ; RESERVED_INPUT_WITH_WEAK_PULLUP ;        ;              ;                     ; Column I/O   ;                 ; no       ; On           ;
; AP7      ; 95         ; 3A       ; RESERVED_INPUT_WITH_WEAK_PULLUP ;        ;              ;                     ; Column I/O   ;                 ; no       ; On           ;
; AP8      ;            ;          ; GND                             ; gnd    ;              ;                     ; --           ;                 ; --       ; --           ;
; AP9      ; 119        ; 3B       ; RESERVED_INPUT_WITH_WEAK_PULLUP ;        ;              ;                     ; Column I/O   ;                 ; no       ; On           ;
; AP10     ; 121        ; 3B       ; RESERVED_INPUT_WITH_WEAK_PULLUP ;        ;              ;                     ; Column I/O   ;                 ; no       ; On           ;
; AP11     ; 122        ; 3B       ; RESERVED_INPUT_WITH_WEAK_PULLUP ;        ;              ;                     ; Column I/O   ;                 ; no       ; On           ;
; AP12     ; 130        ; 3B       ; RESERVED_INPUT_WITH_WEAK_PULLUP ;        ;              ;                     ; Column I/O   ;                 ; no       ; On           ;
; AP13     ;            ;          ; GND                             ; gnd    ;              ;                     ; --           ;                 ; --       ; --           ;
; AP14     ; 143        ; 3B       ; RESERVED_INPUT_WITH_WEAK_PULLUP ;        ;              ;                     ; Column I/O   ;                 ; no       ; On           ;
; AP15     ; 145        ; 3B       ; RESERVED_INPUT_WITH_WEAK_PULLUP ;        ;              ;                     ; Column I/O   ;                 ; no       ; On           ;
; AP16     ; 146        ; 3B       ; RESERVED_INPUT_WITH_WEAK_PULLUP ;        ;              ;                     ; Column I/O   ;                 ; no       ; On           ;
; AP17     ; 147        ; 3B       ; RESERVED_INPUT_WITH_WEAK_PULLUP ;        ;              ;                     ; Column I/O   ;                 ; no       ; On           ;
; AP18     ;            ;          ; GND                             ; gnd    ;              ;                     ; --           ;                 ; --       ; --           ;
; AP19     ; 162        ; 4A       ; RESERVED_INPUT_WITH_WEAK_PULLUP ;        ;              ;                     ; Column I/O   ;                 ; no       ; On           ;
; AP20     ; 164        ; 4A       ; RESERVED_INPUT_WITH_WEAK_PULLUP ;        ;              ;                     ; Column I/O   ;                 ; no       ; On           ;
; AP21     ; 167        ; 4A       ; RESERVED_INPUT_WITH_WEAK_PULLUP ;        ;              ;                     ; Column I/O   ;                 ; no       ; On           ;
; AP22     ; 178        ; 4A       ; RESERVED_INPUT_WITH_WEAK_PULLUP ;        ;              ;                     ; Column I/O   ;                 ; no       ; On           ;
; AP23     ;            ;          ; GND                             ; gnd    ;              ;                     ; --           ;                 ; --       ; --           ;
; AP24     ; 187        ; 4A       ; RESERVED_INPUT_WITH_WEAK_PULLUP ;        ;              ;                     ; Column I/O   ;                 ; no       ; On           ;
; AP25     ; 189        ; 4A       ; RESERVED_INPUT_WITH_WEAK_PULLUP ;        ;              ;                     ; Column I/O   ;                 ; no       ; On           ;
; AP26     ; 186        ; 4A       ; RESERVED_INPUT_WITH_WEAK_PULLUP ;        ;              ;                     ; Column I/O   ;                 ; no       ; On           ;
; AP27     ; 195        ; 4A       ; RESERVED_INPUT_WITH_WEAK_PULLUP ;        ;              ;                     ; Column I/O   ;                 ; no       ; On           ;
; AP28     ;            ;          ; GND                             ; gnd    ;              ;                     ; --           ;                 ; --       ; --           ;
; AP29     ; 202        ; 4A       ; RESERVED_INPUT_WITH_WEAK_PULLUP ;        ;              ;                     ; Column I/O   ;                 ; no       ; On           ;
; AP30     ; 204        ; 4A       ; RESERVED_INPUT_WITH_WEAK_PULLUP ;        ;              ;                     ; Column I/O   ;                 ; no       ; On           ;
; AP31     ; 218        ; 4A       ; RESERVED_INPUT_WITH_WEAK_PULLUP ;        ;              ;                     ; Column I/O   ;                 ; no       ; On           ;
; AP32     ; 226        ; 4A       ; RESERVED_INPUT_WITH_WEAK_PULLUP ;        ;              ;                     ; Column I/O   ;                 ; no       ; On           ;
; AP33     ;            ;          ; GND                             ; gnd    ;              ;                     ; --           ;                 ; --       ; --           ;
; B1       ; 610        ; 8A       ; RESERVED_INPUT_WITH_WEAK_PULLUP ;        ;              ;                     ; Column I/O   ;                 ; no       ; On           ;
; B2       ;            ;          ; GND                             ; gnd    ;              ;                     ; --           ;                 ; --       ; --           ;
; B3       ; 606        ; 8A       ; RESERVED_INPUT_WITH_WEAK_PULLUP ;        ;              ;                     ; Column I/O   ;                 ; no       ; On           ;
; B4       ; 592        ; 8A       ; RESERVED_INPUT_WITH_WEAK_PULLUP ;        ;              ;                     ; Column I/O   ;                 ; no       ; On           ;
; B5       ; 580        ; 8A       ; RESERVED_INPUT_WITH_WEAK_PULLUP ;        ;              ;                     ; Column I/O   ;                 ; no       ; On           ;
; B6       ; 586        ; 8A       ; RESERVED_INPUT_WITH_WEAK_PULLUP ;        ;              ;                     ; Column I/O   ;                 ; no       ; On           ;
; B7       ;            ; 8A       ; VCCIO8A                         ; power  ;              ; 2.5V                ; --           ;                 ; --       ; --           ;
; B8       ; 567        ; 8A       ; RESERVED_INPUT_WITH_WEAK_PULLUP ;        ;              ;                     ; Column I/O   ;                 ; no       ; On           ;
; B9       ; 574        ; 8A       ; RESERVED_INPUT_WITH_WEAK_PULLUP ;        ;              ;                     ; Column I/O   ;                 ; no       ; On           ;
; B10      ; 560        ; 8A       ; RESERVED_INPUT_WITH_WEAK_PULLUP ;        ;              ;                     ; Column I/O   ;                 ; no       ; On           ;
; B11      ; 570        ; 8A       ; RESERVED_INPUT_WITH_WEAK_PULLUP ;        ;              ;                     ; Column I/O   ;                 ; no       ; On           ;
; B12      ;            ; 8A       ; VCCIO8A                         ; power  ;              ; 2.5V                ; --           ;                 ; --       ; --           ;
; B13      ; 552        ; 8A       ; RESERVED_INPUT_WITH_WEAK_PULLUP ;        ;              ;                     ; Column I/O   ;                 ; no       ; On           ;
; B14      ; 558        ; 8A       ; RESERVED_INPUT_WITH_WEAK_PULLUP ;        ;              ;                     ; Column I/O   ;                 ; no       ; On           ;
; B15      ; 544        ; 8A       ; RESERVED_INPUT_WITH_WEAK_PULLUP ;        ;              ;                     ; Column I/O   ;                 ; no       ; On           ;
; B16      ; 545        ; 8A       ; RESERVED_INPUT_WITH_WEAK_PULLUP ;        ;              ;                     ; Column I/O   ;                 ; no       ; On           ;
; B17      ;            ; 8A       ; VCCIO8A                         ; power  ;              ; 2.5V                ; --           ;                 ; --       ; --           ;
; B18      ; 536        ; 8A       ; RESERVED_INPUT_WITH_WEAK_PULLUP ;        ;              ;                     ; Column I/O   ;                 ; no       ; On           ;
; B19      ; 529        ; 7A       ; RESERVED_INPUT_WITH_WEAK_PULLUP ;        ;              ;                     ; Column I/O   ;                 ; no       ; On           ;
; B20      ; 527        ; 7A       ; RESERVED_INPUT_WITH_WEAK_PULLUP ;        ;              ;                     ; Column I/O   ;                 ; no       ; On           ;
; B21      ; 521        ; 7A       ; RESERVED_INPUT_WITH_WEAK_PULLUP ;        ;              ;                     ; Column I/O   ;                 ; no       ; On           ;
; B22      ;            ;          ; GND                             ; gnd    ;              ;                     ; --           ;                 ; --       ; --           ;
; B23      ; 516        ; 7A       ; RESERVED_INPUT_WITH_WEAK_PULLUP ;        ;              ;                     ; Column I/O   ;                 ; no       ; On           ;
; B24      ; 518        ; 7A       ; RESERVED_INPUT_WITH_WEAK_PULLUP ;        ;              ;                     ; Column I/O   ;                 ; no       ; On           ;
; B25      ; 506        ; 7A       ; RESERVED_INPUT_WITH_WEAK_PULLUP ;        ;              ;                     ; Column I/O   ;                 ; no       ; On           ;
; B26      ; 504        ; 7A       ; RESERVED_INPUT_WITH_WEAK_PULLUP ;        ;              ;                     ; Column I/O   ;                 ; no       ; On           ;
; B27      ;            ; 7A       ; VCCIO7A                         ; power  ;              ; 2.5V                ; --           ;                 ; --       ; --           ;
; B28      ; 480        ; 7A       ; RESERVED_INPUT_WITH_WEAK_PULLUP ;        ;              ;                     ; Column I/O   ;                 ; no       ; On           ;
; B29      ; 482        ; 7A       ; RESERVED_INPUT_WITH_WEAK_PULLUP ;        ;              ;                     ; Column I/O   ;                 ; no       ; On           ;
; B30      ; 466        ; 7A       ; RESERVED_INPUT_WITH_WEAK_PULLUP ;        ;              ;                     ; Column I/O   ;                 ; no       ; On           ;
; B31      ; 464        ; 7A       ; RESERVED_INPUT_WITH_WEAK_PULLUP ;        ;              ;                     ; Column I/O   ;                 ; no       ; On           ;
; B32      ;            ;          ; GND                             ; gnd    ;              ;                     ; --           ;                 ; --       ; --           ;
; B33      ;            ;          ; NC                              ;        ;              ;                     ; --           ;                 ; --       ; --           ;
; B34      ;            ;          ; GND                             ; gnd    ;              ;                     ; --           ;                 ; --       ; --           ;
; C1       ; 608        ; 8A       ; RESERVED_INPUT_WITH_WEAK_PULLUP ;        ;              ;                     ; Column I/O   ;                 ; no       ; On           ;
; C2       ;            ;          ; NC                              ;        ;              ;                     ; --           ;                 ; --       ; --           ;
; C3       ;            ;          ; GND                             ; gnd    ;              ;                     ; --           ;                 ; --       ; --           ;
; C4       ;            ;          ; GND                             ; gnd    ;              ;                     ; --           ;                 ; --       ; --           ;
; C5       ;            ;          ; GND                             ; gnd    ;              ;                     ; --           ;                 ; --       ; --           ;
; C6       ; 584        ; 8A       ; RESERVED_INPUT_WITH_WEAK_PULLUP ;        ;              ;                     ; Column I/O   ;                 ; no       ; On           ;
; C7       ; 602        ; 8A       ; RESERVED_INPUT_WITH_WEAK_PULLUP ;        ;              ;                     ; Column I/O   ;                 ; no       ; On           ;
; C8       ; 600        ; 8A       ; RESERVED_INPUT_WITH_WEAK_PULLUP ;        ;              ;                     ; Column I/O   ;                 ; no       ; On           ;
; C9       ; 572        ; 8A       ; RESERVED_INPUT_WITH_WEAK_PULLUP ;        ;              ;                     ; Column I/O   ;                 ; no       ; On           ;
; C10      ;            ; 8A       ; VCCIO8A                         ; power  ;              ; 2.5V                ; --           ;                 ; --       ; --           ;
; C11      ; 568        ; 8A       ; RESERVED_INPUT_WITH_WEAK_PULLUP ;        ;              ;                     ; Column I/O   ;                 ; no       ; On           ;
; C12      ; 578        ; 8A       ; RESERVED_INPUT_WITH_WEAK_PULLUP ;        ;              ;                     ; Column I/O   ;                 ; no       ; On           ;
; C13      ; 576        ; 8A       ; RESERVED_INPUT_WITH_WEAK_PULLUP ;        ;              ;                     ; Column I/O   ;                 ; no       ; On           ;
; C14      ; 556        ; 8A       ; RESERVED_INPUT_WITH_WEAK_PULLUP ;        ;              ;                     ; Column I/O   ;                 ; no       ; On           ;
; C15      ;            ;          ; GND                             ; gnd    ;              ;                     ; --           ;                 ; --       ; --           ;
; C16      ; 543        ; 8A       ; RESERVED_INPUT_WITH_WEAK_PULLUP ;        ;              ;                     ; Column I/O   ;                 ; no       ; On           ;
; C17      ; 534        ; 8A       ; RESERVED_INPUT_WITH_WEAK_PULLUP ;        ;              ;                     ; Column I/O   ;                 ; no       ; On           ;
; C18      ; 532        ; 8A       ; RESERVED_INPUT_WITH_WEAK_PULLUP ;        ;              ;                     ; Column I/O   ;                 ; no       ; On           ;
; C19      ;            ;          ; NC                              ;        ;              ;                     ; --           ;                 ; --       ; --           ;
; C20      ;            ; 7A       ; VCCIO7A                         ; power  ;              ; 2.5V                ; --           ;                 ; --       ; --           ;
; C21      ; 519        ; 7A       ; RESERVED_INPUT_WITH_WEAK_PULLUP ;        ;              ;                     ; Column I/O   ;                 ; no       ; On           ;
; C22      ; 508        ; 7A       ; RESERVED_INPUT_WITH_WEAK_PULLUP ;        ;              ;                     ; Column I/O   ;                 ; no       ; On           ;
; C23      ; 505        ; 7A       ; RESERVED_INPUT_WITH_WEAK_PULLUP ;        ;              ;                     ; Column I/O   ;                 ; no       ; On           ;
; C24      ; 498        ; 7A       ; RESERVED_INPUT_WITH_WEAK_PULLUP ;        ;              ;                     ; Column I/O   ;                 ; no       ; On           ;
; C25      ;            ;          ; GND                             ; gnd    ;              ;                     ; --           ;                 ; --       ; --           ;
; C26      ; 494        ; 7A       ; RESERVED_INPUT_WITH_WEAK_PULLUP ;        ;              ;                     ; Column I/O   ;                 ; no       ; On           ;
; C27      ; 490        ; 7A       ; RESERVED_INPUT_WITH_WEAK_PULLUP ;        ;              ;                     ; Column I/O   ;                 ; no       ; On           ;
; C28      ; 474        ; 7A       ; RESERVED_INPUT_WITH_WEAK_PULLUP ;        ;              ;                     ; Column I/O   ;                 ; no       ; On           ;
; C29      ; 472        ; 7A       ; RESERVED_INPUT_WITH_WEAK_PULLUP ;        ;              ;                     ; Column I/O   ;                 ; no       ; On           ;
; C30      ;            ; 7A       ; VCCIO7A                         ; power  ;              ; 2.5V                ; --           ;                 ; --       ; --           ;
; C31      ; 458        ; 7A       ; RESERVED_INPUT_WITH_WEAK_PULLUP ;        ;              ;                     ; Column I/O   ;                 ; no       ; On           ;
; C32      ; 456        ; 7A       ; RESERVED_INPUT_WITH_WEAK_PULLUP ;        ;              ;                     ; Column I/O   ;                 ; no       ; On           ;
; C33      ;            ;          ; NC                              ;        ;              ;                     ; --           ;                 ; --       ; --           ;
; C34      ;            ;          ; NC                              ;        ;              ;                     ; --           ;                 ; --       ; --           ;
; D1       ;            ;          ; GND                             ; gnd    ;              ;                     ; --           ;                 ; --       ; --           ;
; D2       ;            ;          ; GND                             ; gnd    ;              ;                     ; --           ;                 ; --       ; --           ;
; D3       ;            ;          ; DNU                             ;        ;              ;                     ; --           ;                 ; --       ; --           ;
; D4       ;            ;          ; DNU                             ;        ;              ;                     ; --           ;                 ; --       ; --           ;
; D5       ;            ;          ; GND                             ; gnd    ;              ;                     ; --           ;                 ; --       ; --           ;
; D6       ;            ;          ; NC                              ;        ;              ;                     ; --           ;                 ; --       ; --           ;
; D7       ; 622        ; 8A       ; RESERVED_INPUT_WITH_WEAK_PULLUP ;        ;              ;                     ; Column I/O   ;                 ; no       ; On           ;
; D8       ;            ;          ; GND                             ; gnd    ;              ;                     ; --           ;                 ; --       ; --           ;
; D9       ; 618        ; 8A       ; RESERVED_INPUT_WITH_WEAK_PULLUP ;        ;              ;                     ; Column I/O   ;                 ; no       ; On           ;
; D10      ; 598        ; 8A       ; RESERVED_INPUT_WITH_WEAK_PULLUP ;        ;              ;                     ; Column I/O   ;                 ; no       ; On           ;
; D11      ; 596        ; 8A       ; RESERVED_INPUT_WITH_WEAK_PULLUP ;        ;              ;                     ; Column I/O   ;                 ; no       ; On           ;
; D12      ; 609        ; 8A       ; RESERVED_INPUT_WITH_WEAK_PULLUP ;        ;              ;                     ; Column I/O   ;                 ; no       ; On           ;
; D13      ;            ; 8A       ; VCCIO8A                         ; power  ;              ; 2.5V                ; --           ;                 ; --       ; --           ;
; D14      ; 585        ; 8A       ; RESERVED_INPUT_WITH_WEAK_PULLUP ;        ;              ;                     ; Column I/O   ;                 ; no       ; On           ;
; D15      ; 577        ; 8A       ; RESERVED_INPUT_WITH_WEAK_PULLUP ;        ;              ;                     ; Column I/O   ;                 ; no       ; On           ;
; D16      ; 561        ; 8A       ; RESERVED_INPUT_WITH_WEAK_PULLUP ;        ;              ;                     ; Column I/O   ;                 ; no       ; On           ;
; D17      ; 559        ; 8A       ; RESERVED_INPUT_WITH_WEAK_PULLUP ;        ;              ;                     ; Column I/O   ;                 ; no       ; On           ;
; D18      ;            ;          ; GND                             ; gnd    ;              ;                     ; --           ;                 ; --       ; --           ;
; D19      ; 526        ; 7A       ; RESERVED_INPUT_WITH_WEAK_PULLUP ;        ;              ;                     ; Column I/O   ;                 ; no       ; On           ;
; D20      ; 513        ; 7A       ; RESERVED_INPUT_WITH_WEAK_PULLUP ;        ;              ;                     ; Column I/O   ;                 ; no       ; On           ;
; D21      ; 510        ; 7A       ; RESERVED_INPUT_WITH_WEAK_PULLUP ;        ;              ;                     ; Column I/O   ;                 ; no       ; On           ;
; D22      ; 503        ; 7A       ; RESERVED_INPUT_WITH_WEAK_PULLUP ;        ;              ;                     ; Column I/O   ;                 ; no       ; On           ;
; D23      ;            ; 7A       ; VCCIO7A                         ; power  ;              ; 2.5V                ; --           ;                 ; --       ; --           ;
; D24      ; 496        ; 7A       ; RESERVED_INPUT_WITH_WEAK_PULLUP ;        ;              ;                     ; Column I/O   ;                 ; no       ; On           ;
; D25      ; 492        ; 7A       ; RESERVED_INPUT_WITH_WEAK_PULLUP ;        ;              ;                     ; Column I/O   ;                 ; no       ; On           ;
; D26      ; 478        ; 7A       ; RESERVED_INPUT_WITH_WEAK_PULLUP ;        ;              ;                     ; Column I/O   ;                 ; no       ; On           ;
; D27      ; 488        ; 7A       ; RESERVED_INPUT_WITH_WEAK_PULLUP ;        ;              ;                     ; Column I/O   ;                 ; no       ; On           ;
; D28      ;            ;          ; GND                             ; gnd    ;              ;                     ; --           ;                 ; --       ; --           ;
; D29      ; 457        ; 7A       ; RESERVED_INPUT_WITH_WEAK_PULLUP ;        ;              ;                     ; Column I/O   ;                 ; no       ; On           ;
; D30      ; 455        ; 7A       ; RESERVED_INPUT_WITH_WEAK_PULLUP ;        ;              ;                     ; Column I/O   ;                 ; no       ; On           ;
; D31      ;            ;          ; NC                              ;        ;              ;                     ; --           ;                 ; --       ; --           ;
; D32      ;            ;          ; NC                              ;        ;              ;                     ; --           ;                 ; --       ; --           ;
; D33      ;            ;          ; GND                             ; gnd    ;              ;                     ; --           ;                 ; --       ; --           ;
; D34      ;            ;          ; NC                              ;        ;              ;                     ; --           ;                 ; --       ; --           ;
; E1       ;            ;          ; RREF                            ;        ;              ;                     ; --           ;                 ; --       ; --           ;
; E2       ;            ;          ; GND                             ; gnd    ;              ;                     ; --           ;                 ; --       ; --           ;
; E3       ;            ;          ; GND                             ; gnd    ;              ;                     ; --           ;                 ; --       ; --           ;
; E4       ;            ;          ; GND                             ; gnd    ;              ;                     ; --           ;                 ; --       ; --           ;
; E5       ;            ;          ; GND                             ; gnd    ;              ;                     ; --           ;                 ; --       ; --           ;
; E6       ;            ; 8A       ; VCCIO8A                         ; power  ;              ; 2.5V                ; --           ;                 ; --       ; --           ;
; E7       ; 620        ; 8A       ; RESERVED_INPUT_WITH_WEAK_PULLUP ;        ;              ;                     ; Column I/O   ;                 ; no       ; On           ;
; E8       ; 626        ; 8A       ; RESERVED_INPUT_WITH_WEAK_PULLUP ;        ;              ;                     ; Column I/O   ;                 ; no       ; On           ;
; E9       ; 616        ; 8A       ; RESERVED_INPUT_WITH_WEAK_PULLUP ;        ;              ;                     ; Column I/O   ;                 ; no       ; On           ;
; E10      ; 614        ; 8A       ; RESERVED_INPUT_WITH_WEAK_PULLUP ;        ;              ;                     ; Column I/O   ;                 ; no       ; On           ;
; E11      ;            ;          ; GND                             ; gnd    ;              ;                     ; --           ;                 ; --       ; --           ;
; E12      ; 607        ; 8A       ; RESERVED_INPUT_WITH_WEAK_PULLUP ;        ;              ;                     ; Column I/O   ;                 ; no       ; On           ;
; E13      ; 590        ; 8A       ; RESERVED_INPUT_WITH_WEAK_PULLUP ;        ;              ;                     ; Column I/O   ;                 ; no       ; On           ;
; E14      ; 583        ; 8A       ; RESERVED_INPUT_WITH_WEAK_PULLUP ;        ;              ;                     ; Column I/O   ;                 ; no       ; On           ;
; E15      ; 575        ; 8A       ; RESERVED_INPUT_WITH_WEAK_PULLUP ;        ;              ;                     ; Column I/O   ;                 ; no       ; On           ;
; E16      ;            ; 8A       ; VCCIO8A                         ; power  ;              ; 2.5V                ; --           ;                 ; --       ; --           ;
; E17      ; 537        ; 8A       ; RESERVED_INPUT_WITH_WEAK_PULLUP ;        ;              ;                     ; Column I/O   ;                 ; no       ; On           ;
; E18      ; 535        ; 8A       ; RESERVED_INPUT_WITH_WEAK_PULLUP ;        ;              ;                     ; Column I/O   ;                 ; no       ; On           ;
; E19      ; 524        ; 7A       ; RESERVED_INPUT_WITH_WEAK_PULLUP ;        ;              ;                     ; Column I/O   ;                 ; no       ; On           ;
; E20      ; 511        ; 7A       ; RESERVED_INPUT_WITH_WEAK_PULLUP ;        ;              ;                     ; Column I/O   ;                 ; no       ; On           ;
; E21      ;            ;          ; GND                             ; gnd    ;              ;                     ; --           ;                 ; --       ; --           ;
; E22      ; 484        ; 7A       ; RESERVED_INPUT_WITH_WEAK_PULLUP ;        ;              ;                     ; Column I/O   ;                 ; no       ; On           ;
; E23      ; 486        ; 7A       ; RESERVED_INPUT_WITH_WEAK_PULLUP ;        ;              ;                     ; Column I/O   ;                 ; no       ; On           ;
; E24      ; 468        ; 7A       ; RESERVED_INPUT_WITH_WEAK_PULLUP ;        ;              ;                     ; Column I/O   ;                 ; no       ; On           ;
; E25      ; 470        ; 7A       ; RESERVED_INPUT_WITH_WEAK_PULLUP ;        ;              ;                     ; Column I/O   ;                 ; no       ; On           ;
; E26      ;            ; 7A       ; VCCIO7A                         ; power  ;              ; 2.5V                ; --           ;                 ; --       ; --           ;
; E27      ; 476        ; 7A       ; RESERVED_INPUT_WITH_WEAK_PULLUP ;        ;              ;                     ; Column I/O   ;                 ; no       ; On           ;
; E28      ; 462        ; 7A       ; RESERVED_INPUT_WITH_WEAK_PULLUP ;        ;              ;                     ; Column I/O   ;                 ; no       ; On           ;
; E29      ; 460        ; 7A       ; RESERVED_INPUT_WITH_WEAK_PULLUP ;        ;              ;                     ; Column I/O   ;                 ; no       ; On           ;
; E30      ; 450        ; 7A       ; RESERVED_INPUT_WITH_WEAK_PULLUP ;        ;              ;                     ; Column I/O   ;                 ; no       ; On           ;
; E31      ;            ;          ; GND                             ; gnd    ;              ;                     ; --           ;                 ; --       ; --           ;
; E32      ;            ;          ; NC                              ;        ;              ;                     ; --           ;                 ; --       ; --           ;
; E33      ;            ;          ; NC                              ;        ;              ;                     ; --           ;                 ; --       ; --           ;
; E34      ;            ;          ; NC                              ;        ;              ;                     ; --           ;                 ; --       ; --           ;
; F1       ;            ;          ; GND                             ; gnd    ;              ;                     ; --           ;                 ; --       ; --           ;
; F2       ;            ;          ; GND                             ; gnd    ;              ;                     ; --           ;                 ; --       ; --           ;
; F3       ; 2          ; B3L      ; GXB_NC                          ;        ;              ;                     ; --           ;                 ; --       ; --           ;
; F4       ; 3          ; B3L      ; GXB_NC                          ;        ;              ;                     ; --           ;                 ; --       ; --           ;
; F5       ;            ;          ; GND                             ; gnd    ;              ;                     ; --           ;                 ; --       ; --           ;
; F6       ; 632        ; 9A       ; ^MSEL2                          ;        ;              ;                     ; --           ;                 ; --       ; --           ;
; F7       ; 631        ; 9A       ; ^nCE                            ;        ;              ;                     ; --           ;                 ; --       ; --           ;
; F8       ; 624        ; 8A       ; RESERVED_INPUT_WITH_WEAK_PULLUP ;        ;              ;                     ; Column I/O   ;                 ; no       ; On           ;
; F9       ;            ; 8A       ; VCCIO8A                         ; power  ;              ; 2.5V                ; --           ;                 ; --       ; --           ;
; F10      ; 612        ; 8A       ; RESERVED_INPUT_WITH_WEAK_PULLUP ;        ;              ;                     ; Column I/O   ;                 ; no       ; On           ;
; F11      ; 617        ; 8A       ; RESERVED_INPUT_WITH_WEAK_PULLUP ;        ;              ;                     ; Column I/O   ;                 ; no       ; On           ;
; F12      ; 615        ; 8A       ; RESERVED_INPUT_WITH_WEAK_PULLUP ;        ;              ;                     ; Column I/O   ;                 ; no       ; On           ;
; F13      ; 588        ; 8A       ; RESERVED_INPUT_WITH_WEAK_PULLUP ;        ;              ;                     ; Column I/O   ;                 ; no       ; On           ;
; F14      ;            ;          ; GND                             ; gnd    ;              ;                     ; --           ;                 ; --       ; --           ;
; F15      ; 563        ; 8A       ; RESERVED_INPUT_WITH_WEAK_PULLUP ;        ;              ;                     ; Column I/O   ;                 ; no       ; On           ;
; F16      ; 553        ; 8A       ; RESERVED_INPUT_WITH_WEAK_PULLUP ;        ;              ;                     ; Column I/O   ;                 ; no       ; On           ;
; F17      ; 551        ; 8A       ; RESERVED_INPUT_WITH_WEAK_PULLUP ;        ;              ;                     ; Column I/O   ;                 ; no       ; On           ;
; F18      ; 533        ; 8A       ; RESERVED_INPUT_WITH_WEAK_PULLUP ;        ;              ;                     ; Column I/O   ;                 ; no       ; On           ;
; F19      ;            ; 7A       ; VCCIO7A                         ; power  ;              ; 2.5V                ; --           ;                 ; --       ; --           ;
; F20      ; 495        ; 7A       ; RESERVED_INPUT_WITH_WEAK_PULLUP ;        ;              ;                     ; Column I/O   ;                 ; no       ; On           ;
; F21      ; 487        ; 7A       ; RESERVED_INPUT_WITH_WEAK_PULLUP ;        ;              ;                     ; Column I/O   ;                 ; no       ; On           ;
; F22      ; 473        ; 7A       ; RESERVED_INPUT_WITH_WEAK_PULLUP ;        ;              ;                     ; Column I/O   ;                 ; no       ; On           ;
; F23      ; 471        ; 7A       ; RESERVED_INPUT_WITH_WEAK_PULLUP ;        ;              ;                     ; Column I/O   ;                 ; no       ; On           ;
; F24      ;            ;          ; GND                             ; gnd    ;              ;                     ; --           ;                 ; --       ; --           ;
; F25      ; 441        ; 7A       ; RESERVED_INPUT_WITH_WEAK_PULLUP ;        ;              ;                     ; Column I/O   ;                 ; no       ; On           ;
; F26      ; 444        ; 7A       ; RESERVED_INPUT_WITH_WEAK_PULLUP ;        ;              ;                     ; Column I/O   ;                 ; no       ; On           ;
; F27      ; 452        ; 7A       ; RESERVED_INPUT_WITH_WEAK_PULLUP ;        ;              ;                     ; Column I/O   ;                 ; no       ; On           ;
; F28      ; 454        ; 7A       ; RESERVED_INPUT_WITH_WEAK_PULLUP ;        ;              ;                     ; Column I/O   ;                 ; no       ; On           ;
; F29      ;            ; 7A       ; VCCIO7A                         ; power  ;              ; 2.5V                ; --           ;                 ; --       ; --           ;
; F30      ; 448        ; 7A       ; RESERVED_INPUT_WITH_WEAK_PULLUP ;        ;              ;                     ; Column I/O   ;                 ; no       ; On           ;
; F31      ;            ;          ; NC                              ;        ;              ;                     ; --           ;                 ; --       ; --           ;
; F32      ;            ;          ; NC                              ;        ;              ;                     ; --           ;                 ; --       ; --           ;
; F33      ;            ;          ; NC                              ;        ;              ;                     ; --           ;                 ; --       ; --           ;
; F34      ;            ;          ; GND                             ; gnd    ;              ;                     ; --           ;                 ; --       ; --           ;
; G1       ; 5          ; B3L      ; GND                             ;        ;              ;                     ; --           ;                 ; --       ; --           ;
; G2       ; 4          ; B3L      ; GND                             ;        ;              ;                     ; --           ;                 ; --       ; --           ;
; G3       ;            ;          ; GND                             ; gnd    ;              ;                     ; --           ;                 ; --       ; --           ;
; G4       ;            ;          ; GND                             ; gnd    ;              ;                     ; --           ;                 ; --       ; --           ;
; G5       ;            ;          ; GND                             ; gnd    ;              ;                     ; --           ;                 ; --       ; --           ;
; G6       ;            ;          ; NC                              ;        ;              ;                     ; --           ;                 ; --       ; --           ;
; G7       ;            ;          ; GND                             ; gnd    ;              ;                     ; --           ;                 ; --       ; --           ;
; G8       ; 634        ; 9A       ; ^nCONFIG                        ;        ;              ;                     ; --           ;                 ; --       ; --           ;
; G9       ; 630        ; 9A       ; ^nSTATUS                        ;        ;              ;                     ; --           ;                 ; --       ; --           ;
; G10      ; 628        ; 9A       ; ^CONF_DONE                      ;        ;              ;                     ; --           ;                 ; --       ; --           ;
; G11      ; 625        ; 8A       ; RESERVED_INPUT_WITH_WEAK_PULLUP ;        ;              ;                     ; Column I/O   ;                 ; no       ; On           ;
; G12      ;            ; 8A       ; VCCIO8A                         ; power  ;              ; 2.5V                ; --           ;                 ; --       ; --           ;
; G13      ; 599        ; 8A       ; RESERVED_INPUT_WITH_WEAK_PULLUP ;        ;              ;                     ; Column I/O   ;                 ; no       ; On           ;
; G14      ; 593        ; 8A       ; RESERVED_INPUT_WITH_WEAK_PULLUP ;        ;              ;                     ; Column I/O   ;                 ; no       ; On           ;
; G15      ; 565        ; 8A       ; RESERVED_INPUT_WITH_WEAK_PULLUP ;        ;              ;                     ; Column I/O   ;                 ; no       ; On           ;
; G16      ;            ; 8A       ; VREFB8AN0                       ; power  ;              ;                     ; --           ;                 ; --       ; --           ;
; G17      ;            ;          ; GND                             ; gnd    ;              ;                     ; --           ;                 ; --       ; --           ;
; G18      ; 531        ; 8A       ; RESERVED_INPUT_WITH_WEAK_PULLUP ;        ;              ;                     ; Column I/O   ;                 ; no       ; On           ;
; G19      ;            ; 7A       ; VREFB7AN0                       ; power  ;              ;                     ; --           ;                 ; --       ; --           ;
; G20      ; 497        ; 7A       ; RESERVED_INPUT_WITH_WEAK_PULLUP ;        ;              ;                     ; Column I/O   ;                 ; no       ; On           ;
; G21      ; 489        ; 7A       ; RESERVED_INPUT_WITH_WEAK_PULLUP ;        ;              ;                     ; Column I/O   ;                 ; no       ; On           ;
; G22      ;            ; 7A       ; VCCIO7A                         ; power  ;              ; 2.5V                ; --           ;                 ; --       ; --           ;
; G23      ; 465        ; 7A       ; RESERVED_INPUT_WITH_WEAK_PULLUP ;        ;              ;                     ; Column I/O   ;                 ; no       ; On           ;
; G24      ; 447        ; 7A       ; RESERVED_INPUT_WITH_WEAK_PULLUP ;        ;              ;                     ; Column I/O   ;                 ; no       ; On           ;
; G25      ; 439        ; 7A       ; RESERVED_INPUT_WITH_WEAK_PULLUP ;        ;              ;                     ; Column I/O   ;                 ; no       ; On           ;
; G26      ; 446        ; 7A       ; RESERVED_INPUT_WITH_WEAK_PULLUP ;        ;              ;                     ; Column I/O   ;                 ; no       ; On           ;
; G27      ;            ;          ; GND                             ; gnd    ;              ;                     ; --           ;                 ; --       ; --           ;
; G28      ; 440        ; 7A       ; RESERVED_INPUT_WITH_WEAK_PULLUP ;        ;              ;                     ; Column I/O   ;                 ; no       ; On           ;
; G29      ; 442        ; 7A       ; RESERVED_INPUT_WITH_WEAK_PULLUP ;        ;              ;                     ; Column I/O   ;                 ; no       ; On           ;
; G30      ; 421        ; 6A       ; RESERVED_INPUT_WITH_WEAK_PULLUP ;        ;              ;                     ; Row I/O      ;                 ; no       ; On           ;
; G31      ; 419        ; 6A       ; RESERVED_INPUT_WITH_WEAK_PULLUP ;        ;              ;                     ; Row I/O      ;                 ; no       ; On           ;
; G32      ;            ; 6A       ; VCCIO6A                         ; power  ;              ; 2.5V                ; --           ;                 ; --       ; --           ;
; G33      ; 401        ; 6A       ; RESERVED_INPUT_WITH_WEAK_PULLUP ;        ;              ;                     ; Row I/O      ;                 ; no       ; On           ;
; G34      ; 399        ; 6A       ; RESERVED_INPUT_WITH_WEAK_PULLUP ;        ;              ;                     ; Row I/O      ;                 ; no       ; On           ;
; H1       ;            ;          ; GND                             ; gnd    ;              ;                     ; --           ;                 ; --       ; --           ;
; H2       ;            ;          ; GND                             ; gnd    ;              ;                     ; --           ;                 ; --       ; --           ;
; H3       ; 6          ; B3L      ; GXB_NC                          ;        ;              ;                     ; --           ;                 ; --       ; --           ;
; H4       ; 7          ; B3L      ; GXB_NC                          ;        ;              ;                     ; --           ;                 ; --       ; --           ;
; H5       ;            ;          ; GND                             ; gnd    ;              ;                     ; --           ;                 ; --       ; --           ;
; H6       ;            ;          ; NC                              ;        ;              ;                     ; --           ;                 ; --       ; --           ;
; H7       ; 635        ; 9A       ; ^MSEL4                          ;        ;              ;                     ; --           ;                 ; --       ; --           ;
; H8       ; 636        ; 9A       ; ^GND                            ;        ;              ;                     ; --           ;                 ; --       ; --           ;
; H9       ;            ; --       ; VCCBAT                          ; power  ;              ; 1.2V                ; --           ;                 ; --       ; --           ;
; H10      ;            ;          ; GND                             ; gnd    ;              ;                     ; --           ;                 ; --       ; --           ;
; H11      ;            ; --       ; VCCPGM                          ; power  ;              ; 1.8V/2.5V/3.0V/3.3V ; --           ;                 ; --       ; --           ;
; H12      ; 623        ; 8A       ; RESERVED_INPUT_WITH_WEAK_PULLUP ;        ;              ;                     ; Column I/O   ;                 ; no       ; On           ;
; H13      ; 601        ; 8A       ; RESERVED_INPUT_WITH_WEAK_PULLUP ;        ;              ;                     ; Column I/O   ;                 ; no       ; On           ;
; H14      ; 591        ; 8A       ; RESERVED_INPUT_WITH_WEAK_PULLUP ;        ;              ;                     ; Column I/O   ;                 ; no       ; On           ;
; H15      ;            ; 8A       ; VCCIO8A                         ; power  ;              ; 2.5V                ; --           ;                 ; --       ; --           ;
; H16      ; 549        ; 8A       ; RESERVED_INPUT_WITH_WEAK_PULLUP ;        ;              ;                     ; Column I/O   ;                 ; no       ; On           ;
; H17      ; 547        ; 8A       ; RESERVED_INPUT_WITH_WEAK_PULLUP ;        ;              ;                     ; Column I/O   ;                 ; no       ; On           ;
; H18      ; 517        ; 7A       ; RESERVED_INPUT_WITH_WEAK_PULLUP ;        ;              ;                     ; Column I/O   ;                 ; no       ; On           ;
; H19      ; 515        ; 7A       ; RESERVED_INPUT_WITH_WEAK_PULLUP ;        ;              ;                     ; Column I/O   ;                 ; no       ; On           ;
; H20      ;            ;          ; GND                             ; gnd    ;              ;                     ; --           ;                 ; --       ; --           ;
; H21      ; 481        ; 7A       ; RESERVED_INPUT_WITH_WEAK_PULLUP ;        ;              ;                     ; Column I/O   ;                 ; no       ; On           ;
; H22      ; 479        ; 7A       ; RESERVED_INPUT_WITH_WEAK_PULLUP ;        ;              ;                     ; Column I/O   ;                 ; no       ; On           ;
; H23      ; 463        ; 7A       ; RESERVED_INPUT_WITH_WEAK_PULLUP ;        ;              ;                     ; Column I/O   ;                 ; no       ; On           ;
; H24      ; 449        ; 7A       ; RESERVED_INPUT_WITH_WEAK_PULLUP ;        ;              ;                     ; Column I/O   ;                 ; no       ; On           ;
; H25      ;            ; 7A       ; VCCIO7A                         ; power  ;              ; 2.5V                ; --           ;                 ; --       ; --           ;
; H26      ; 438        ; 7A       ; RESERVED_INPUT_WITH_WEAK_PULLUP ;        ;              ;                     ; Column I/O   ;                 ; no       ; On           ;
; H27      ; 436        ; 7A       ; RESERVED_INPUT_WITH_WEAK_PULLUP ;        ;              ;                     ; Column I/O   ;                 ; no       ; On           ;
; H28      ; 429        ; 6A       ; RESERVED_INPUT_WITH_WEAK_PULLUP ;        ;              ;                     ; Row I/O      ;                 ; no       ; On           ;
; H29      ; 427        ; 6A       ; RESERVED_INPUT_WITH_WEAK_PULLUP ;        ;              ;                     ; Row I/O      ;                 ; no       ; On           ;
; H30      ;            ;          ; GND                             ; gnd    ;              ;                     ; --           ;                 ; --       ; --           ;
; H31      ; 413        ; 6A       ; RESERVED_INPUT_WITH_WEAK_PULLUP ;        ;              ;                     ; Row I/O      ;                 ; no       ; On           ;
; H32      ; 409        ; 6A       ; RESERVED_INPUT_WITH_WEAK_PULLUP ;        ;              ;                     ; Row I/O      ;                 ; no       ; On           ;
; H33      ; 393        ; 6A       ; RESERVED_INPUT_WITH_WEAK_PULLUP ;        ;              ;                     ; Row I/O      ;                 ; no       ; On           ;
; H34      ; 391        ; 6A       ; RESERVED_INPUT_WITH_WEAK_PULLUP ;        ;              ;                     ; Row I/O      ;                 ; no       ; On           ;
; J1       ; 9          ; B3L      ; GND                             ;        ;              ;                     ; --           ;                 ; --       ; --           ;
; J2       ; 8          ; B3L      ; GND                             ;        ;              ;                     ; --           ;                 ; --       ; --           ;
; J3       ;            ;          ; GND                             ; gnd    ;              ;                     ; --           ;                 ; --       ; --           ;
; J4       ;            ;          ; GND                             ; gnd    ;              ;                     ; --           ;                 ; --       ; --           ;
; J5       ;            ;          ; GND                             ; gnd    ;              ;                     ; --           ;                 ; --       ; --           ;
; J6       ;            ;          ; NC                              ;        ;              ;                     ; --           ;                 ; --       ; --           ;
; J7       ;            ;          ; NC                              ;        ;              ;                     ; --           ;                 ; --       ; --           ;
; J8       ;            ;          ; NC                              ;        ;              ;                     ; --           ;                 ; --       ; --           ;
; J9       ;            ;          ; NC                              ;        ;              ;                     ; --           ;                 ; --       ; --           ;
; J10      ;            ; --       ; VCC_AUX                         ; power  ;              ; 2.5V                ; --           ;                 ; --       ; --           ;
; J11      ; 629        ; 9A       ; ^MSEL1                          ;        ;              ;                     ; --           ;                 ; --       ; --           ;
; J12      ; 627        ; 9A       ; ^MSEL0                          ;        ;              ;                     ; --           ;                 ; --       ; --           ;
; J13      ;            ;          ; GND                             ; gnd    ;              ;                     ; --           ;                 ; --       ; --           ;
; J14      ;            ; 7A, 8A   ; VCCPD7A8A                       ; power  ;              ; 2.5V                ; --           ;                 ; --       ; --           ;
; J15      ; 579        ; 8A       ; RESERVED_INPUT_WITH_WEAK_PULLUP ;        ;              ;                     ; Column I/O   ;                 ; no       ; On           ;
; J16      ;            ; 7A, 8A   ; VCCPD7A8A                       ; power  ;              ; 2.5V                ; --           ;                 ; --       ; --           ;
; J17      ;            ;          ; DNU                             ;        ;              ;                     ; --           ;                 ; --       ; --           ;
; J18      ;            ; 7A       ; VCCIO7A                         ; power  ;              ; 2.5V                ; --           ;                 ; --       ; --           ;
; J19      ;            ; 7A, 8A   ; VCCPD7A8A                       ; power  ;              ; 2.5V                ; --           ;                 ; --       ; --           ;
; J20      ; 499        ; 7A       ; RESERVED_INPUT_WITH_WEAK_PULLUP ;        ;              ;                     ; Column I/O   ;                 ; no       ; On           ;
; J21      ;            ; 7A, 8A   ; VCCPD7A8A                       ; power  ;              ; 2.5V                ; --           ;                 ; --       ; --           ;
; J22      ;            ; 7A, 8A   ; VCCPD7A8A                       ; power  ;              ; 2.5V                ; --           ;                 ; --       ; --           ;
; J23      ;            ;          ; GND                             ; gnd    ;              ;                     ; --           ;                 ; --       ; --           ;
; J24      ;            ;          ; DNU                             ;        ;              ;                     ; --           ;                 ; --       ; --           ;
; J25      ; 437        ; 7A       ; RESERVED_INPUT_WITH_WEAK_PULLUP ;        ;              ;                     ; Column I/O   ;                 ; no       ; On           ;
; J26      ; 434        ; 7A       ; ^GND                            ;        ;              ;                     ; --           ;                 ; --       ; --           ;
; J27      ;            ;          ; NC                              ;        ;              ;                     ; --           ;                 ; --       ; --           ;
; J28      ;            ; 6A       ; VCCIO6A                         ; power  ;              ; 2.5V                ; --           ;                 ; --       ; --           ;
; J29      ; 425        ; 6A       ; RESERVED_INPUT_WITH_WEAK_PULLUP ;        ;              ;                     ; Row I/O      ;                 ; no       ; On           ;
; J30      ; 423        ; 6A       ; RESERVED_INPUT_WITH_WEAK_PULLUP ;        ;              ;                     ; Row I/O      ;                 ; no       ; On           ;
; J31      ; 411        ; 6A       ; RESERVED_INPUT_WITH_WEAK_PULLUP ;        ;              ;                     ; Row I/O      ;                 ; no       ; On           ;
; J32      ; 407        ; 6A       ; RESERVED_INPUT_WITH_WEAK_PULLUP ;        ;              ;                     ; Row I/O      ;                 ; no       ; On           ;
; J33      ;            ;          ; GND                             ; gnd    ;              ;                     ; --           ;                 ; --       ; --           ;
; J34      ; 381        ; 6A       ; RESERVED_INPUT_WITH_WEAK_PULLUP ;        ;              ;                     ; Row I/O      ;                 ; no       ; On           ;
; K1       ;            ;          ; GND                             ; gnd    ;              ;                     ; --           ;                 ; --       ; --           ;
; K2       ;            ;          ; GND                             ; gnd    ;              ;                     ; --           ;                 ; --       ; --           ;
; K3       ; 10         ; B3L      ; GXB_NC                          ;        ;              ;                     ; --           ;                 ; --       ; --           ;
; K4       ; 11         ; B3L      ; GXB_NC                          ;        ;              ;                     ; --           ;                 ; --       ; --           ;
; K5       ;            ;          ; GND                             ; gnd    ;              ;                     ; --           ;                 ; --       ; --           ;
; K6       ;            ;          ; GND                             ; gnd    ;              ;                     ; --           ;                 ; --       ; --           ;
; K7       ;            ;          ; GND                             ; gnd    ;              ;                     ; --           ;                 ; --       ; --           ;
; K8       ;            ;          ; GND                             ; gnd    ;              ;                     ; --           ;                 ; --       ; --           ;
; K9       ;            ;          ; NC                              ;        ;              ;                     ; --           ;                 ; --       ; --           ;
; K10      ; 633        ; 9A       ; ^MSEL3                          ;        ;              ;                     ; --           ;                 ; --       ; --           ;
; K11      ;            ; 8A       ; VCCIO8A                         ; power  ;              ; 2.5V                ; --           ;                 ; --       ; --           ;
; K12      ; 621        ; 8A       ; RESERVED_INPUT_WITH_WEAK_PULLUP ;        ;              ;                     ; Column I/O   ;                 ; no       ; On           ;
; K13      ; 613        ; 8A       ; RESERVED_INPUT_WITH_WEAK_PULLUP ;        ;              ;                     ; Column I/O   ;                 ; no       ; On           ;
; K14      ; 581        ; 8A       ; RESERVED_INPUT_WITH_WEAK_PULLUP ;        ;              ;                     ; Column I/O   ;                 ; no       ; On           ;
; K15      ;            ; 7A, 8A   ; VCCPD7A8A                       ; power  ;              ; 2.5V                ; --           ;                 ; --       ; --           ;
; K16      ;            ;          ; GND                             ; gnd    ;              ;                     ; --           ;                 ; --       ; --           ;
; K17      ;            ; 7A, 8A   ; VCCPD7A8A                       ; power  ;              ; 2.5V                ; --           ;                 ; --       ; --           ;
; K18      ;            ; --       ; VCC_AUX                         ; power  ;              ; 2.5V                ; --           ;                 ; --       ; --           ;
; K19      ; 501        ; 7A       ; RESERVED_INPUT_WITH_WEAK_PULLUP ;        ;              ;                     ; Column I/O   ;                 ; no       ; On           ;
; K20      ;            ; 7A, 8A   ; VCCPD7A8A                       ; power  ;              ; 2.5V                ; --           ;                 ; --       ; --           ;
; K21      ;            ; 7A       ; VCCIO7A                         ; power  ;              ; 2.5V                ; --           ;                 ; --       ; --           ;
; K22      ; 469        ; 7A       ; RESERVED_INPUT_WITH_WEAK_PULLUP ;        ;              ;                     ; Column I/O   ;                 ; no       ; On           ;
; K23      ; 461        ; 7A       ; RESERVED_INPUT_WITH_WEAK_PULLUP ;        ;              ;                     ; Column I/O   ;                 ; no       ; On           ;
; K24      ;            ; --       ; VCC_AUX                         ; power  ;              ; 2.5V                ; --           ;                 ; --       ; --           ;
; K25      ; 435        ; 7A       ; RESERVED_INPUT_WITH_WEAK_PULLUP ;        ;              ;                     ; Column I/O   ;                 ; no       ; On           ;
; K26      ;            ;          ; GND                             ; gnd    ;              ;                     ; --           ;                 ; --       ; --           ;
; K27      ;            ;          ; NC                              ;        ;              ;                     ; --           ;                 ; --       ; --           ;
; K28      ; 433        ; 6A       ; RESERVED_INPUT_WITH_WEAK_PULLUP ;        ;              ;                     ; Row I/O      ;                 ; no       ; On           ;
; K29      ; 431        ; 6A       ; RESERVED_INPUT_WITH_WEAK_PULLUP ;        ;              ;                     ; Row I/O      ;                 ; no       ; On           ;
; K30      ; 408        ; 6A       ; RESERVED_INPUT_WITH_WEAK_PULLUP ;        ;              ;                     ; Row I/O      ;                 ; no       ; On           ;
; K31      ;            ; 6A       ; VCCIO6A                         ; power  ;              ; 2.5V                ; --           ;                 ; --       ; --           ;
; K32      ; 389        ; 6A       ; RESERVED_INPUT_WITH_WEAK_PULLUP ;        ;              ;                     ; Row I/O      ;                 ; no       ; On           ;
; K33      ; 387        ; 6A       ; RESERVED_INPUT_WITH_WEAK_PULLUP ;        ;              ;                     ; Row I/O      ;                 ; no       ; On           ;
; K34      ; 379        ; 6A       ; RESERVED_INPUT_WITH_WEAK_PULLUP ;        ;              ;                     ; Row I/O      ;                 ; no       ; On           ;
; L1       ; 13         ; B3L      ; GND                             ;        ;              ;                     ; --           ;                 ; --       ; --           ;
; L2       ; 12         ; B3L      ; GND                             ;        ;              ;                     ; --           ;                 ; --       ; --           ;
; L3       ;            ;          ; GND                             ; gnd    ;              ;                     ; --           ;                 ; --       ; --           ;
; L4       ;            ;          ; GND                             ; gnd    ;              ;                     ; --           ;                 ; --       ; --           ;
; L5       ;            ;          ; GND                             ; gnd    ;              ;                     ; --           ;                 ; --       ; --           ;
; L6       ;            ;          ; GND                             ; gnd    ;              ;                     ; --           ;                 ; --       ; --           ;
; L7       ;            ;          ; GND                             ; gnd    ;              ;                     ; --           ;                 ; --       ; --           ;
; L8       ;            ;          ; GND                             ; gnd    ;              ;                     ; --           ;                 ; --       ; --           ;
; L9       ;            ;          ; GND                             ; gnd    ;              ;                     ; --           ;                 ; --       ; --           ;
; L10      ;            ;          ; NC                              ;        ;              ;                     ; --           ;                 ; --       ; --           ;
; L11      ; 619        ; 8A       ; RESERVED_INPUT_WITH_WEAK_PULLUP ;        ;              ;                     ; Column I/O   ;                 ; no       ; On           ;
; L12      ; 611        ; 8A       ; RESERVED_INPUT_WITH_WEAK_PULLUP ;        ;              ;                     ; Column I/O   ;                 ; no       ; On           ;
; L13      ; 597        ; 8A       ; RESERVED_INPUT_WITH_WEAK_PULLUP ;        ;              ;                     ; Column I/O   ;                 ; no       ; On           ;
; L14      ;            ;          ; GND                             ; gnd    ;              ;                     ; --           ;                 ; --       ; --           ;
; L15      ; 573        ; 8A       ; RESERVED_INPUT_WITH_WEAK_PULLUP ;        ;              ;                     ; Column I/O   ;                 ; no       ; On           ;
; L16      ; 571        ; 8A       ; RESERVED_INPUT_WITH_WEAK_PULLUP ;        ;              ;                     ; Column I/O   ;                 ; no       ; On           ;
; L17      ; 541        ; 8A       ; RESERVED_INPUT_WITH_WEAK_PULLUP ;        ;              ;                     ; Column I/O   ;                 ; no       ; On           ;
; L18      ; 525        ; 7A       ; RESERVED_INPUT_WITH_WEAK_PULLUP ;        ;              ;                     ; Column I/O   ;                 ; no       ; On           ;
; L19      ;            ;          ; GND                             ; gnd    ;              ;                     ; --           ;                 ; --       ; --           ;
; L20      ; 485        ; 7A       ; RESERVED_INPUT_WITH_WEAK_PULLUP ;        ;              ;                     ; Column I/O   ;                 ; no       ; On           ;
; L21      ; 483        ; 7A       ; RESERVED_INPUT_WITH_WEAK_PULLUP ;        ;              ;                     ; Column I/O   ;                 ; no       ; On           ;
; L22      ; 467        ; 7A       ; RESERVED_INPUT_WITH_WEAK_PULLUP ;        ;              ;                     ; Column I/O   ;                 ; no       ; On           ;
; L23      ; 459        ; 7A       ; RESERVED_INPUT_WITH_WEAK_PULLUP ;        ;              ;                     ; Column I/O   ;                 ; no       ; On           ;
; L24      ;            ;          ; GND                             ; gnd    ;              ;                     ; --           ;                 ; --       ; --           ;
; L25      ; 453        ; 7A       ; RESERVED_INPUT_WITH_WEAK_PULLUP ;        ;              ;                     ; Column I/O   ;                 ; no       ; On           ;
; L26      ;            ;          ; NC                              ;        ;              ;                     ; --           ;                 ; --       ; --           ;
; L27      ; 432        ; 6A       ; RESERVED_INPUT_WITH_WEAK_PULLUP ;        ;              ;                     ; Row I/O      ;                 ; no       ; On           ;
; L28      ; 430        ; 6A       ; RESERVED_INPUT_WITH_WEAK_PULLUP ;        ;              ;                     ; Row I/O      ;                 ; no       ; On           ;
; L29      ;            ;          ; GND                             ; gnd    ;              ;                     ; --           ;                 ; --       ; --           ;
; L30      ; 406        ; 6A       ; RESERVED_INPUT_WITH_WEAK_PULLUP ;        ;              ;                     ; Row I/O      ;                 ; no       ; On           ;
; L31      ; 405        ; 6A       ; RESERVED_INPUT_WITH_WEAK_PULLUP ;        ;              ;                     ; Row I/O      ;                 ; no       ; On           ;
; L32      ; 385        ; 6A       ; RESERVED_INPUT_WITH_WEAK_PULLUP ;        ;              ;                     ; Row I/O      ;                 ; no       ; On           ;
; L33      ; 383        ; 6A       ; RESERVED_INPUT_WITH_WEAK_PULLUP ;        ;              ;                     ; Row I/O      ;                 ; no       ; On           ;
; L34      ;            ;          ; GND                             ; gnd    ;              ;                     ; --           ;                 ; --       ; --           ;
; M1       ;            ;          ; GND                             ; gnd    ;              ;                     ; --           ;                 ; --       ; --           ;
; M2       ;            ;          ; GND                             ; gnd    ;              ;                     ; --           ;                 ; --       ; --           ;
; M3       ; 14         ; B2L      ; GXB_NC                          ;        ;              ;                     ; --           ;                 ; --       ; --           ;
; M4       ; 15         ; B2L      ; GXB_NC                          ;        ;              ;                     ; --           ;                 ; --       ; --           ;
; M5       ;            ;          ; GND                             ; gnd    ;              ;                     ; --           ;                 ; --       ; --           ;
; M6       ;            ;          ; GND                             ; gnd    ;              ;                     ; --           ;                 ; --       ; --           ;
; M7       ;            ;          ; GND                             ; gnd    ;              ;                     ; --           ;                 ; --       ; --           ;
; M8       ;            ; --       ; VCCE_GXBL                       ; power  ;              ; 1.1V                ; --           ;                 ; --       ; --           ;
; M9       ;            ;          ; GND                             ; gnd    ;              ;                     ; --           ;                 ; --       ; --           ;
; M10      ;            ;          ; GND                             ; gnd    ;              ;                     ; --           ;                 ; --       ; --           ;
; M11      ;            ; --       ; VCCA_FPLL                       ; power  ;              ; 2.5V                ; --           ;                 ; --       ; --           ;
; M12      ;            ;          ; GND                             ; gnd    ;              ;                     ; --           ;                 ; --       ; --           ;
; M13      ; 595        ; 8A       ; RESERVED_INPUT_WITH_WEAK_PULLUP ;        ;              ;                     ; Column I/O   ;                 ; no       ; On           ;
; M14      ; 557        ; 8A       ; RESERVED_INPUT_WITH_WEAK_PULLUP ;        ;              ;                     ; Column I/O   ;                 ; no       ; On           ;
; M15      ; 555        ; 8A       ; RESERVED_INPUT_WITH_WEAK_PULLUP ;        ;              ;                     ; Column I/O   ;                 ; no       ; On           ;
; M16      ; 539        ; 8A       ; RESERVED_INPUT_WITH_WEAK_PULLUP ;        ;              ;                     ; Column I/O   ;                 ; no       ; On           ;
; M17      ;            ;          ; GND                             ; gnd    ;              ;                     ; --           ;                 ; --       ; --           ;
; M18      ; 523        ; 7A       ; RESERVED_INPUT_WITH_WEAK_PULLUP ;        ;              ;                     ; Column I/O   ;                 ; no       ; On           ;
; M19      ; 509        ; 7A       ; RESERVED_INPUT_WITH_WEAK_PULLUP ;        ;              ;                     ; Column I/O   ;                 ; no       ; On           ;
; M20      ; 507        ; 7A       ; RESERVED_INPUT_WITH_WEAK_PULLUP ;        ;              ;                     ; Column I/O   ;                 ; no       ; On           ;
; M21      ; 493        ; 7A       ; RESERVED_INPUT_WITH_WEAK_PULLUP ;        ;              ;                     ; Column I/O   ;                 ; no       ; On           ;
; M22      ;            ;          ; GND                             ; gnd    ;              ;                     ; --           ;                 ; --       ; --           ;
; M23      ; 475        ; 7A       ; RESERVED_INPUT_WITH_WEAK_PULLUP ;        ;              ;                     ; Column I/O   ;                 ; no       ; On           ;
; M24      ; 443        ; 7A       ; RESERVED_INPUT_WITH_WEAK_PULLUP ;        ;              ;                     ; Column I/O   ;                 ; no       ; On           ;
; M25      ; 451        ; 7A       ; RESERVED_INPUT_WITH_WEAK_PULLUP ;        ;              ;                     ; Column I/O   ;                 ; no       ; On           ;
; M26      ;            ; --       ; VCCA_FPLL                       ; power  ;              ; 2.5V                ; --           ;                 ; --       ; --           ;
; M27      ;            ; 6A       ; VCCIO6A                         ; power  ;              ; 2.5V                ; --           ;                 ; --       ; --           ;
; M28      ; 416        ; 6A       ; RESERVED_INPUT_WITH_WEAK_PULLUP ;        ;              ;                     ; Row I/O      ;                 ; no       ; On           ;
; M29      ; 422        ; 6A       ; RESERVED_INPUT_WITH_WEAK_PULLUP ;        ;              ;                     ; Row I/O      ;                 ; no       ; On           ;
; M30      ; 424        ; 6A       ; RESERVED_INPUT_WITH_WEAK_PULLUP ;        ;              ;                     ; Row I/O      ;                 ; no       ; On           ;
; M31      ; 403        ; 6A       ; RESERVED_INPUT_WITH_WEAK_PULLUP ;        ;              ;                     ; Row I/O      ;                 ; no       ; On           ;
; M32      ;            ;          ; GND                             ; gnd    ;              ;                     ; --           ;                 ; --       ; --           ;
; M33      ; 377        ; 6A       ; RESERVED_INPUT_WITH_WEAK_PULLUP ;        ;              ;                     ; Row I/O      ;                 ; no       ; On           ;
; M34      ; 375        ; 6A       ; RESERVED_INPUT_WITH_WEAK_PULLUP ;        ;              ;                     ; Row I/O      ;                 ; no       ; On           ;
; N1       ; 17         ; B2L      ; GND                             ;        ;              ;                     ; --           ;                 ; --       ; --           ;
; N2       ; 16         ; B2L      ; GND                             ;        ;              ;                     ; --           ;                 ; --       ; --           ;
; N3       ;            ;          ; GND                             ; gnd    ;              ;                     ; --           ;                 ; --       ; --           ;
; N4       ;            ;          ; GND                             ; gnd    ;              ;                     ; --           ;                 ; --       ; --           ;
; N5       ;            ;          ; GND                             ; gnd    ;              ;                     ; --           ;                 ; --       ; --           ;
; N6       ;            ;          ; GND                             ; gnd    ;              ;                     ; --           ;                 ; --       ; --           ;
; N7       ;            ; --       ; VCCL_GXBL                       ; power  ;              ; 1.1V                ; --           ;                 ; --       ; --           ;
; N8       ;            ;          ; GND                             ; gnd    ;              ;                     ; --           ;                 ; --       ; --           ;
; N9       ;            ; --       ; VCCH_GXBL                       ; power  ;              ; 2.5V                ; --           ;                 ; --       ; --           ;
; N10      ;            ;          ; GND                             ; gnd    ;              ;                     ; --           ;                 ; --       ; --           ;
; N11      ;            ;          ; GND                             ; gnd    ;              ;                     ; --           ;                 ; --       ; --           ;
; N12      ; 605        ; 8A       ; RESERVED_INPUT_WITH_WEAK_PULLUP ;        ;              ;                     ; Column I/O   ;                 ; no       ; On           ;
; N13      ; 603        ; 8A       ; RESERVED_INPUT_WITH_WEAK_PULLUP ;        ;              ;                     ; Column I/O   ;                 ; no       ; On           ;
; N14      ; 589        ; 8A       ; RESERVED_INPUT_WITH_WEAK_PULLUP ;        ;              ;                     ; Column I/O   ;                 ; no       ; On           ;
; N15      ;            ; --       ; VCC                             ; power  ;              ; 1.1V                ; --           ;                 ; --       ; --           ;
; N16      ;            ;          ; GND                             ; gnd    ;              ;                     ; --           ;                 ; --       ; --           ;
; N17      ;            ; --       ; VCC                             ; power  ;              ; 1.1V                ; --           ;                 ; --       ; --           ;
; N18      ;            ;          ; GND                             ; gnd    ;              ;                     ; --           ;                 ; --       ; --           ;
; N19      ;            ; --       ; VCC                             ; power  ;              ; 1.1V                ; --           ;                 ; --       ; --           ;
; N20      ;            ;          ; GND                             ; gnd    ;              ;                     ; --           ;                 ; --       ; --           ;
; N21      ;            ; --       ; VCC                             ; power  ;              ; 1.1V                ; --           ;                 ; --       ; --           ;
; N22      ; 491        ; 7A       ; RESERVED_INPUT_WITH_WEAK_PULLUP ;        ;              ;                     ; Column I/O   ;                 ; no       ; On           ;
; N23      ; 477        ; 7A       ; RESERVED_INPUT_WITH_WEAK_PULLUP ;        ;              ;                     ; Column I/O   ;                 ; no       ; On           ;
; N24      ; 445        ; 7A       ; RESERVED_INPUT_WITH_WEAK_PULLUP ;        ;              ;                     ; Column I/O   ;                 ; no       ; On           ;
; N25      ;            ;          ; GND                             ; gnd    ;              ;                     ; --           ;                 ; --       ; --           ;
; N26      ;            ; 6A       ; VCCPD6A                         ; power  ;              ; 2.5V                ; --           ;                 ; --       ; --           ;
; N27      ; 420        ; 6A       ; RESERVED_INPUT_WITH_WEAK_PULLUP ;        ;              ;                     ; Row I/O      ;                 ; no       ; On           ;
; N28      ; 414        ; 6A       ; RESERVED_INPUT_WITH_WEAK_PULLUP ;        ;              ;                     ; Row I/O      ;                 ; no       ; On           ;
; N29      ; 417        ; 6A       ; RESERVED_INPUT_WITH_WEAK_PULLUP ;        ;              ;                     ; Row I/O      ;                 ; no       ; On           ;
; N30      ;            ; 6A       ; VCCIO6A                         ; power  ;              ; 2.5V                ; --           ;                 ; --       ; --           ;
; N31      ; 397        ; 6A       ; RESERVED_INPUT_WITH_WEAK_PULLUP ;        ;              ;                     ; Row I/O      ;                 ; no       ; On           ;
; N32      ; 395        ; 6A       ; RESERVED_INPUT_WITH_WEAK_PULLUP ;        ;              ;                     ; Row I/O      ;                 ; no       ; On           ;
; N33      ; 382        ; 6A       ; RESERVED_INPUT_WITH_WEAK_PULLUP ;        ;              ;                     ; Row I/O      ;                 ; no       ; On           ;
; N34      ; 384        ; 6A       ; RESERVED_INPUT_WITH_WEAK_PULLUP ;        ;              ;                     ; Row I/O      ;                 ; no       ; On           ;
; P1       ;            ;          ; GND                             ; gnd    ;              ;                     ; --           ;                 ; --       ; --           ;
; P2       ;            ;          ; GND                             ; gnd    ;              ;                     ; --           ;                 ; --       ; --           ;
; P3       ; 18         ; B2L      ; GXB_NC                          ;        ;              ;                     ; --           ;                 ; --       ; --           ;
; P4       ; 19         ; B2L      ; GXB_NC                          ;        ;              ;                     ; --           ;                 ; --       ; --           ;
; P5       ;            ;          ; GND                             ; gnd    ;              ;                     ; --           ;                 ; --       ; --           ;
; P6       ;            ;          ; GND                             ; gnd    ;              ;                     ; --           ;                 ; --       ; --           ;
; P7       ;            ;          ; GND                             ; gnd    ;              ;                     ; --           ;                 ; --       ; --           ;
; P8       ;            ; --       ; VCCE_GXBL                       ; power  ;              ; 1.1V                ; --           ;                 ; --       ; --           ;
; P9       ;            ;          ; GND                             ; gnd    ;              ;                     ; --           ;                 ; --       ; --           ;
; P10      ; 0          ; B3L      ; GND                             ;        ;              ;                     ; Row I/O      ;                 ; --       ; --           ;
; P11      ;            ;          ; GND                             ; gnd    ;              ;                     ; --           ;                 ; --       ; --           ;
; P12      ;            ; --       ; VCC                             ; power  ;              ; 1.1V                ; --           ;                 ; --       ; --           ;
; P13      ;            ;          ; GND                             ; gnd    ;              ;                     ; --           ;                 ; --       ; --           ;
; P14      ; 587        ; 8A       ; RESERVED_INPUT_WITH_WEAK_PULLUP ;        ;              ;                     ; Column I/O   ;                 ; no       ; On           ;
; P15      ;            ;          ; GND                             ; gnd    ;              ;                     ; --           ;                 ; --       ; --           ;
; P16      ;            ; --       ; VCC                             ; power  ;              ; 1.1V                ; --           ;                 ; --       ; --           ;
; P17      ;            ;          ; GND                             ; gnd    ;              ;                     ; --           ;                 ; --       ; --           ;
; P18      ;            ; --       ; VCC                             ; power  ;              ; 1.1V                ; --           ;                 ; --       ; --           ;
; P19      ;            ;          ; GND                             ; gnd    ;              ;                     ; --           ;                 ; --       ; --           ;
; P20      ;            ; --       ; VCC                             ; power  ;              ; 1.1V                ; --           ;                 ; --       ; --           ;
; P21      ;            ;          ; GND                             ; gnd    ;              ;                     ; --           ;                 ; --       ; --           ;
; P22      ;            ; --       ; VCC                             ; power  ;              ; 1.1V                ; --           ;                 ; --       ; --           ;
; P23      ;            ; 6A       ; VCCIO6A                         ; power  ;              ; 2.5V                ; --           ;                 ; --       ; --           ;
; P24      ; 426        ; 6A       ; RESERVED_INPUT_WITH_WEAK_PULLUP ;        ;              ;                     ; Row I/O      ;                 ; no       ; On           ;
; P25      ; 428        ; 6A       ; RESERVED_INPUT_WITH_WEAK_PULLUP ;        ;              ;                     ; Row I/O      ;                 ; no       ; On           ;
; P26      ;            ; 6A       ; VCCPD6A                         ; power  ;              ; 2.5V                ; --           ;                 ; --       ; --           ;
; P27      ; 418        ; 6A       ; RESERVED_INPUT_WITH_WEAK_PULLUP ;        ;              ;                     ; Row I/O      ;                 ; no       ; On           ;
; P28      ;            ;          ; GND                             ; gnd    ;              ;                     ; --           ;                 ; --       ; --           ;
; P29      ;            ; 6A       ; VREFB6AN0                       ; power  ;              ;                     ; --           ;                 ; --       ; --           ;
; P30      ; 415        ; 6A       ; RESERVED_INPUT_WITH_WEAK_PULLUP ;        ;              ;                     ; Row I/O      ;                 ; no       ; On           ;
; P31      ; 400        ; 6A       ; RESERVED_INPUT_WITH_WEAK_PULLUP ;        ;              ;                     ; Row I/O      ;                 ; no       ; On           ;
; P32      ; 398        ; 6A       ; RESERVED_INPUT_WITH_WEAK_PULLUP ;        ;              ;                     ; Row I/O      ;                 ; no       ; On           ;
; P33      ;            ; 6A       ; VCCIO6A                         ; power  ;              ; 2.5V                ; --           ;                 ; --       ; --           ;
; P34      ; 368        ; 6A       ; RESERVED_INPUT_WITH_WEAK_PULLUP ;        ;              ;                     ; Row I/O      ;                 ; no       ; On           ;
; R1       ; 21         ; B2L      ; GND                             ;        ;              ;                     ; --           ;                 ; --       ; --           ;
; R2       ; 20         ; B2L      ; GND                             ;        ;              ;                     ; --           ;                 ; --       ; --           ;
; R3       ;            ;          ; GND                             ; gnd    ;              ;                     ; --           ;                 ; --       ; --           ;
; R4       ;            ;          ; GND                             ; gnd    ;              ;                     ; --           ;                 ; --       ; --           ;
; R5       ;            ;          ; GND                             ; gnd    ;              ;                     ; --           ;                 ; --       ; --           ;
; R6       ;            ;          ; GND                             ; gnd    ;              ;                     ; --           ;                 ; --       ; --           ;
; R7       ;            ; --       ; VCCL_GXBL                       ; power  ;              ; 1.1V                ; --           ;                 ; --       ; --           ;
; R8       ;            ;          ; GND                             ; gnd    ;              ;                     ; --           ;                 ; --       ; --           ;
; R9       ;            ; --       ; VCCE_GXBL                       ; power  ;              ; 1.1V                ; --           ;                 ; --       ; --           ;
; R10      ;            ;          ; GND                             ; gnd    ;              ;                     ; --           ;                 ; --       ; --           ;
; R11      ; 1          ; B3L      ; GND                             ;        ;              ;                     ; Row I/O      ;                 ; --       ; --           ;
; R12      ;            ;          ; GND                             ; gnd    ;              ;                     ; --           ;                 ; --       ; --           ;
; R13      ;            ; --       ; VCC                             ; power  ;              ; 1.1V                ; --           ;                 ; --       ; --           ;
; R14      ;            ;          ; GND                             ; gnd    ;              ;                     ; --           ;                 ; --       ; --           ;
; R15      ;            ; --       ; VCC                             ; power  ;              ; 1.1V                ; --           ;                 ; --       ; --           ;
; R16      ;            ;          ; GND                             ; gnd    ;              ;                     ; --           ;                 ; --       ; --           ;
; R17      ;            ; --       ; VCC                             ; power  ;              ; 1.1V                ; --           ;                 ; --       ; --           ;
; R18      ;            ;          ; GND                             ; gnd    ;              ;                     ; --           ;                 ; --       ; --           ;
; R19      ;            ; --       ; VCC                             ; power  ;              ; 1.1V                ; --           ;                 ; --       ; --           ;
; R20      ;            ;          ; GND                             ; gnd    ;              ;                     ; --           ;                 ; --       ; --           ;
; R21      ;            ; --       ; VCC                             ; power  ;              ; 1.1V                ; --           ;                 ; --       ; --           ;
; R22      ;            ;          ; GND                             ; gnd    ;              ;                     ; --           ;                 ; --       ; --           ;
; R23      ; 410        ; 6A       ; RESERVED_INPUT_WITH_WEAK_PULLUP ;        ;              ;                     ; Row I/O      ;                 ; no       ; On           ;
; R24      ; 412        ; 6A       ; RESERVED_INPUT_WITH_WEAK_PULLUP ;        ;              ;                     ; Row I/O      ;                 ; no       ; On           ;
; R25      ; 396        ; 6A       ; RESERVED_INPUT_WITH_WEAK_PULLUP ;        ;              ;                     ; Row I/O      ;                 ; no       ; On           ;
; R26      ;            ; 6A       ; VCCIO6A                         ; power  ;              ; 2.5V                ; --           ;                 ; --       ; --           ;
; R27      ; 390        ; 6A       ; RESERVED_INPUT_WITH_WEAK_PULLUP ;        ;              ;                     ; Row I/O      ;                 ; no       ; On           ;
; R28      ; 392        ; 6A       ; RESERVED_INPUT_WITH_WEAK_PULLUP ;        ;              ;                     ; Row I/O      ;                 ; no       ; On           ;
; R29      ; 404        ; 6A       ; RESERVED_INPUT_WITH_WEAK_PULLUP ;        ;              ;                     ; Row I/O      ;                 ; no       ; On           ;
; R30      ; 402        ; 6A       ; RESERVED_INPUT_WITH_WEAK_PULLUP ;        ;              ;                     ; Row I/O      ;                 ; no       ; On           ;
; R31      ;            ;          ; GND                             ; gnd    ;              ;                     ; --           ;                 ; --       ; --           ;
; R32      ; 386        ; 6A       ; RESERVED_INPUT_WITH_WEAK_PULLUP ;        ;              ;                     ; Row I/O      ;                 ; no       ; On           ;
; R33      ; 388        ; 6A       ; RESERVED_INPUT_WITH_WEAK_PULLUP ;        ;              ;                     ; Row I/O      ;                 ; no       ; On           ;
; R34      ; 366        ; 6A       ; RESERVED_INPUT_WITH_WEAK_PULLUP ;        ;              ;                     ; Row I/O      ;                 ; no       ; On           ;
; T1       ;            ;          ; GND                             ; gnd    ;              ;                     ; --           ;                 ; --       ; --           ;
; T2       ;            ;          ; GND                             ; gnd    ;              ;                     ; --           ;                 ; --       ; --           ;
; T3       ; 22         ; B2L      ; GXB_NC                          ;        ;              ;                     ; --           ;                 ; --       ; --           ;
; T4       ; 23         ; B2L      ; GXB_NC                          ;        ;              ;                     ; --           ;                 ; --       ; --           ;
; T5       ;            ;          ; GND                             ; gnd    ;              ;                     ; --           ;                 ; --       ; --           ;
; T6       ;            ;          ; GND                             ; gnd    ;              ;                     ; --           ;                 ; --       ; --           ;
; T7       ;            ;          ; GND                             ; gnd    ;              ;                     ; --           ;                 ; --       ; --           ;
; T8       ;            ; --       ; VCCH_GXBL                       ; power  ;              ; 2.5V                ; --           ;                 ; --       ; --           ;
; T9       ;            ;          ; GND                             ; gnd    ;              ;                     ; --           ;                 ; --       ; --           ;
; T10      ; 27         ; B2L      ; GND                             ;        ;              ;                     ; Row I/O      ;                 ; --       ; --           ;
; T11      ;            ;          ; GND                             ; gnd    ;              ;                     ; --           ;                 ; --       ; --           ;
; T12      ;            ; --       ; VCC                             ; power  ;              ; 1.1V                ; --           ;                 ; --       ; --           ;
; T13      ;            ;          ; GND                             ; gnd    ;              ;                     ; --           ;                 ; --       ; --           ;
; T14      ;            ; --       ; VCC                             ; power  ;              ; 1.1V                ; --           ;                 ; --       ; --           ;
; T15      ;            ;          ; GND                             ; gnd    ;              ;                     ; --           ;                 ; --       ; --           ;
; T16      ;            ; --       ; VCC                             ; power  ;              ; 1.1V                ; --           ;                 ; --       ; --           ;
; T17      ;            ;          ; GND                             ; gnd    ;              ;                     ; --           ;                 ; --       ; --           ;
; T18      ;            ; --       ; VCC                             ; power  ;              ; 1.1V                ; --           ;                 ; --       ; --           ;
; T19      ;            ;          ; GND                             ; gnd    ;              ;                     ; --           ;                 ; --       ; --           ;
; T20      ;            ; --       ; VCC                             ; power  ;              ; 1.1V                ; --           ;                 ; --       ; --           ;
; T21      ;            ;          ; GND                             ; gnd    ;              ;                     ; --           ;                 ; --       ; --           ;
; T22      ;            ; --       ; VCC                             ; power  ;              ; 1.1V                ; --           ;                 ; --       ; --           ;
; T23      ; 380        ; 6A       ; RESERVED_INPUT_WITH_WEAK_PULLUP ;        ;              ;                     ; Row I/O      ;                 ; no       ; On           ;
; T24      ;            ;          ; GND                             ; gnd    ;              ;                     ; --           ;                 ; --       ; --           ;
; T25      ; 394        ; 6A       ; RESERVED_INPUT_WITH_WEAK_PULLUP ;        ;              ;                     ; Row I/O      ;                 ; no       ; On           ;
; T26      ;            ; 6A       ; VCCPD6A                         ; power  ;              ; 2.5V                ; --           ;                 ; --       ; --           ;
; T27      ; 374        ; 6A       ; RESERVED_INPUT_WITH_WEAK_PULLUP ;        ;              ;                     ; Row I/O      ;                 ; no       ; On           ;
; T28      ; 376        ; 6A       ; RESERVED_INPUT_WITH_WEAK_PULLUP ;        ;              ;                     ; Row I/O      ;                 ; no       ; On           ;
; T29      ;            ; 6A       ; VCCIO6A                         ; power  ;              ; 2.5V                ; --           ;                 ; --       ; --           ;
; T30      ; 372        ; 6A       ; RESERVED_INPUT_WITH_WEAK_PULLUP ;        ;              ;                     ; Row I/O      ;                 ; no       ; On           ;
; T31      ; 370        ; 6A       ; RESERVED_INPUT_WITH_WEAK_PULLUP ;        ;              ;                     ; Row I/O      ;                 ; no       ; On           ;
; T32      ; 373        ; 6A       ; RESERVED_INPUT_WITH_WEAK_PULLUP ;        ;              ;                     ; Row I/O      ;                 ; no       ; On           ;
; T33      ; 371        ; 6A       ; RESERVED_INPUT_WITH_WEAK_PULLUP ;        ;              ;                     ; Row I/O      ;                 ; no       ; On           ;
; T34      ;            ;          ; GND                             ; gnd    ;              ;                     ; --           ;                 ; --       ; --           ;
; U1       ; 25         ; B2L      ; GND                             ;        ;              ;                     ; --           ;                 ; --       ; --           ;
; U2       ; 24         ; B2L      ; GND                             ;        ;              ;                     ; --           ;                 ; --       ; --           ;
; U3       ;            ;          ; GND                             ; gnd    ;              ;                     ; --           ;                 ; --       ; --           ;
; U4       ;            ;          ; GND                             ; gnd    ;              ;                     ; --           ;                 ; --       ; --           ;
; U5       ;            ;          ; GND                             ; gnd    ;              ;                     ; --           ;                 ; --       ; --           ;
; U6       ;            ;          ; GND                             ; gnd    ;              ;                     ; --           ;                 ; --       ; --           ;
; U7       ;            ; --       ; VCCL_GXBL                       ; power  ;              ; 1.1V                ; --           ;                 ; --       ; --           ;
; U8       ;            ;          ; GND                             ; gnd    ;              ;                     ; --           ;                 ; --       ; --           ;
; U9       ;            ; --       ; VCCE_GXBL                       ; power  ;              ; 1.1V                ; --           ;                 ; --       ; --           ;
; U10      ;            ;          ; GND                             ; gnd    ;              ;                     ; --           ;                 ; --       ; --           ;
; U11      ; 26         ; B2L      ; GND                             ;        ;              ;                     ; Row I/O      ;                 ; --       ; --           ;
; U12      ;            ;          ; GND                             ; gnd    ;              ;                     ; --           ;                 ; --       ; --           ;
; U13      ;            ; --       ; VCC                             ; power  ;              ; 1.1V                ; --           ;                 ; --       ; --           ;
; U14      ;            ;          ; GND                             ; gnd    ;              ;                     ; --           ;                 ; --       ; --           ;
; U15      ;            ; --       ; VCC                             ; power  ;              ; 1.1V                ; --           ;                 ; --       ; --           ;
; U16      ;            ;          ; GND                             ; gnd    ;              ;                     ; --           ;                 ; --       ; --           ;
; U17      ;            ; --       ; VCC                             ; power  ;              ; 1.1V                ; --           ;                 ; --       ; --           ;
; U18      ;            ;          ; GND                             ; gnd    ;              ;                     ; --           ;                 ; --       ; --           ;
; U19      ;            ; --       ; VCC                             ; power  ;              ; 1.1V                ; --           ;                 ; --       ; --           ;
; U20      ;            ;          ; GND                             ; gnd    ;              ;                     ; --           ;                 ; --       ; --           ;
; U21      ;            ; --       ; VCC                             ; power  ;              ; 1.1V                ; --           ;                 ; --       ; --           ;
; U22      ;            ;          ; GND                             ; gnd    ;              ;                     ; --           ;                 ; --       ; --           ;
; U23      ; 378        ; 6A       ; RESERVED_INPUT_WITH_WEAK_PULLUP ;        ;              ;                     ; Row I/O      ;                 ; no       ; On           ;
; U24      ; 362        ; 6A       ; RESERVED_INPUT_WITH_WEAK_PULLUP ;        ;              ;                     ; Row I/O      ;                 ; no       ; On           ;
; U25      ; 364        ; 6A       ; RESERVED_INPUT_WITH_WEAK_PULLUP ;        ;              ;                     ; Row I/O      ;                 ; no       ; On           ;
; U26      ;            ; 6A       ; VCCPD6A                         ; power  ;              ; 2.5V                ; --           ;                 ; --       ; --           ;
; U27      ;            ;          ; GND                             ; gnd    ;              ;                     ; --           ;                 ; --       ; --           ;
; U28      ; 358        ; 6A       ; RESERVED_INPUT_WITH_WEAK_PULLUP ;        ;              ;                     ; Row I/O      ;                 ; no       ; On           ;
; U29      ; 360        ; 6A       ; RESERVED_INPUT_WITH_WEAK_PULLUP ;        ;              ;                     ; Row I/O      ;                 ; no       ; On           ;
; U30      ; 356        ; 6A       ; RESERVED_INPUT_WITH_WEAK_PULLUP ;        ;              ;                     ; Row I/O      ;                 ; no       ; On           ;
; U31      ; 354        ; 6A       ; RESERVED_INPUT_WITH_WEAK_PULLUP ;        ;              ;                     ; Row I/O      ;                 ; no       ; On           ;
; U32      ;            ; 6A       ; VCCIO6A                         ; power  ;              ; 2.5V                ; --           ;                 ; --       ; --           ;
; U33      ; 369        ; 6A       ; RESERVED_INPUT_WITH_WEAK_PULLUP ;        ;              ;                     ; Row I/O      ;                 ; no       ; On           ;
; U34      ; 367        ; 6A       ; RESERVED_INPUT_WITH_WEAK_PULLUP ;        ;              ;                     ; Row I/O      ;                 ; no       ; On           ;
; V1       ;            ;          ; GND                             ; gnd    ;              ;                     ; --           ;                 ; --       ; --           ;
; V2       ;            ;          ; GND                             ; gnd    ;              ;                     ; --           ;                 ; --       ; --           ;
; V3       ; 30         ; B1L      ; GXB_NC                          ;        ;              ;                     ; --           ;                 ; --       ; --           ;
; V4       ; 31         ; B1L      ; GXB_NC                          ;        ;              ;                     ; --           ;                 ; --       ; --           ;
; V5       ;            ;          ; GND                             ; gnd    ;              ;                     ; --           ;                 ; --       ; --           ;
; V6       ;            ;          ; GND                             ; gnd    ;              ;                     ; --           ;                 ; --       ; --           ;
; V7       ;            ;          ; GND                             ; gnd    ;              ;                     ; --           ;                 ; --       ; --           ;
; V8       ;            ; --       ; VCCE_GXBL                       ; power  ;              ; 1.1V                ; --           ;                 ; --       ; --           ;
; V9       ;            ;          ; GND                             ; gnd    ;              ;                     ; --           ;                 ; --       ; --           ;
; V10      ; 28         ; B1L      ; GND                             ;        ;              ;                     ; Row I/O      ;                 ; --       ; --           ;
; V11      ;            ;          ; GND                             ; gnd    ;              ;                     ; --           ;                 ; --       ; --           ;
; V12      ;            ; --       ; VCC                             ; power  ;              ; 1.1V                ; --           ;                 ; --       ; --           ;
; V13      ;            ;          ; GND                             ; gnd    ;              ;                     ; --           ;                 ; --       ; --           ;
; V14      ;            ; --       ; VCC                             ; power  ;              ; 1.1V                ; --           ;                 ; --       ; --           ;
; V15      ;            ;          ; GND                             ; gnd    ;              ;                     ; --           ;                 ; --       ; --           ;
; V16      ;            ; --       ; VCC                             ; power  ;              ; 1.1V                ; --           ;                 ; --       ; --           ;
; V17      ;            ;          ; GND                             ; gnd    ;              ;                     ; --           ;                 ; --       ; --           ;
; V18      ;            ; --       ; VCC                             ; power  ;              ; 1.1V                ; --           ;                 ; --       ; --           ;
; V19      ;            ;          ; GND                             ; gnd    ;              ;                     ; --           ;                 ; --       ; --           ;
; V20      ;            ; --       ; VCC                             ; power  ;              ; 1.1V                ; --           ;                 ; --       ; --           ;
; V21      ;            ;          ; GND                             ; gnd    ;              ;                     ; --           ;                 ; --       ; --           ;
; V22      ;            ; --       ; VCC                             ; power  ;              ; 1.1V                ; --           ;                 ; --       ; --           ;
; V23      ; 348        ; 5B       ; RESERVED_INPUT_WITH_WEAK_PULLUP ;        ;              ;                     ; Row I/O      ;                 ; no       ; On           ;
; V24      ; 346        ; 5B       ; RESERVED_INPUT_WITH_WEAK_PULLUP ;        ;              ;                     ; Row I/O      ;                 ; no       ; On           ;
; V25      ;            ; 5B       ; VCCIO5B                         ; power  ;              ; 2.5V                ; --           ;                 ; --       ; --           ;
; V26      ;            ; 5B       ; VCCPD5B                         ; power  ;              ; 2.5V                ; --           ;                 ; --       ; --           ;
; V27      ; 340        ; 5B       ; RESERVED_INPUT_WITH_WEAK_PULLUP ;        ;              ;                     ; Row I/O      ;                 ; no       ; On           ;
; V28      ; 338        ; 5B       ; RESERVED_INPUT_WITH_WEAK_PULLUP ;        ;              ;                     ; Row I/O      ;                 ; no       ; On           ;
; V29      ;            ; 5B       ; VREFB5BN0                       ; power  ;              ;                     ; --           ;                 ; --       ; --           ;
; V30      ;            ;          ; GND                             ; gnd    ;              ;                     ; --           ;                 ; --       ; --           ;
; V31      ; 336        ; 5B       ; RESERVED_INPUT_WITH_WEAK_PULLUP ;        ;              ;                     ; Row I/O      ;                 ; no       ; On           ;
; V32      ; 352        ; 5B       ; RESERVED_INPUT_WITH_WEAK_PULLUP ;        ;              ;                     ; Row I/O      ;                 ; no       ; On           ;
; V33      ; 363        ; 6A       ; RESERVED_INPUT_WITH_WEAK_PULLUP ;        ;              ;                     ; Row I/O      ;                 ; no       ; On           ;
; V34      ; 365        ; 6A       ; RESERVED_INPUT_WITH_WEAK_PULLUP ;        ;              ;                     ; Row I/O      ;                 ; no       ; On           ;
; W1       ; 33         ; B1L      ; GND                             ;        ;              ;                     ; --           ;                 ; --       ; --           ;
; W2       ; 32         ; B1L      ; GND                             ;        ;              ;                     ; --           ;                 ; --       ; --           ;
; W3       ;            ;          ; GND                             ; gnd    ;              ;                     ; --           ;                 ; --       ; --           ;
; W4       ;            ;          ; GND                             ; gnd    ;              ;                     ; --           ;                 ; --       ; --           ;
; W5       ;            ;          ; GND                             ; gnd    ;              ;                     ; --           ;                 ; --       ; --           ;
; W6       ;            ;          ; GND                             ; gnd    ;              ;                     ; --           ;                 ; --       ; --           ;
; W7       ;            ; --       ; VCCL_GXBL                       ; power  ;              ; 1.1V                ; --           ;                 ; --       ; --           ;
; W8       ;            ;          ; GND                             ; gnd    ;              ;                     ; --           ;                 ; --       ; --           ;
; W9       ;            ; --       ; VCCH_GXBL                       ; power  ;              ; 2.5V                ; --           ;                 ; --       ; --           ;
; W10      ;            ;          ; GND                             ; gnd    ;              ;                     ; --           ;                 ; --       ; --           ;
; W11      ; 29         ; B1L      ; GND                             ;        ;              ;                     ; Row I/O      ;                 ; --       ; --           ;
; W12      ;            ;          ; GND                             ; gnd    ;              ;                     ; --           ;                 ; --       ; --           ;
; W13      ;            ; --       ; VCC                             ; power  ;              ; 1.1V                ; --           ;                 ; --       ; --           ;
; W14      ;            ;          ; GND                             ; gnd    ;              ;                     ; --           ;                 ; --       ; --           ;
; W15      ;            ; --       ; VCC                             ; power  ;              ; 1.1V                ; --           ;                 ; --       ; --           ;
; W16      ;            ;          ; GND                             ; gnd    ;              ;                     ; --           ;                 ; --       ; --           ;
; W17      ;            ; --       ; VCC                             ; power  ;              ; 1.1V                ; --           ;                 ; --       ; --           ;
; W18      ;            ;          ; GND                             ; gnd    ;              ;                     ; --           ;                 ; --       ; --           ;
; W19      ;            ; --       ; VCC                             ; power  ;              ; 1.1V                ; --           ;                 ; --       ; --           ;
; W20      ;            ;          ; GND                             ; gnd    ;              ;                     ; --           ;                 ; --       ; --           ;
; W21      ;            ; --       ; VCC                             ; power  ;              ; 1.1V                ; --           ;                 ; --       ; --           ;
; W22      ;            ;          ; GND                             ; gnd    ;              ;                     ; --           ;                 ; --       ; --           ;
; W23      ;            ;          ; GND                             ; gnd    ;              ;                     ; --           ;                 ; --       ; --           ;
; W24      ; 300        ; 5A       ; RESERVED_INPUT_WITH_WEAK_PULLUP ;        ;              ;                     ; Row I/O      ;                 ; no       ; On           ;
; W25      ;            ; 5B       ; VCCPD5B                         ; power  ;              ; 2.5V                ; --           ;                 ; --       ; --           ;
; W26      ; 322        ; 5B       ; RESERVED_INPUT_WITH_WEAK_PULLUP ;        ;              ;                     ; Row I/O      ;                 ; no       ; On           ;
; W27      ; 324        ; 5B       ; RESERVED_INPUT_WITH_WEAK_PULLUP ;        ;              ;                     ; Row I/O      ;                 ; no       ; On           ;
; W28      ;            ; 5B       ; VCCIO5B                         ; power  ;              ; 2.5V                ; --           ;                 ; --       ; --           ;
; W29      ; 330        ; 5B       ; RESERVED_INPUT_WITH_WEAK_PULLUP ;        ;              ;                     ; Row I/O      ;                 ; no       ; On           ;
; W30      ; 332        ; 5B       ; RESERVED_INPUT_WITH_WEAK_PULLUP ;        ;              ;                     ; Row I/O      ;                 ; no       ; On           ;
; W31      ; 334        ; 5B       ; RESERVED_INPUT_WITH_WEAK_PULLUP ;        ;              ;                     ; Row I/O      ;                 ; no       ; On           ;
; W32      ; 350        ; 5B       ; RESERVED_INPUT_WITH_WEAK_PULLUP ;        ;              ;                     ; Row I/O      ;                 ; no       ; On           ;
; W33      ;            ;          ; GND                             ; gnd    ;              ;                     ; --           ;                 ; --       ; --           ;
; W34      ; 361        ; 6A       ; RESERVED_INPUT_WITH_WEAK_PULLUP ;        ;              ;                     ; Row I/O      ;                 ; no       ; On           ;
; Y1       ;            ;          ; GND                             ; gnd    ;              ;                     ; --           ;                 ; --       ; --           ;
; Y2       ;            ;          ; GND                             ; gnd    ;              ;                     ; --           ;                 ; --       ; --           ;
; Y3       ; 34         ; B1L      ; GXB_NC                          ;        ;              ;                     ; --           ;                 ; --       ; --           ;
; Y4       ; 35         ; B1L      ; GXB_NC                          ;        ;              ;                     ; --           ;                 ; --       ; --           ;
; Y5       ;            ;          ; GND                             ; gnd    ;              ;                     ; --           ;                 ; --       ; --           ;
; Y6       ;            ;          ; GND                             ; gnd    ;              ;                     ; --           ;                 ; --       ; --           ;
; Y7       ;            ;          ; GND                             ; gnd    ;              ;                     ; --           ;                 ; --       ; --           ;
; Y8       ;            ; --       ; VCCE_GXBL                       ; power  ;              ; 1.1V                ; --           ;                 ; --       ; --           ;
; Y9       ;            ;          ; GND                             ; gnd    ;              ;                     ; --           ;                 ; --       ; --           ;
; Y10      ;            ;          ; GND                             ; gnd    ;              ;                     ; --           ;                 ; --       ; --           ;
; Y11      ;            ;          ; GND                             ; gnd    ;              ;                     ; --           ;                 ; --       ; --           ;
; Y12      ;            ; --       ; VCC                             ; power  ;              ; 1.1V                ; --           ;                 ; --       ; --           ;
; Y13      ;            ;          ; GND                             ; gnd    ;              ;                     ; --           ;                 ; --       ; --           ;
; Y14      ;            ; --       ; VCC                             ; power  ;              ; 1.1V                ; --           ;                 ; --       ; --           ;
; Y15      ;            ;          ; GND                             ; gnd    ;              ;                     ; --           ;                 ; --       ; --           ;
; Y16      ;            ; --       ; VCC                             ; power  ;              ; 1.1V                ; --           ;                 ; --       ; --           ;
; Y17      ;            ;          ; GND                             ; gnd    ;              ;                     ; --           ;                 ; --       ; --           ;
; Y18      ;            ; --       ; VCC                             ; power  ;              ; 1.1V                ; --           ;                 ; --       ; --           ;
; Y19      ;            ;          ; GND                             ; gnd    ;              ;                     ; --           ;                 ; --       ; --           ;
; Y20      ; 216        ; 4A       ; RESERVED_INPUT_WITH_WEAK_PULLUP ;        ;              ;                     ; Column I/O   ;                 ; no       ; On           ;
; Y21      ;            ;          ; GND                             ; gnd    ;              ;                     ; --           ;                 ; --       ; --           ;
; Y22      ; 284        ; 5A       ; RESERVED_INPUT_WITH_WEAK_PULLUP ;        ;              ;                     ; Row I/O      ;                 ; no       ; On           ;
; Y23      ; 298        ; 5A       ; RESERVED_INPUT_WITH_WEAK_PULLUP ;        ;              ;                     ; Row I/O      ;                 ; no       ; On           ;
; Y24      ; 271        ; 5A       ; RESERVED_INPUT_WITH_WEAK_PULLUP ;        ;              ;                     ; Row I/O      ;                 ; no       ; On           ;
; Y25      ; 273        ; 5A       ; RESERVED_INPUT_WITH_WEAK_PULLUP ;        ;              ;                     ; Row I/O      ;                 ; no       ; On           ;
; Y26      ;            ; 5A       ; VCCIO5A                         ; power  ;              ; 2.5V                ; --           ;                 ; --       ; --           ;
; Y27      ; 312        ; 5B       ; RESERVED_INPUT_WITH_WEAK_PULLUP ;        ;              ;                     ; Row I/O      ;                 ; no       ; On           ;
; Y28      ; 310        ; 5B       ; RESERVED_INPUT_WITH_WEAK_PULLUP ;        ;              ;                     ; Row I/O      ;                 ; no       ; On           ;
; Y29      ; 314        ; 5B       ; RESERVED_INPUT_WITH_WEAK_PULLUP ;        ;              ;                     ; Row I/O      ;                 ; no       ; On           ;
; Y30      ; 316        ; 5B       ; RESERVED_INPUT_WITH_WEAK_PULLUP ;        ;              ;                     ; Row I/O      ;                 ; no       ; On           ;
; Y31      ;            ; 5B       ; VCCIO5B                         ; power  ;              ; 2.5V                ; --           ;                 ; --       ; --           ;
; Y32      ; 308        ; 5B       ; RESERVED_INPUT_WITH_WEAK_PULLUP ;        ;              ;                     ; Row I/O      ;                 ; no       ; On           ;
; Y33      ; 355        ; 6A       ; RESERVED_INPUT_WITH_WEAK_PULLUP ;        ;              ;                     ; Row I/O      ;                 ; no       ; On           ;
; Y34      ; 359        ; 6A       ; RESERVED_INPUT_WITH_WEAK_PULLUP ;        ;              ;                     ; Row I/O      ;                 ; no       ; On           ;
+----------+------------+----------+---------------------------------+--------+--------------+---------------------+--------------+-----------------+----------+--------------+
Note: Pin directions (input, output or bidir) are based on device operating in user mode.


+---------------------------------------------------------------------------------------------------------------------------------------------------------------------------------------------------------------------------------------------------------------------------------------------------------------------------------------------------------------------------------------------------------------------------------------------------------------------------------------------------------------------------+
; Fitter Resource Utilization by Entity                                                                                                                                                                                                                                                                                                                                                                                                                                                                                     ;
+------------------------------------------------+----------------------+----------------------------------+---------------------------------------------------+----------------------------------+----------------------+---------------------+---------------------------+---------------+-------------------+-------+------------+------+--------------+----------------------------------------------------------------------------------------------------------------------------+---------------------+--------------+
; Compilation Hierarchy Node                     ; ALMs needed [=A-B+C] ; [A] ALMs used in final placement ; [B] Estimate of ALMs recoverable by dense packing ; [C] Estimate of ALMs unavailable ; ALMs used for memory ; Combinational ALUTs ; Dedicated Logic Registers ; I/O Registers ; Block Memory Bits ; M10Ks ; DSP Blocks ; Pins ; Virtual Pins ; Full Hierarchy Name                                                                                                        ; Entity Name         ; Library Name ;
+------------------------------------------------+----------------------+----------------------------------+---------------------------------------------------+----------------------------------+----------------------+---------------------+---------------------------+---------------+-------------------+-------+------------+------+--------------+----------------------------------------------------------------------------------------------------------------------------+---------------------+--------------+
; |matmul_4x4_systolic                           ; 1478.5 (199.0)       ; 1402.0 (8.0)                     ; 117.5 (0.0)                                       ; 194.0 (191.0)                    ; 0.0 (0.0)            ; 1998 (16)           ; 891 (9)                   ; 0 (0)         ; 0                 ; 0     ; 16         ; 0    ; 382          ; |matmul_4x4_systolic                                                                                                       ; matmul_4x4_systolic ; work         ;
;    |output_logic:u_output_logic|               ; 131.3 (131.3)        ; 133.0 (133.0)                    ; 2.7 (2.7)                                         ; 1.0 (1.0)                        ; 0.0 (0.0)            ; 121 (121)           ; 172 (172)                 ; 0 (0)         ; 0                 ; 0     ; 0          ; 0    ; 0            ; |matmul_4x4_systolic|output_logic:u_output_logic                                                                           ; output_logic        ; work         ;
;    |systolic_data_setup:u_systolic_data_setup| ; 89.4 (89.4)          ; 108.8 (108.8)                    ; 19.4 (19.4)                                       ; 0.0 (0.0)                        ; 0.0 (0.0)            ; 164 (164)           ; 134 (134)                 ; 0 (0)         ; 0                 ; 0     ; 0          ; 0    ; 0            ; |matmul_4x4_systolic|systolic_data_setup:u_systolic_data_setup                                                             ; systolic_data_setup ; work         ;
;    |systolic_pe_matrix:u_systolic_pe_matrix|   ; 1058.6 (0.5)         ; 1152.2 (0.5)                     ; 95.6 (0.0)                                        ; 2.0 (0.0)                        ; 0.0 (0.0)            ; 1697 (1)            ; 576 (0)                   ; 0 (0)         ; 0                 ; 0     ; 16         ; 0    ; 0            ; |matmul_4x4_systolic|systolic_pe_matrix:u_systolic_pe_matrix                                                               ; systolic_pe_matrix  ; work         ;
;       |processing_element:pe00|                ; 66.8 (0.0)           ; 67.8 (0.0)                       ; 1.0 (0.0)                                         ; 0.0 (0.0)                        ; 0.0 (0.0)            ; 106 (0)             ; 32 (0)                    ; 0 (0)         ; 0                 ; 0     ; 1          ; 0    ; 0            ; |matmul_4x4_systolic|systolic_pe_matrix:u_systolic_pe_matrix|processing_element:pe00                                       ; processing_element  ; work         ;
;          |MAC_E3M4:mac_unit|                   ; 66.8 (26.5)          ; 67.8 (27.0)                      ; 1.0 (0.5)                                         ; 0.0 (0.0)                        ; 0.0 (0.0)            ; 106 (33)            ; 32 (32)                   ; 0 (0)         ; 0                 ; 0     ; 1          ; 0    ; 0            ; |matmul_4x4_systolic|systolic_pe_matrix:u_systolic_pe_matrix|processing_element:pe00|MAC_E3M4:mac_unit                     ; MAC_E3M4            ; work         ;
;             |FPAddSub_E3M4:add_i|              ; 29.5 (29.5)          ; 30.2 (30.2)                      ; 0.7 (0.7)                                         ; 0.0 (0.0)                        ; 0.0 (0.0)            ; 51 (51)             ; 0 (0)                     ; 0 (0)         ; 0                 ; 0     ; 0          ; 0    ; 0            ; |matmul_4x4_systolic|systolic_pe_matrix:u_systolic_pe_matrix|processing_element:pe00|MAC_E3M4:mac_unit|FPAddSub_E3M4:add_i ; FPAddSub_E3M4       ; work         ;
;             |FPMult8_E3M4:mult_i|              ; 10.7 (10.7)          ; 10.7 (10.7)                      ; 0.0 (0.0)                                         ; 0.0 (0.0)                        ; 0.0 (0.0)            ; 22 (22)             ; 0 (0)                     ; 0 (0)         ; 0                 ; 0     ; 1          ; 0    ; 0            ; |matmul_4x4_systolic|systolic_pe_matrix:u_systolic_pe_matrix|processing_element:pe00|MAC_E3M4:mac_unit|FPMult8_E3M4:mult_i ; FPMult8_E3M4        ; work         ;
;       |processing_element:pe01|                ; 68.1 (0.0)           ; 70.3 (0.0)                       ; 2.8 (0.0)                                         ; 0.6 (0.0)                        ; 0.0 (0.0)            ; 106 (0)             ; 32 (0)                    ; 0 (0)         ; 0                 ; 0     ; 1          ; 0    ; 0            ; |matmul_4x4_systolic|systolic_pe_matrix:u_systolic_pe_matrix|processing_element:pe01                                       ; processing_element  ; work         ;
;          |MAC_E3M4:mac_unit|                   ; 68.1 (28.5)          ; 70.3 (28.4)                      ; 2.8 (0.4)                                         ; 0.6 (0.5)                        ; 0.0 (0.0)            ; 106 (33)            ; 32 (32)                   ; 0 (0)         ; 0                 ; 0     ; 1          ; 0    ; 0            ; |matmul_4x4_systolic|systolic_pe_matrix:u_systolic_pe_matrix|processing_element:pe01|MAC_E3M4:mac_unit                     ; MAC_E3M4            ; work         ;
;             |FPAddSub_E3M4:add_i|              ; 30.0 (30.0)          ; 30.7 (30.7)                      ; 0.7 (0.7)                                         ; 0.0 (0.0)                        ; 0.0 (0.0)            ; 51 (51)             ; 0 (0)                     ; 0 (0)         ; 0                 ; 0     ; 0          ; 0    ; 0            ; |matmul_4x4_systolic|systolic_pe_matrix:u_systolic_pe_matrix|processing_element:pe01|MAC_E3M4:mac_unit|FPAddSub_E3M4:add_i ; FPAddSub_E3M4       ; work         ;
;             |FPMult8_E3M4:mult_i|              ; 9.6 (9.6)            ; 11.3 (11.3)                      ; 1.8 (1.8)                                         ; 0.1 (0.1)                        ; 0.0 (0.0)            ; 22 (22)             ; 0 (0)                     ; 0 (0)         ; 0                 ; 0     ; 1          ; 0    ; 0            ; |matmul_4x4_systolic|systolic_pe_matrix:u_systolic_pe_matrix|processing_element:pe01|MAC_E3M4:mac_unit|FPMult8_E3M4:mult_i ; FPMult8_E3M4        ; work         ;
;       |processing_element:pe02|                ; 67.6 (0.0)           ; 69.8 (0.0)                       ; 2.3 (0.0)                                         ; 0.1 (0.0)                        ; 0.0 (0.0)            ; 106 (0)             ; 32 (0)                    ; 0 (0)         ; 0                 ; 0     ; 1          ; 0    ; 0            ; |matmul_4x4_systolic|systolic_pe_matrix:u_systolic_pe_matrix|processing_element:pe02                                       ; processing_element  ; work         ;
;          |MAC_E3M4:mac_unit|                   ; 67.6 (27.6)          ; 69.8 (28.6)                      ; 2.3 (1.1)                                         ; 0.1 (0.1)                        ; 0.0 (0.0)            ; 106 (33)            ; 32 (32)                   ; 0 (0)         ; 0                 ; 0     ; 1          ; 0    ; 0            ; |matmul_4x4_systolic|systolic_pe_matrix:u_systolic_pe_matrix|processing_element:pe02|MAC_E3M4:mac_unit                     ; MAC_E3M4            ; work         ;
;             |FPAddSub_E3M4:add_i|              ; 29.7 (29.7)          ; 29.7 (29.7)                      ; 0.0 (0.0)                                         ; 0.0 (0.0)                        ; 0.0 (0.0)            ; 51 (51)             ; 0 (0)                     ; 0 (0)         ; 0                 ; 0     ; 0          ; 0    ; 0            ; |matmul_4x4_systolic|systolic_pe_matrix:u_systolic_pe_matrix|processing_element:pe02|MAC_E3M4:mac_unit|FPAddSub_E3M4:add_i ; FPAddSub_E3M4       ; work         ;
;             |FPMult8_E3M4:mult_i|              ; 10.2 (10.2)          ; 11.6 (11.6)                      ; 1.4 (1.4)                                         ; 0.0 (0.0)                        ; 0.0 (0.0)            ; 22 (22)             ; 0 (0)                     ; 0 (0)         ; 0                 ; 0     ; 1          ; 0    ; 0            ; |matmul_4x4_systolic|systolic_pe_matrix:u_systolic_pe_matrix|processing_element:pe02|MAC_E3M4:mac_unit|FPMult8_E3M4:mult_i ; FPMult8_E3M4        ; work         ;
;       |processing_element:pe03|                ; 69.2 (2.7)           ; 75.6 (2.9)                       ; 6.4 (0.2)                                         ; 0.1 (0.0)                        ; 0.0 (0.0)            ; 106 (0)             ; 40 (8)                    ; 0 (0)         ; 0                 ; 0     ; 1          ; 0    ; 0            ; |matmul_4x4_systolic|systolic_pe_matrix:u_systolic_pe_matrix|processing_element:pe03                                       ; processing_element  ; work         ;
;          |MAC_E3M4:mac_unit|                   ; 66.6 (28.7)          ; 72.7 (30.0)                      ; 6.2 (1.3)                                         ; 0.1 (0.0)                        ; 0.0 (0.0)            ; 106 (33)            ; 32 (32)                   ; 0 (0)         ; 0                 ; 0     ; 1          ; 0    ; 0            ; |matmul_4x4_systolic|systolic_pe_matrix:u_systolic_pe_matrix|processing_element:pe03|MAC_E3M4:mac_unit                     ; MAC_E3M4            ; work         ;
;             |FPAddSub_E3M4:add_i|              ; 29.0 (29.0)          ; 31.7 (31.7)                      ; 2.7 (2.7)                                         ; 0.0 (0.0)                        ; 0.0 (0.0)            ; 51 (51)             ; 0 (0)                     ; 0 (0)         ; 0                 ; 0     ; 0          ; 0    ; 0            ; |matmul_4x4_systolic|systolic_pe_matrix:u_systolic_pe_matrix|processing_element:pe03|MAC_E3M4:mac_unit|FPAddSub_E3M4:add_i ; FPAddSub_E3M4       ; work         ;
;             |FPMult8_E3M4:mult_i|              ; 8.9 (8.9)            ; 11.0 (11.0)                      ; 2.2 (2.2)                                         ; 0.0 (0.0)                        ; 0.0 (0.0)            ; 22 (22)             ; 0 (0)                     ; 0 (0)         ; 0                 ; 0     ; 1          ; 0    ; 0            ; |matmul_4x4_systolic|systolic_pe_matrix:u_systolic_pe_matrix|processing_element:pe03|MAC_E3M4:mac_unit|FPMult8_E3M4:mult_i ; FPMult8_E3M4        ; work         ;
;       |processing_element:pe10|                ; 68.9 (0.0)           ; 72.2 (0.0)                       ; 3.6 (0.0)                                         ; 0.3 (0.0)                        ; 0.0 (0.0)            ; 106 (0)             ; 32 (0)                    ; 0 (0)         ; 0                 ; 0     ; 1          ; 0    ; 0            ; |matmul_4x4_systolic|systolic_pe_matrix:u_systolic_pe_matrix|processing_element:pe10                                       ; processing_element  ; work         ;
;          |MAC_E3M4:mac_unit|                   ; 68.9 (28.0)          ; 72.2 (29.3)                      ; 3.6 (1.3)                                         ; 0.3 (0.1)                        ; 0.0 (0.0)            ; 106 (33)            ; 32 (32)                   ; 0 (0)         ; 0                 ; 0     ; 1          ; 0    ; 0            ; |matmul_4x4_systolic|systolic_pe_matrix:u_systolic_pe_matrix|processing_element:pe10|MAC_E3M4:mac_unit                     ; MAC_E3M4            ; work         ;
;             |FPAddSub_E3M4:add_i|              ; 30.7 (30.7)          ; 30.7 (30.7)                      ; 0.0 (0.0)                                         ; 0.0 (0.0)                        ; 0.0 (0.0)            ; 51 (51)             ; 0 (0)                     ; 0 (0)         ; 0                 ; 0     ; 0          ; 0    ; 0            ; |matmul_4x4_systolic|systolic_pe_matrix:u_systolic_pe_matrix|processing_element:pe10|MAC_E3M4:mac_unit|FPAddSub_E3M4:add_i ; FPAddSub_E3M4       ; work         ;
;             |FPMult8_E3M4:mult_i|              ; 10.2 (10.2)          ; 12.2 (12.2)                      ; 2.3 (2.3)                                         ; 0.2 (0.2)                        ; 0.0 (0.0)            ; 22 (22)             ; 0 (0)                     ; 0 (0)         ; 0                 ; 0     ; 1          ; 0    ; 0            ; |matmul_4x4_systolic|systolic_pe_matrix:u_systolic_pe_matrix|processing_element:pe10|MAC_E3M4:mac_unit|FPMult8_E3M4:mult_i ; FPMult8_E3M4        ; work         ;
;       |processing_element:pe11|                ; 65.8 (0.0)           ; 71.1 (0.0)                       ; 5.9 (0.0)                                         ; 0.6 (0.0)                        ; 0.0 (0.0)            ; 106 (0)             ; 32 (0)                    ; 0 (0)         ; 0                 ; 0     ; 1          ; 0    ; 0            ; |matmul_4x4_systolic|systolic_pe_matrix:u_systolic_pe_matrix|processing_element:pe11                                       ; processing_element  ; work         ;
;          |MAC_E3M4:mac_unit|                   ; 65.8 (27.1)          ; 71.1 (30.4)                      ; 5.9 (3.7)                                         ; 0.6 (0.4)                        ; 0.0 (0.0)            ; 106 (33)            ; 32 (32)                   ; 0 (0)         ; 0                 ; 0     ; 1          ; 0    ; 0            ; |matmul_4x4_systolic|systolic_pe_matrix:u_systolic_pe_matrix|processing_element:pe11|MAC_E3M4:mac_unit                     ; MAC_E3M4            ; work         ;
;             |FPAddSub_E3M4:add_i|              ; 29.7 (29.7)          ; 29.8 (29.8)                      ; 0.2 (0.2)                                         ; 0.0 (0.0)                        ; 0.0 (0.0)            ; 51 (51)             ; 0 (0)                     ; 0 (0)         ; 0                 ; 0     ; 0          ; 0    ; 0            ; |matmul_4x4_systolic|systolic_pe_matrix:u_systolic_pe_matrix|processing_element:pe11|MAC_E3M4:mac_unit|FPAddSub_E3M4:add_i ; FPAddSub_E3M4       ; work         ;
;             |FPMult8_E3M4:mult_i|              ; 9.0 (9.0)            ; 10.8 (10.8)                      ; 2.0 (2.0)                                         ; 0.2 (0.2)                        ; 0.0 (0.0)            ; 22 (22)             ; 0 (0)                     ; 0 (0)         ; 0                 ; 0     ; 1          ; 0    ; 0            ; |matmul_4x4_systolic|systolic_pe_matrix:u_systolic_pe_matrix|processing_element:pe11|MAC_E3M4:mac_unit|FPMult8_E3M4:mult_i ; FPMult8_E3M4        ; work         ;
;       |processing_element:pe12|                ; 63.3 (0.0)           ; 67.3 (0.0)                       ; 4.0 (0.0)                                         ; 0.0 (0.0)                        ; 0.0 (0.0)            ; 106 (0)             ; 32 (0)                    ; 0 (0)         ; 0                 ; 0     ; 1          ; 0    ; 0            ; |matmul_4x4_systolic|systolic_pe_matrix:u_systolic_pe_matrix|processing_element:pe12                                       ; processing_element  ; work         ;
;          |MAC_E3M4:mac_unit|                   ; 63.3 (27.6)          ; 67.3 (28.4)                      ; 4.0 (0.8)                                         ; 0.0 (0.0)                        ; 0.0 (0.0)            ; 106 (33)            ; 32 (32)                   ; 0 (0)         ; 0                 ; 0     ; 1          ; 0    ; 0            ; |matmul_4x4_systolic|systolic_pe_matrix:u_systolic_pe_matrix|processing_element:pe12|MAC_E3M4:mac_unit                     ; MAC_E3M4            ; work         ;
;             |FPAddSub_E3M4:add_i|              ; 27.0 (27.0)          ; 28.8 (28.8)                      ; 1.8 (1.8)                                         ; 0.0 (0.0)                        ; 0.0 (0.0)            ; 51 (51)             ; 0 (0)                     ; 0 (0)         ; 0                 ; 0     ; 0          ; 0    ; 0            ; |matmul_4x4_systolic|systolic_pe_matrix:u_systolic_pe_matrix|processing_element:pe12|MAC_E3M4:mac_unit|FPAddSub_E3M4:add_i ; FPAddSub_E3M4       ; work         ;
;             |FPMult8_E3M4:mult_i|              ; 8.7 (8.7)            ; 10.0 (10.0)                      ; 1.3 (1.3)                                         ; 0.0 (0.0)                        ; 0.0 (0.0)            ; 22 (22)             ; 0 (0)                     ; 0 (0)         ; 0                 ; 0     ; 1          ; 0    ; 0            ; |matmul_4x4_systolic|systolic_pe_matrix:u_systolic_pe_matrix|processing_element:pe12|MAC_E3M4:mac_unit|FPMult8_E3M4:mult_i ; FPMult8_E3M4        ; work         ;
;       |processing_element:pe13|                ; 65.9 (2.1)           ; 73.1 (2.8)                       ; 7.3 (0.7)                                         ; 0.1 (0.0)                        ; 0.0 (0.0)            ; 106 (0)             ; 40 (8)                    ; 0 (0)         ; 0                 ; 0     ; 1          ; 0    ; 0            ; |matmul_4x4_systolic|systolic_pe_matrix:u_systolic_pe_matrix|processing_element:pe13                                       ; processing_element  ; work         ;
;          |MAC_E3M4:mac_unit|                   ; 63.8 (25.3)          ; 70.3 (27.9)                      ; 6.6 (2.7)                                         ; 0.1 (0.1)                        ; 0.0 (0.0)            ; 106 (33)            ; 32 (32)                   ; 0 (0)         ; 0                 ; 0     ; 1          ; 0    ; 0            ; |matmul_4x4_systolic|systolic_pe_matrix:u_systolic_pe_matrix|processing_element:pe13|MAC_E3M4:mac_unit                     ; MAC_E3M4            ; work         ;
;             |FPAddSub_E3M4:add_i|              ; 29.5 (29.5)          ; 31.7 (31.7)                      ; 2.2 (2.2)                                         ; 0.0 (0.0)                        ; 0.0 (0.0)            ; 51 (51)             ; 0 (0)                     ; 0 (0)         ; 0                 ; 0     ; 0          ; 0    ; 0            ; |matmul_4x4_systolic|systolic_pe_matrix:u_systolic_pe_matrix|processing_element:pe13|MAC_E3M4:mac_unit|FPAddSub_E3M4:add_i ; FPAddSub_E3M4       ; work         ;
;             |FPMult8_E3M4:mult_i|              ; 9.0 (9.0)            ; 10.7 (10.7)                      ; 1.8 (1.8)                                         ; 0.0 (0.0)                        ; 0.0 (0.0)            ; 22 (22)             ; 0 (0)                     ; 0 (0)         ; 0                 ; 0     ; 1          ; 0    ; 0            ; |matmul_4x4_systolic|systolic_pe_matrix:u_systolic_pe_matrix|processing_element:pe13|MAC_E3M4:mac_unit|FPMult8_E3M4:mult_i ; FPMult8_E3M4        ; work         ;
;       |processing_element:pe20|                ; 67.3 (0.0)           ; 71.3 (0.0)                       ; 4.0 (0.0)                                         ; 0.0 (0.0)                        ; 0.0 (0.0)            ; 106 (0)             ; 32 (0)                    ; 0 (0)         ; 0                 ; 0     ; 1          ; 0    ; 0            ; |matmul_4x4_systolic|systolic_pe_matrix:u_systolic_pe_matrix|processing_element:pe20                                       ; processing_element  ; work         ;
;          |MAC_E3M4:mac_unit|                   ; 67.3 (28.4)          ; 71.3 (30.4)                      ; 4.0 (2.0)                                         ; 0.0 (0.0)                        ; 0.0 (0.0)            ; 106 (33)            ; 32 (32)                   ; 0 (0)         ; 0                 ; 0     ; 1          ; 0    ; 0            ; |matmul_4x4_systolic|systolic_pe_matrix:u_systolic_pe_matrix|processing_element:pe20|MAC_E3M4:mac_unit                     ; MAC_E3M4            ; work         ;
;             |FPAddSub_E3M4:add_i|              ; 29.3 (29.3)          ; 30.5 (30.5)                      ; 1.2 (1.2)                                         ; 0.0 (0.0)                        ; 0.0 (0.0)            ; 51 (51)             ; 0 (0)                     ; 0 (0)         ; 0                 ; 0     ; 0          ; 0    ; 0            ; |matmul_4x4_systolic|systolic_pe_matrix:u_systolic_pe_matrix|processing_element:pe20|MAC_E3M4:mac_unit|FPAddSub_E3M4:add_i ; FPAddSub_E3M4       ; work         ;
;             |FPMult8_E3M4:mult_i|              ; 9.5 (9.5)            ; 10.3 (10.3)                      ; 0.8 (0.8)                                         ; 0.0 (0.0)                        ; 0.0 (0.0)            ; 22 (22)             ; 0 (0)                     ; 0 (0)         ; 0                 ; 0     ; 1          ; 0    ; 0            ; |matmul_4x4_systolic|systolic_pe_matrix:u_systolic_pe_matrix|processing_element:pe20|MAC_E3M4:mac_unit|FPMult8_E3M4:mult_i ; FPMult8_E3M4        ; work         ;
;       |processing_element:pe21|                ; 63.8 (0.0)           ; 68.8 (0.0)                       ; 5.0 (0.0)                                         ; 0.0 (0.0)                        ; 0.0 (0.0)            ; 106 (0)             ; 32 (0)                    ; 0 (0)         ; 0                 ; 0     ; 1          ; 0    ; 0            ; |matmul_4x4_systolic|systolic_pe_matrix:u_systolic_pe_matrix|processing_element:pe21                                       ; processing_element  ; work         ;
;          |MAC_E3M4:mac_unit|                   ; 63.8 (25.8)          ; 68.8 (28.3)                      ; 5.0 (2.5)                                         ; 0.0 (0.0)                        ; 0.0 (0.0)            ; 106 (33)            ; 32 (32)                   ; 0 (0)         ; 0                 ; 0     ; 1          ; 0    ; 0            ; |matmul_4x4_systolic|systolic_pe_matrix:u_systolic_pe_matrix|processing_element:pe21|MAC_E3M4:mac_unit                     ; MAC_E3M4            ; work         ;
;             |FPAddSub_E3M4:add_i|              ; 28.8 (28.8)          ; 30.2 (30.2)                      ; 1.3 (1.3)                                         ; 0.0 (0.0)                        ; 0.0 (0.0)            ; 51 (51)             ; 0 (0)                     ; 0 (0)         ; 0                 ; 0     ; 0          ; 0    ; 0            ; |matmul_4x4_systolic|systolic_pe_matrix:u_systolic_pe_matrix|processing_element:pe21|MAC_E3M4:mac_unit|FPAddSub_E3M4:add_i ; FPAddSub_E3M4       ; work         ;
;             |FPMult8_E3M4:mult_i|              ; 9.2 (9.2)            ; 10.3 (10.3)                      ; 1.2 (1.2)                                         ; 0.0 (0.0)                        ; 0.0 (0.0)            ; 22 (22)             ; 0 (0)                     ; 0 (0)         ; 0                 ; 0     ; 1          ; 0    ; 0            ; |matmul_4x4_systolic|systolic_pe_matrix:u_systolic_pe_matrix|processing_element:pe21|MAC_E3M4:mac_unit|FPMult8_E3M4:mult_i ; FPMult8_E3M4        ; work         ;
;       |processing_element:pe22|                ; 63.5 (0.0)           ; 70.1 (0.0)                       ; 6.7 (0.0)                                         ; 0.1 (0.0)                        ; 0.0 (0.0)            ; 106 (0)             ; 32 (0)                    ; 0 (0)         ; 0                 ; 0     ; 1          ; 0    ; 0            ; |matmul_4x4_systolic|systolic_pe_matrix:u_systolic_pe_matrix|processing_element:pe22                                       ; processing_element  ; work         ;
;          |MAC_E3M4:mac_unit|                   ; 63.5 (25.3)          ; 70.1 (28.9)                      ; 6.7 (3.7)                                         ; 0.1 (0.0)                        ; 0.0 (0.0)            ; 106 (33)            ; 32 (32)                   ; 0 (0)         ; 0                 ; 0     ; 1          ; 0    ; 0            ; |matmul_4x4_systolic|systolic_pe_matrix:u_systolic_pe_matrix|processing_element:pe22|MAC_E3M4:mac_unit                     ; MAC_E3M4            ; work         ;
;             |FPAddSub_E3M4:add_i|              ; 28.9 (28.9)          ; 29.8 (29.8)                      ; 1.0 (1.0)                                         ; 0.0 (0.0)                        ; 0.0 (0.0)            ; 51 (51)             ; 0 (0)                     ; 0 (0)         ; 0                 ; 0     ; 0          ; 0    ; 0            ; |matmul_4x4_systolic|systolic_pe_matrix:u_systolic_pe_matrix|processing_element:pe22|MAC_E3M4:mac_unit|FPAddSub_E3M4:add_i ; FPAddSub_E3M4       ; work         ;
;             |FPMult8_E3M4:mult_i|              ; 9.4 (9.4)            ; 11.3 (11.3)                      ; 2.0 (2.0)                                         ; 0.0 (0.0)                        ; 0.0 (0.0)            ; 22 (22)             ; 0 (0)                     ; 0 (0)         ; 0                 ; 0     ; 1          ; 0    ; 0            ; |matmul_4x4_systolic|systolic_pe_matrix:u_systolic_pe_matrix|processing_element:pe22|MAC_E3M4:mac_unit|FPMult8_E3M4:mult_i ; FPMult8_E3M4        ; work         ;
;       |processing_element:pe23|                ; 65.6 (2.0)           ; 73.3 (3.2)                       ; 7.8 (1.2)                                         ; 0.2 (0.0)                        ; 0.0 (0.0)            ; 106 (0)             ; 40 (8)                    ; 0 (0)         ; 0                 ; 0     ; 1          ; 0    ; 0            ; |matmul_4x4_systolic|systolic_pe_matrix:u_systolic_pe_matrix|processing_element:pe23                                       ; processing_element  ; work         ;
;          |MAC_E3M4:mac_unit|                   ; 63.6 (25.0)          ; 70.1 (27.8)                      ; 6.7 (2.9)                                         ; 0.2 (0.1)                        ; 0.0 (0.0)            ; 106 (33)            ; 32 (32)                   ; 0 (0)         ; 0                 ; 0     ; 1          ; 0    ; 0            ; |matmul_4x4_systolic|systolic_pe_matrix:u_systolic_pe_matrix|processing_element:pe23|MAC_E3M4:mac_unit                     ; MAC_E3M4            ; work         ;
;             |FPAddSub_E3M4:add_i|              ; 29.8 (29.8)          ; 31.5 (31.5)                      ; 1.7 (1.7)                                         ; 0.0 (0.0)                        ; 0.0 (0.0)            ; 51 (51)             ; 0 (0)                     ; 0 (0)         ; 0                 ; 0     ; 0          ; 0    ; 0            ; |matmul_4x4_systolic|systolic_pe_matrix:u_systolic_pe_matrix|processing_element:pe23|MAC_E3M4:mac_unit|FPAddSub_E3M4:add_i ; FPAddSub_E3M4       ; work         ;
;             |FPMult8_E3M4:mult_i|              ; 8.8 (8.8)            ; 10.7 (10.7)                      ; 2.1 (2.1)                                         ; 0.1 (0.1)                        ; 0.0 (0.0)            ; 22 (22)             ; 0 (0)                     ; 0 (0)         ; 0                 ; 0     ; 1          ; 0    ; 0            ; |matmul_4x4_systolic|systolic_pe_matrix:u_systolic_pe_matrix|processing_element:pe23|MAC_E3M4:mac_unit|FPMult8_E3M4:mult_i ; FPMult8_E3M4        ; work         ;
;       |processing_element:pe30|                ; 66.3 (2.5)           ; 69.4 (3.1)                       ; 3.1 (0.6)                                         ; 0.0 (0.0)                        ; 0.0 (0.0)            ; 106 (0)             ; 40 (8)                    ; 0 (0)         ; 0                 ; 0     ; 1          ; 0    ; 0            ; |matmul_4x4_systolic|systolic_pe_matrix:u_systolic_pe_matrix|processing_element:pe30                                       ; processing_element  ; work         ;
;          |MAC_E3M4:mac_unit|                   ; 63.8 (27.1)          ; 66.3 (27.1)                      ; 2.5 (0.0)                                         ; 0.0 (0.0)                        ; 0.0 (0.0)            ; 106 (33)            ; 32 (32)                   ; 0 (0)         ; 0                 ; 0     ; 1          ; 0    ; 0            ; |matmul_4x4_systolic|systolic_pe_matrix:u_systolic_pe_matrix|processing_element:pe30|MAC_E3M4:mac_unit                     ; MAC_E3M4            ; work         ;
;             |FPAddSub_E3M4:add_i|              ; 27.5 (27.5)          ; 28.6 (28.6)                      ; 1.1 (1.1)                                         ; 0.0 (0.0)                        ; 0.0 (0.0)            ; 51 (51)             ; 0 (0)                     ; 0 (0)         ; 0                 ; 0     ; 0          ; 0    ; 0            ; |matmul_4x4_systolic|systolic_pe_matrix:u_systolic_pe_matrix|processing_element:pe30|MAC_E3M4:mac_unit|FPAddSub_E3M4:add_i ; FPAddSub_E3M4       ; work         ;
;             |FPMult8_E3M4:mult_i|              ; 9.0 (9.0)            ; 10.7 (10.7)                      ; 1.7 (1.7)                                         ; 0.0 (0.0)                        ; 0.0 (0.0)            ; 22 (22)             ; 0 (0)                     ; 0 (0)         ; 0                 ; 0     ; 1          ; 0    ; 0            ; |matmul_4x4_systolic|systolic_pe_matrix:u_systolic_pe_matrix|processing_element:pe30|MAC_E3M4:mac_unit|FPMult8_E3M4:mult_i ; FPMult8_E3M4        ; work         ;
;       |processing_element:pe31|                ; 65.2 (2.3)           ; 75.3 (3.5)                       ; 10.2 (1.2)                                        ; 0.0 (0.0)                        ; 0.0 (0.0)            ; 106 (0)             ; 40 (8)                    ; 0 (0)         ; 0                 ; 0     ; 1          ; 0    ; 0            ; |matmul_4x4_systolic|systolic_pe_matrix:u_systolic_pe_matrix|processing_element:pe31                                       ; processing_element  ; work         ;
;          |MAC_E3M4:mac_unit|                   ; 62.8 (24.3)          ; 71.8 (30.4)                      ; 9.0 (6.2)                                         ; 0.0 (0.0)                        ; 0.0 (0.0)            ; 106 (33)            ; 32 (32)                   ; 0 (0)         ; 0                 ; 0     ; 1          ; 0    ; 0            ; |matmul_4x4_systolic|systolic_pe_matrix:u_systolic_pe_matrix|processing_element:pe31|MAC_E3M4:mac_unit                     ; MAC_E3M4            ; work         ;
;             |FPAddSub_E3M4:add_i|              ; 30.0 (30.0)          ; 30.0 (30.0)                      ; 0.0 (0.0)                                         ; 0.0 (0.0)                        ; 0.0 (0.0)            ; 51 (51)             ; 0 (0)                     ; 0 (0)         ; 0                 ; 0     ; 0          ; 0    ; 0            ; |matmul_4x4_systolic|systolic_pe_matrix:u_systolic_pe_matrix|processing_element:pe31|MAC_E3M4:mac_unit|FPAddSub_E3M4:add_i ; FPAddSub_E3M4       ; work         ;
;             |FPMult8_E3M4:mult_i|              ; 8.6 (8.6)            ; 11.4 (11.4)                      ; 2.8 (2.8)                                         ; 0.0 (0.0)                        ; 0.0 (0.0)            ; 22 (22)             ; 0 (0)                     ; 0 (0)         ; 0                 ; 0     ; 1          ; 0    ; 0            ; |matmul_4x4_systolic|systolic_pe_matrix:u_systolic_pe_matrix|processing_element:pe31|MAC_E3M4:mac_unit|FPMult8_E3M4:mult_i ; FPMult8_E3M4        ; work         ;
;       |processing_element:pe32|                ; 64.8 (2.4)           ; 75.7 (3.4)                       ; 10.8 (1.0)                                        ; 0.0 (0.0)                        ; 0.0 (0.0)            ; 106 (0)             ; 40 (8)                    ; 0 (0)         ; 0                 ; 0     ; 1          ; 0    ; 0            ; |matmul_4x4_systolic|systolic_pe_matrix:u_systolic_pe_matrix|processing_element:pe32                                       ; processing_element  ; work         ;
;          |MAC_E3M4:mac_unit|                   ; 62.4 (24.2)          ; 72.3 (29.4)                      ; 9.8 (5.2)                                         ; 0.0 (0.0)                        ; 0.0 (0.0)            ; 106 (33)            ; 32 (32)                   ; 0 (0)         ; 0                 ; 0     ; 1          ; 0    ; 0            ; |matmul_4x4_systolic|systolic_pe_matrix:u_systolic_pe_matrix|processing_element:pe32|MAC_E3M4:mac_unit                     ; MAC_E3M4            ; work         ;
;             |FPAddSub_E3M4:add_i|              ; 29.5 (29.5)          ; 31.3 (31.3)                      ; 1.8 (1.8)                                         ; 0.0 (0.0)                        ; 0.0 (0.0)            ; 51 (51)             ; 0 (0)                     ; 0 (0)         ; 0                 ; 0     ; 0          ; 0    ; 0            ; |matmul_4x4_systolic|systolic_pe_matrix:u_systolic_pe_matrix|processing_element:pe32|MAC_E3M4:mac_unit|FPAddSub_E3M4:add_i ; FPAddSub_E3M4       ; work         ;
;             |FPMult8_E3M4:mult_i|              ; 8.8 (8.8)            ; 11.5 (11.5)                      ; 2.7 (2.7)                                         ; 0.0 (0.0)                        ; 0.0 (0.0)            ; 22 (22)             ; 0 (0)                     ; 0 (0)         ; 0                 ; 0     ; 1          ; 0    ; 0            ; |matmul_4x4_systolic|systolic_pe_matrix:u_systolic_pe_matrix|processing_element:pe32|MAC_E3M4:mac_unit|FPMult8_E3M4:mult_i ; FPMult8_E3M4        ; work         ;
;       |processing_element:pe33|                ; 66.1 (4.5)           ; 80.7 (7.5)                       ; 14.6 (3.0)                                        ; 0.0 (0.0)                        ; 0.0 (0.0)            ; 106 (0)             ; 48 (16)                   ; 0 (0)         ; 0                 ; 0     ; 1          ; 0    ; 0            ; |matmul_4x4_systolic|systolic_pe_matrix:u_systolic_pe_matrix|processing_element:pe33                                       ; processing_element  ; work         ;
;          |MAC_E3M4:mac_unit|                   ; 61.5 (26.0)          ; 73.2 (30.5)                      ; 11.6 (4.5)                                        ; 0.0 (0.0)                        ; 0.0 (0.0)            ; 106 (33)            ; 32 (32)                   ; 0 (0)         ; 0                 ; 0     ; 1          ; 0    ; 0            ; |matmul_4x4_systolic|systolic_pe_matrix:u_systolic_pe_matrix|processing_element:pe33|MAC_E3M4:mac_unit                     ; MAC_E3M4            ; work         ;
;             |FPAddSub_E3M4:add_i|              ; 27.3 (27.3)          ; 31.5 (31.5)                      ; 4.2 (4.2)                                         ; 0.0 (0.0)                        ; 0.0 (0.0)            ; 51 (51)             ; 0 (0)                     ; 0 (0)         ; 0                 ; 0     ; 0          ; 0    ; 0            ; |matmul_4x4_systolic|systolic_pe_matrix:u_systolic_pe_matrix|processing_element:pe33|MAC_E3M4:mac_unit|FPAddSub_E3M4:add_i ; FPAddSub_E3M4       ; work         ;
;             |FPMult8_E3M4:mult_i|              ; 8.2 (8.2)            ; 11.2 (11.2)                      ; 2.9 (2.9)                                         ; 0.0 (0.0)                        ; 0.0 (0.0)            ; 22 (22)             ; 0 (0)                     ; 0 (0)         ; 0                 ; 0     ; 1          ; 0    ; 0            ; |matmul_4x4_systolic|systolic_pe_matrix:u_systolic_pe_matrix|processing_element:pe33|MAC_E3M4:mac_unit|FPMult8_E3M4:mult_i ; FPMult8_E3M4        ; work         ;
+------------------------------------------------+----------------------+----------------------------------+---------------------------------------------------+----------------------------------+----------------------+---------------------+---------------------------+---------------+-------------------+-------+------------+------+--------------+----------------------------------------------------------------------------------------------------------------------------+---------------------+--------------+
Note: For table entries with two numbers listed, the numbers in parentheses indicate the number of resources of the given type used by the specific entity alone. The numbers listed outside of parentheses indicate the total resources of the given type used by the specific entity and all of its sub-entities in the hierarchy.


+---------------------------------------------------------------------------------------------------------------------------------------------------------------------------------------------------------------------------------------+
; Control Signals                                                                                                                                                                                                                       ;
+---------------------------------------------------------------------------------------------+----------------------+---------+-------------------------+--------+----------------------+------------------+---------------------------+
; Name                                                                                        ; Location             ; Fan-Out ; Usage                   ; Global ; Global Resource Used ; Global Line Name ; Enable Signal Source Name ;
+---------------------------------------------------------------------------------------------+----------------------+---------+-------------------------+--------+----------------------+------------------+---------------------------+
; Equal1~1                                                                                    ; MLABCELL_X75_Y52_N57 ; 32      ; Sync. load              ; no     ; --                   ; --               ; --                        ;
; Equal5~1                                                                                    ; MLABCELL_X75_Y54_N27 ; 32      ; Sync. load              ; no     ; --                   ; --               ; --                        ;
; always0~0                                                                                   ; LABCELL_X67_Y55_N24  ; 87      ; Sync. clear, Sync. load ; no     ; --                   ; --               ; --                        ;
; clk                                                                                         ; LABCELL_X120_Y58_N12 ; 891     ; Clock                   ; yes    ; Global Clock         ; GCLK11           ; --                        ;
; output_logic:u_output_logic|Equal0~6                                                        ; MLABCELL_X73_Y55_N57 ; 128     ; Sync. load              ; no     ; --                   ; --               ; --                        ;
; output_logic:u_output_logic|c_data_out[24]~0                                                ; LABCELL_X71_Y55_N42  ; 128     ; Sync. clear             ; no     ; --                   ; --               ; --                        ;
; output_logic:u_output_logic|c_data_out[24]~3                                                ; LABCELL_X70_Y56_N42  ; 138     ; Clock enable            ; no     ; --                   ; --               ; --                        ;
; output_logic:u_output_logic|counter[22]~1                                                   ; LABCELL_X71_Y55_N54  ; 32      ; Clock enable            ; no     ; --                   ; --               ; --                        ;
; systolic_data_setup:u_systolic_data_setup|a_addr~0                                          ; LABCELL_X77_Y54_N42  ; 10      ; Clock enable            ; no     ; --                   ; --               ; --                        ;
; systolic_data_setup:u_systolic_data_setup|a_mem_access_counter[3]~0                         ; MLABCELL_X75_Y51_N51 ; 8       ; Sync. clear             ; no     ; --                   ; --               ; --                        ;
; systolic_data_setup:u_systolic_data_setup|always2~0                                         ; LABCELL_X74_Y54_N57  ; 96      ; Sync. clear             ; no     ; --                   ; --               ; --                        ;
; systolic_data_setup:u_systolic_data_setup|b_addr~0                                          ; LABCELL_X77_Y52_N48  ; 10      ; Clock enable            ; no     ; --                   ; --               ; --                        ;
; systolic_data_setup:u_systolic_data_setup|b_mem_access_counter[3]~0                         ; MLABCELL_X75_Y51_N48 ; 8       ; Sync. clear             ; no     ; --                   ; --               ; --                        ;
; systolic_pe_matrix:u_systolic_pe_matrix|effective_rst~0                                     ; LABCELL_X67_Y55_N42  ; 544     ; Sync. clear             ; no     ; --                   ; --               ; --                        ;
; systolic_pe_matrix:u_systolic_pe_matrix|processing_element:pe00|MAC_E3M4:mac_unit|acc_reg~7 ; LABCELL_X77_Y53_N45  ; 7       ; Clock enable            ; no     ; --                   ; --               ; --                        ;
; systolic_pe_matrix:u_systolic_pe_matrix|processing_element:pe01|MAC_E3M4:mac_unit|acc_reg~7 ; LABCELL_X76_Y58_N21  ; 7       ; Clock enable            ; no     ; --                   ; --               ; --                        ;
; systolic_pe_matrix:u_systolic_pe_matrix|processing_element:pe02|MAC_E3M4:mac_unit|acc_reg~7 ; LABCELL_X77_Y57_N15  ; 7       ; Clock enable            ; no     ; --                   ; --               ; --                        ;
; systolic_pe_matrix:u_systolic_pe_matrix|processing_element:pe03|MAC_E3M4:mac_unit|acc_reg~7 ; LABCELL_X71_Y52_N45  ; 7       ; Clock enable            ; no     ; --                   ; --               ; --                        ;
; systolic_pe_matrix:u_systolic_pe_matrix|processing_element:pe10|MAC_E3M4:mac_unit|acc_reg~7 ; LABCELL_X81_Y54_N24  ; 7       ; Clock enable            ; no     ; --                   ; --               ; --                        ;
; systolic_pe_matrix:u_systolic_pe_matrix|processing_element:pe11|MAC_E3M4:mac_unit|acc_reg~7 ; LABCELL_X80_Y55_N33  ; 7       ; Clock enable            ; no     ; --                   ; --               ; --                        ;
; systolic_pe_matrix:u_systolic_pe_matrix|processing_element:pe12|MAC_E3M4:mac_unit|acc_reg~7 ; LABCELL_X66_Y59_N9   ; 7       ; Clock enable            ; no     ; --                   ; --               ; --                        ;
; systolic_pe_matrix:u_systolic_pe_matrix|processing_element:pe13|MAC_E3M4:mac_unit|acc_reg~7 ; LABCELL_X54_Y57_N57  ; 7       ; Clock enable            ; no     ; --                   ; --               ; --                        ;
; systolic_pe_matrix:u_systolic_pe_matrix|processing_element:pe20|MAC_E3M4:mac_unit|acc_reg~7 ; LABCELL_X67_Y54_N39  ; 7       ; Clock enable            ; no     ; --                   ; --               ; --                        ;
; systolic_pe_matrix:u_systolic_pe_matrix|processing_element:pe21|MAC_E3M4:mac_unit|acc_reg~7 ; LABCELL_X67_Y53_N42  ; 7       ; Clock enable            ; no     ; --                   ; --               ; --                        ;
; systolic_pe_matrix:u_systolic_pe_matrix|processing_element:pe22|MAC_E3M4:mac_unit|acc_reg~7 ; MLABCELL_X53_Y56_N21 ; 7       ; Clock enable            ; no     ; --                   ; --               ; --                        ;
; systolic_pe_matrix:u_systolic_pe_matrix|processing_element:pe23|MAC_E3M4:mac_unit|acc_reg~7 ; LABCELL_X61_Y58_N3   ; 7       ; Clock enable            ; no     ; --                   ; --               ; --                        ;
; systolic_pe_matrix:u_systolic_pe_matrix|processing_element:pe30|MAC_E3M4:mac_unit|acc_reg~7 ; LABCELL_X62_Y54_N6   ; 7       ; Clock enable            ; no     ; --                   ; --               ; --                        ;
; systolic_pe_matrix:u_systolic_pe_matrix|processing_element:pe31|MAC_E3M4:mac_unit|acc_reg~7 ; MLABCELL_X53_Y56_N3  ; 7       ; Clock enable            ; no     ; --                   ; --               ; --                        ;
; systolic_pe_matrix:u_systolic_pe_matrix|processing_element:pe32|MAC_E3M4:mac_unit|acc_reg~7 ; LABCELL_X43_Y54_N51  ; 7       ; Clock enable            ; no     ; --                   ; --               ; --                        ;
; systolic_pe_matrix:u_systolic_pe_matrix|processing_element:pe33|MAC_E3M4:mac_unit|acc_reg~7 ; LABCELL_X51_Y59_N42  ; 7       ; Clock enable            ; no     ; --                   ; --               ; --                        ;
+---------------------------------------------------------------------------------------------+----------------------+---------+-------------------------+--------+----------------------+------------------+---------------------------+


+-------------------------------------------------------------------------------------------------------------+
; Global & Other Fast Signals                                                                                 ;
+------+----------------------+---------+----------------------+------------------+---------------------------+
; Name ; Location             ; Fan-Out ; Global Resource Used ; Global Line Name ; Enable Signal Source Name ;
+------+----------------------+---------+----------------------+------------------+---------------------------+
; clk  ; LABCELL_X120_Y58_N12 ; 891     ; Global Clock         ; GCLK11           ; --                        ;
+------+----------------------+---------+----------------------+------------------+---------------------------+


+-------------------------------------------------------------------+
; Non-Global High Fan-Out Signals                                   ;
+---------------------------------------------------------+---------+
; Name                                                    ; Fan-Out ;
+---------------------------------------------------------+---------+
; systolic_pe_matrix:u_systolic_pe_matrix|effective_rst~0 ; 544     ;
+---------------------------------------------------------+---------+


+-----------------------------------------------+
; Fitter DSP Block Usage Summary                ;
+---------------------------------+-------------+
; Statistic                       ; Number Used ;
+---------------------------------+-------------+
; Independent 9x9                 ; 16          ;
; Total number of DSP blocks      ; 16          ;
;                                 ;             ;
; Fixed Point Unsigned Multiplier ; 16          ;
+---------------------------------+-------------+


+-------------------------------------------------------------------------------------------------------------------------------------------------------------------------------------------------------------------------------------------------------------------------------------------------------------------------------------------------------------------------------------------------------------------------------------------------------------------------------------------------------+
; DSP Block Details                                                                                                                                                                                                                                                                                                                                                                                                                                                                                     ;
+-----------------------------------------------------------------------------------------------------------------+-----------------+----------------+---------------------+------------------------+------------------------+------------------------+------------------------+------------------------+------------------------+-----------------+--------------------------------+---------------------+-------------------------------+------------------------------+------------------------------+
; Name                                                                                                            ; Mode            ; Location       ; Sign Representation ; Data AX Input Register ; Data AY Input Register ; Data AZ Input Register ; Data BX Input Register ; Data BY Input Register ; Data BZ Input Register ; Output Register ; Dedicated Shift Register Chain ; Dedicated Pre-Adder ; Dedicated Coefficient Storage ; Dedicated Output Adder Chain ; Dedicated Output Accumulator ;
+-----------------------------------------------------------------------------------------------------------------+-----------------+----------------+---------------------+------------------------+------------------------+------------------------+------------------------+------------------------+------------------------+-----------------+--------------------------------+---------------------+-------------------------------+------------------------------+------------------------------+
; systolic_pe_matrix:u_systolic_pe_matrix|processing_element:pe00|MAC_E3M4:mac_unit|FPMult8_E3M4:mult_i|Mult0~mac ; Independent 9x9 ; DSP_X82_Y53_N0 ; Unsigned            ; no                     ; no                     ; --                     ; --                     ; --                     ; --                     ; no              ; no                             ; no                  ; no                            ; no                           ; no                           ;
; systolic_pe_matrix:u_systolic_pe_matrix|processing_element:pe10|MAC_E3M4:mac_unit|FPMult8_E3M4:mult_i|Mult0~mac ; Independent 9x9 ; DSP_X82_Y51_N0 ; Unsigned            ; no                     ; no                     ; --                     ; --                     ; --                     ; --                     ; no              ; no                             ; no                  ; no                            ; no                           ; no                           ;
; systolic_pe_matrix:u_systolic_pe_matrix|processing_element:pe20|MAC_E3M4:mac_unit|FPMult8_E3M4:mult_i|Mult0~mac ; Independent 9x9 ; DSP_X65_Y49_N0 ; Unsigned            ; no                     ; no                     ; --                     ; --                     ; --                     ; --                     ; no              ; no                             ; no                  ; no                            ; no                           ; no                           ;
; systolic_pe_matrix:u_systolic_pe_matrix|processing_element:pe30|MAC_E3M4:mac_unit|FPMult8_E3M4:mult_i|Mult0~mac ; Independent 9x9 ; DSP_X65_Y51_N0 ; Unsigned            ; no                     ; no                     ; --                     ; --                     ; --                     ; --                     ; no              ; no                             ; no                  ; no                            ; no                           ; no                           ;
; systolic_pe_matrix:u_systolic_pe_matrix|processing_element:pe01|MAC_E3M4:mac_unit|FPMult8_E3M4:mult_i|Mult0~mac ; Independent 9x9 ; DSP_X82_Y59_N0 ; Unsigned            ; no                     ; no                     ; --                     ; --                     ; --                     ; --                     ; no              ; no                             ; no                  ; no                            ; no                           ; no                           ;
; systolic_pe_matrix:u_systolic_pe_matrix|processing_element:pe11|MAC_E3M4:mac_unit|FPMult8_E3M4:mult_i|Mult0~mac ; Independent 9x9 ; DSP_X82_Y55_N0 ; Unsigned            ; no                     ; no                     ; --                     ; --                     ; --                     ; --                     ; no              ; no                             ; no                  ; no                            ; no                           ; no                           ;
; systolic_pe_matrix:u_systolic_pe_matrix|processing_element:pe21|MAC_E3M4:mac_unit|FPMult8_E3M4:mult_i|Mult0~mac ; Independent 9x9 ; DSP_X65_Y57_N0 ; Unsigned            ; no                     ; no                     ; --                     ; --                     ; --                     ; --                     ; no              ; no                             ; no                  ; no                            ; no                           ; no                           ;
; systolic_pe_matrix:u_systolic_pe_matrix|processing_element:pe31|MAC_E3M4:mac_unit|FPMult8_E3M4:mult_i|Mult0~mac ; Independent 9x9 ; DSP_X49_Y51_N0 ; Unsigned            ; no                     ; no                     ; --                     ; --                     ; --                     ; --                     ; no              ; no                             ; no                  ; no                            ; no                           ; no                           ;
; systolic_pe_matrix:u_systolic_pe_matrix|processing_element:pe02|MAC_E3M4:mac_unit|FPMult8_E3M4:mult_i|Mult0~mac ; Independent 9x9 ; DSP_X82_Y57_N0 ; Unsigned            ; no                     ; no                     ; --                     ; --                     ; --                     ; --                     ; no              ; no                             ; no                  ; no                            ; no                           ; no                           ;
; systolic_pe_matrix:u_systolic_pe_matrix|processing_element:pe12|MAC_E3M4:mac_unit|FPMult8_E3M4:mult_i|Mult0~mac ; Independent 9x9 ; DSP_X65_Y59_N0 ; Unsigned            ; no                     ; no                     ; --                     ; --                     ; --                     ; --                     ; no              ; no                             ; no                  ; no                            ; no                           ; no                           ;
; systolic_pe_matrix:u_systolic_pe_matrix|processing_element:pe22|MAC_E3M4:mac_unit|FPMult8_E3M4:mult_i|Mult0~mac ; Independent 9x9 ; DSP_X49_Y55_N0 ; Unsigned            ; no                     ; no                     ; --                     ; --                     ; --                     ; --                     ; no              ; no                             ; no                  ; no                            ; no                           ; no                           ;
; systolic_pe_matrix:u_systolic_pe_matrix|processing_element:pe32|MAC_E3M4:mac_unit|FPMult8_E3M4:mult_i|Mult0~mac ; Independent 9x9 ; DSP_X49_Y53_N0 ; Unsigned            ; no                     ; no                     ; --                     ; --                     ; --                     ; --                     ; no              ; no                             ; no                  ; no                            ; no                           ; no                           ;
; systolic_pe_matrix:u_systolic_pe_matrix|processing_element:pe03|MAC_E3M4:mac_unit|FPMult8_E3M4:mult_i|Mult0~mac ; Independent 9x9 ; DSP_X65_Y53_N0 ; Unsigned            ; no                     ; no                     ; --                     ; --                     ; --                     ; --                     ; no              ; no                             ; no                  ; no                            ; no                           ; no                           ;
; systolic_pe_matrix:u_systolic_pe_matrix|processing_element:pe13|MAC_E3M4:mac_unit|FPMult8_E3M4:mult_i|Mult0~mac ; Independent 9x9 ; DSP_X49_Y57_N0 ; Unsigned            ; no                     ; no                     ; --                     ; --                     ; --                     ; --                     ; no              ; no                             ; no                  ; no                            ; no                           ; no                           ;
; systolic_pe_matrix:u_systolic_pe_matrix|processing_element:pe23|MAC_E3M4:mac_unit|FPMult8_E3M4:mult_i|Mult0~mac ; Independent 9x9 ; DSP_X65_Y55_N0 ; Unsigned            ; no                     ; no                     ; --                     ; --                     ; --                     ; --                     ; no              ; no                             ; no                  ; no                            ; no                           ; no                           ;
; systolic_pe_matrix:u_systolic_pe_matrix|processing_element:pe33|MAC_E3M4:mac_unit|FPMult8_E3M4:mult_i|Mult0~mac ; Independent 9x9 ; DSP_X49_Y59_N0 ; Unsigned            ; no                     ; no                     ; --                     ; --                     ; --                     ; --                     ; no              ; no                             ; no                  ; no                            ; no                           ; no                           ;
+-----------------------------------------------------------------------------------------------------------------+-----------------+----------------+---------------------+------------------------+------------------------+------------------------+------------------------+------------------------+------------------------+-----------------+--------------------------------+---------------------+-------------------------------+------------------------------+------------------------------+


+----------------------------------------------------------+
; Routing Usage Summary                                    ;
+------------------------------+---------------------------+
; Routing Resource Type        ; Usage                     ;
+------------------------------+---------------------------+
; Block interconnects          ; 4,255 / 721,028 ( < 1 % ) ;
; C12 interconnects            ; 4 / 30,780 ( < 1 % )      ;
; C2 interconnects             ; 1,097 / 303,248 ( < 1 % ) ;
; C4 interconnects             ; 528 / 140,620 ( < 1 % )   ;
; DQS bus muxes                ; 0 / 35 ( 0 % )            ;
; DQS-18 I/O buses             ; 0 / 35 ( 0 % )            ;
; DQS-9 I/O buses              ; 0 / 35 ( 0 % )            ;
; Direct links                 ; 730 / 721,028 ( < 1 % )   ;
; Global clocks                ; 1 / 16 ( 6 % )            ;
; Horizontal periphery clocks  ; 0 / 96 ( 0 % )            ;
; Local interconnects          ; 1,368 / 227,120 ( < 1 % ) ;
; Quadrant clocks              ; 0 / 88 ( 0 % )            ;
; R14 interconnects            ; 69 / 30,168 ( < 1 % )     ;
; R14/C12 interconnect drivers ; 71 / 53,952 ( < 1 % )     ;
; R3 interconnects             ; 1,684 / 331,920 ( < 1 % ) ;
; R6 interconnects             ; 2,226 / 622,512 ( < 1 % ) ;
; Spine clocks                 ; 4 / 480 ( < 1 % )         ;
; Wire stub REs                ; 0 / 40,996 ( 0 % )        ;
+------------------------------+---------------------------+


+------------------------------------------------------------------------------------------------+
; Fitter Device Options                                                                          ;
+------------------------------------------------------------------+-----------------------------+
; Option                                                           ; Setting                     ;
+------------------------------------------------------------------+-----------------------------+
; Enable user-supplied start-up clock (CLKUSR)                     ; Off                         ;
; Enable device-wide reset (DEV_CLRn)                              ; Off                         ;
; Enable device-wide output enable (DEV_OE)                        ; Off                         ;
; Enable INIT_DONE output                                          ; Off                         ;
; Configuration scheme                                             ; Passive Serial              ;
; Enable Error Detection CRC_ERROR pin                             ; Off                         ;
; Enable CvP_CONFDONE pin                                          ; Off                         ;
; Enable open drain on CRC_ERROR pin                               ; On                          ;
; Enable open drain on CvP_CONFDONE pin                            ; On                          ;
; Enable open drain on INIT_DONE pin                               ; On                          ;
; Enable open drain on Partial Reconfiguration pins                ; Off                         ;
; Enable open drain on nCEO pin                                    ; On                          ;
; Enable Partial Reconfiguration pins                              ; Off                         ;
; Enable input tri-state on active configuration pins in user mode ; Off                         ;
; Enable internal scrubbing                                        ; Off                         ;
; Active Serial clock source                                       ; 100 MHz Internal Oscillator ;
; Device initialization clock source                               ; Internal Oscillator         ;
; Configuration via Protocol                                       ; Off                         ;
; Configuration Voltage Level                                      ; Auto                        ;
; Force Configuration Voltage Level                                ; Off                         ;
; Enable nCEO output                                               ; Off                         ;
; Data[15..8]                                                      ; Unreserved                  ;
; Data[7..5]                                                       ; Unreserved                  ;
; Base pin-out file on sameframe device                            ; Off                         ;
+------------------------------------------------------------------+-----------------------------+


+------------------------------------+
; Operating Settings and Conditions  ;
+---------------------------+--------+
; Setting                   ; Value  ;
+---------------------------+--------+
; Nominal Core Voltage      ; 1.10 V ;
; Low Junction Temperature  ; 0 °C   ;
; High Junction Temperature ; 85 °C  ;
+---------------------------+--------+


+------------------------------------------------------------+
; Estimated Delay Added for Hold Timing Summary              ;
+-----------------+----------------------+-------------------+
; Source Clock(s) ; Destination Clock(s) ; Delay Added in ns ;
+-----------------+----------------------+-------------------+
; clk             ; clk                  ; 43.5              ;
; clk,I/O         ; clk                  ; 2.1               ;
+-----------------+----------------------+-------------------+
Note: For more information on problematic transfers, consider running the Fitter again with the Optimize hold timing option (Settings Menu) turned off.
This will disable optimization of problematic paths and expose them for further analysis using the Timing Analyzer.


+-----------------------------------------------------------------------------------------------------------------------------------------------------------------------------------------------------------------+
; Estimated Delay Added for Hold Timing Details                                                                                                                                                                   ;
+----------------------------------------------------------------------------------------------+----------------------------------------------------------------------------------------------+-------------------+
; Source Register                                                                              ; Destination Register                                                                         ; Delay Added in ns ;
+----------------------------------------------------------------------------------------------+----------------------------------------------------------------------------------------------+-------------------+
; systolic_pe_matrix:u_systolic_pe_matrix|processing_element:pe33|MAC_E3M4:mac_unit|b_flop[4]  ; systolic_pe_matrix:u_systolic_pe_matrix|processing_element:pe33|MAC_E3M4:mac_unit|prod[3]    ; 0.925             ;
; systolic_pe_matrix:u_systolic_pe_matrix|processing_element:pe33|MAC_E3M4:mac_unit|b_flop[5]  ; systolic_pe_matrix:u_systolic_pe_matrix|processing_element:pe33|MAC_E3M4:mac_unit|prod[3]    ; 0.751             ;
; systolic_pe_matrix:u_systolic_pe_matrix|processing_element:pe33|MAC_E3M4:mac_unit|b_flop[6]  ; systolic_pe_matrix:u_systolic_pe_matrix|processing_element:pe33|MAC_E3M4:mac_unit|prod[3]    ; 0.721             ;
; systolic_pe_matrix:u_systolic_pe_matrix|processing_element:pe12|MAC_E3M4:mac_unit|acc_reg[1] ; systolic_pe_matrix:u_systolic_pe_matrix|processing_element:pe12|MAC_E3M4:mac_unit|acc_reg[7] ; 0.637             ;
; systolic_pe_matrix:u_systolic_pe_matrix|processing_element:pe12|MAC_E3M4:mac_unit|acc_reg[2] ; systolic_pe_matrix:u_systolic_pe_matrix|processing_element:pe12|MAC_E3M4:mac_unit|acc_reg[7] ; 0.637             ;
; systolic_pe_matrix:u_systolic_pe_matrix|processing_element:pe12|MAC_E3M4:mac_unit|acc_reg[3] ; systolic_pe_matrix:u_systolic_pe_matrix|processing_element:pe12|MAC_E3M4:mac_unit|acc_reg[7] ; 0.637             ;
; systolic_pe_matrix:u_systolic_pe_matrix|processing_element:pe12|MAC_E3M4:mac_unit|acc_reg[4] ; systolic_pe_matrix:u_systolic_pe_matrix|processing_element:pe12|MAC_E3M4:mac_unit|acc_reg[7] ; 0.637             ;
; systolic_pe_matrix:u_systolic_pe_matrix|processing_element:pe12|MAC_E3M4:mac_unit|acc_reg[5] ; systolic_pe_matrix:u_systolic_pe_matrix|processing_element:pe12|MAC_E3M4:mac_unit|acc_reg[7] ; 0.637             ;
; systolic_pe_matrix:u_systolic_pe_matrix|processing_element:pe12|MAC_E3M4:mac_unit|acc_reg[6] ; systolic_pe_matrix:u_systolic_pe_matrix|processing_element:pe12|MAC_E3M4:mac_unit|acc_reg[7] ; 0.637             ;
; systolic_pe_matrix:u_systolic_pe_matrix|processing_element:pe12|MAC_E3M4:mac_unit|acc_reg[0] ; systolic_pe_matrix:u_systolic_pe_matrix|processing_element:pe12|MAC_E3M4:mac_unit|acc_reg[7] ; 0.637             ;
; systolic_pe_matrix:u_systolic_pe_matrix|processing_element:pe10|MAC_E3M4:mac_unit|prod[5]    ; systolic_pe_matrix:u_systolic_pe_matrix|processing_element:pe10|MAC_E3M4:mac_unit|acc_reg[4] ; 0.628             ;
; systolic_pe_matrix:u_systolic_pe_matrix|processing_element:pe11|MAC_E3M4:mac_unit|b_flop[5]  ; systolic_pe_matrix:u_systolic_pe_matrix|processing_element:pe11|MAC_E3M4:mac_unit|prod[6]    ; 0.621             ;
; systolic_pe_matrix:u_systolic_pe_matrix|processing_element:pe21|MAC_E3M4:mac_unit|a_flop[4]  ; systolic_pe_matrix:u_systolic_pe_matrix|processing_element:pe21|MAC_E3M4:mac_unit|prod[4]    ; 0.599             ;
; systolic_pe_matrix:u_systolic_pe_matrix|processing_element:pe10|MAC_E3M4:mac_unit|b_flop[4]  ; systolic_pe_matrix:u_systolic_pe_matrix|processing_element:pe10|MAC_E3M4:mac_unit|prod[4]    ; 0.563             ;
; systolic_pe_matrix:u_systolic_pe_matrix|processing_element:pe00|MAC_E3M4:mac_unit|acc_reg[1] ; systolic_pe_matrix:u_systolic_pe_matrix|processing_element:pe00|MAC_E3M4:mac_unit|acc_reg[7] ; 0.562             ;
; systolic_pe_matrix:u_systolic_pe_matrix|processing_element:pe00|MAC_E3M4:mac_unit|acc_reg[2] ; systolic_pe_matrix:u_systolic_pe_matrix|processing_element:pe00|MAC_E3M4:mac_unit|acc_reg[7] ; 0.562             ;
; systolic_pe_matrix:u_systolic_pe_matrix|processing_element:pe00|MAC_E3M4:mac_unit|acc_reg[3] ; systolic_pe_matrix:u_systolic_pe_matrix|processing_element:pe00|MAC_E3M4:mac_unit|acc_reg[7] ; 0.562             ;
; systolic_pe_matrix:u_systolic_pe_matrix|processing_element:pe00|MAC_E3M4:mac_unit|acc_reg[4] ; systolic_pe_matrix:u_systolic_pe_matrix|processing_element:pe00|MAC_E3M4:mac_unit|acc_reg[7] ; 0.562             ;
; systolic_pe_matrix:u_systolic_pe_matrix|processing_element:pe00|MAC_E3M4:mac_unit|acc_reg[5] ; systolic_pe_matrix:u_systolic_pe_matrix|processing_element:pe00|MAC_E3M4:mac_unit|acc_reg[7] ; 0.562             ;
; systolic_pe_matrix:u_systolic_pe_matrix|processing_element:pe00|MAC_E3M4:mac_unit|acc_reg[6] ; systolic_pe_matrix:u_systolic_pe_matrix|processing_element:pe00|MAC_E3M4:mac_unit|acc_reg[7] ; 0.562             ;
; systolic_pe_matrix:u_systolic_pe_matrix|processing_element:pe00|MAC_E3M4:mac_unit|acc_reg[0] ; systolic_pe_matrix:u_systolic_pe_matrix|processing_element:pe00|MAC_E3M4:mac_unit|acc_reg[7] ; 0.562             ;
; systolic_pe_matrix:u_systolic_pe_matrix|processing_element:pe11|MAC_E3M4:mac_unit|a_flop[4]  ; systolic_pe_matrix:u_systolic_pe_matrix|processing_element:pe11|MAC_E3M4:mac_unit|prod[6]    ; 0.551             ;
; systolic_pe_matrix:u_systolic_pe_matrix|processing_element:pe32|MAC_E3M4:mac_unit|b_flop[4]  ; systolic_pe_matrix:u_systolic_pe_matrix|processing_element:pe32|MAC_E3M4:mac_unit|prod[4]    ; 0.548             ;
; systolic_pe_matrix:u_systolic_pe_matrix|processing_element:pe11|MAC_E3M4:mac_unit|b_flop[4]  ; systolic_pe_matrix:u_systolic_pe_matrix|processing_element:pe11|MAC_E3M4:mac_unit|prod[4]    ; 0.511             ;
; systolic_pe_matrix:u_systolic_pe_matrix|processing_element:pe20|MAC_E3M4:mac_unit|acc_reg[4] ; systolic_pe_matrix:u_systolic_pe_matrix|processing_element:pe20|MAC_E3M4:mac_unit|acc_reg[4] ; 0.508             ;
; systolic_pe_matrix:u_systolic_pe_matrix|processing_element:pe13|MAC_E3M4:mac_unit|b_flop[5]  ; systolic_pe_matrix:u_systolic_pe_matrix|processing_element:pe13|MAC_E3M4:mac_unit|prod[3]    ; 0.505             ;
; systolic_pe_matrix:u_systolic_pe_matrix|processing_element:pe32|MAC_E3M4:mac_unit|acc_reg[4] ; systolic_pe_matrix:u_systolic_pe_matrix|processing_element:pe32|MAC_E3M4:mac_unit|acc_reg[4] ; 0.504             ;
; systolic_pe_matrix:u_systolic_pe_matrix|processing_element:pe02|MAC_E3M4:mac_unit|a_flop[4]  ; systolic_pe_matrix:u_systolic_pe_matrix|processing_element:pe02|MAC_E3M4:mac_unit|prod[4]    ; 0.501             ;
; systolic_pe_matrix:u_systolic_pe_matrix|processing_element:pe20|MAC_E3M4:mac_unit|acc_reg[6] ; systolic_pe_matrix:u_systolic_pe_matrix|processing_element:pe20|MAC_E3M4:mac_unit|acc_reg[4] ; 0.474             ;
; systolic_pe_matrix:u_systolic_pe_matrix|processing_element:pe11|MAC_E3M4:mac_unit|acc_reg[3] ; systolic_pe_matrix:u_systolic_pe_matrix|processing_element:pe11|MAC_E3M4:mac_unit|acc_reg[0] ; 0.468             ;
; systolic_pe_matrix:u_systolic_pe_matrix|processing_element:pe11|MAC_E3M4:mac_unit|a_flop[5]  ; systolic_pe_matrix:u_systolic_pe_matrix|processing_element:pe11|MAC_E3M4:mac_unit|prod[6]    ; 0.468             ;
; systolic_pe_matrix:u_systolic_pe_matrix|processing_element:pe20|MAC_E3M4:mac_unit|acc_reg[5] ; systolic_pe_matrix:u_systolic_pe_matrix|processing_element:pe20|MAC_E3M4:mac_unit|acc_reg[4] ; 0.453             ;
; systolic_pe_matrix:u_systolic_pe_matrix|processing_element:pe11|MAC_E3M4:mac_unit|a_flop[7]  ; systolic_pe_matrix:u_systolic_pe_matrix|processing_element:pe11|MAC_E3M4:mac_unit|prod[7]    ; 0.446             ;
; systolic_pe_matrix:u_systolic_pe_matrix|processing_element:pe30|MAC_E3M4:mac_unit|acc_reg[4] ; systolic_pe_matrix:u_systolic_pe_matrix|processing_element:pe30|MAC_E3M4:mac_unit|acc_reg[4] ; 0.443             ;
; systolic_pe_matrix:u_systolic_pe_matrix|processing_element:pe00|MAC_E3M4:mac_unit|prod[7]    ; systolic_pe_matrix:u_systolic_pe_matrix|processing_element:pe00|MAC_E3M4:mac_unit|acc_reg[7] ; 0.437             ;
; systolic_pe_matrix:u_systolic_pe_matrix|processing_element:pe30|MAC_E3M4:mac_unit|prod[7]    ; systolic_pe_matrix:u_systolic_pe_matrix|processing_element:pe30|MAC_E3M4:mac_unit|acc_reg[7] ; 0.433             ;
; systolic_pe_matrix:u_systolic_pe_matrix|processing_element:pe21|MAC_E3M4:mac_unit|prod[7]    ; systolic_pe_matrix:u_systolic_pe_matrix|processing_element:pe21|MAC_E3M4:mac_unit|acc_reg[7] ; 0.432             ;
; systolic_pe_matrix:u_systolic_pe_matrix|processing_element:pe23|MAC_E3M4:mac_unit|prod[7]    ; systolic_pe_matrix:u_systolic_pe_matrix|processing_element:pe23|MAC_E3M4:mac_unit|acc_reg[7] ; 0.432             ;
; systolic_pe_matrix:u_systolic_pe_matrix|processing_element:pe13|MAC_E3M4:mac_unit|b_flop[7]  ; systolic_pe_matrix:u_systolic_pe_matrix|processing_element:pe13|MAC_E3M4:mac_unit|prod[7]    ; 0.431             ;
; systolic_pe_matrix:u_systolic_pe_matrix|processing_element:pe23|MAC_E3M4:mac_unit|acc_reg[4] ; systolic_pe_matrix:u_systolic_pe_matrix|processing_element:pe23|MAC_E3M4:mac_unit|acc_reg[4] ; 0.430             ;
; systolic_pe_matrix:u_systolic_pe_matrix|processing_element:pe33|MAC_E3M4:mac_unit|prod[7]    ; systolic_pe_matrix:u_systolic_pe_matrix|processing_element:pe33|MAC_E3M4:mac_unit|acc_reg[7] ; 0.429             ;
; systolic_pe_matrix:u_systolic_pe_matrix|processing_element:pe32|MAC_E3M4:mac_unit|prod[7]    ; systolic_pe_matrix:u_systolic_pe_matrix|processing_element:pe32|MAC_E3M4:mac_unit|acc_reg[7] ; 0.426             ;
; systolic_pe_matrix:u_systolic_pe_matrix|processing_element:pe30|MAC_E3M4:mac_unit|b_flop[4]  ; systolic_pe_matrix:u_systolic_pe_matrix|processing_element:pe30|MAC_E3M4:mac_unit|prod[4]    ; 0.416             ;
; systolic_pe_matrix:u_systolic_pe_matrix|processing_element:pe33|MAC_E3M4:mac_unit|a_flop[4]  ; systolic_pe_matrix:u_systolic_pe_matrix|processing_element:pe33|MAC_E3M4:mac_unit|prod[3]    ; 0.413             ;
; systolic_pe_matrix:u_systolic_pe_matrix|processing_element:pe33|MAC_E3M4:mac_unit|a_flop[5]  ; systolic_pe_matrix:u_systolic_pe_matrix|processing_element:pe33|MAC_E3M4:mac_unit|prod[3]    ; 0.413             ;
; systolic_pe_matrix:u_systolic_pe_matrix|processing_element:pe33|MAC_E3M4:mac_unit|a_flop[6]  ; systolic_pe_matrix:u_systolic_pe_matrix|processing_element:pe33|MAC_E3M4:mac_unit|prod[3]    ; 0.413             ;
; systolic_pe_matrix:u_systolic_pe_matrix|processing_element:pe21|MAC_E3M4:mac_unit|a_flop[6]  ; systolic_pe_matrix:u_systolic_pe_matrix|processing_element:pe21|MAC_E3M4:mac_unit|prod[6]    ; 0.406             ;
; systolic_pe_matrix:u_systolic_pe_matrix|processing_element:pe30|MAC_E3M4:mac_unit|acc_reg[5] ; systolic_pe_matrix:u_systolic_pe_matrix|processing_element:pe30|MAC_E3M4:mac_unit|acc_reg[4] ; 0.404             ;
; systolic_pe_matrix:u_systolic_pe_matrix|processing_element:pe30|MAC_E3M4:mac_unit|acc_reg[6] ; systolic_pe_matrix:u_systolic_pe_matrix|processing_element:pe30|MAC_E3M4:mac_unit|acc_reg[4] ; 0.401             ;
; systolic_pe_matrix:u_systolic_pe_matrix|processing_element:pe22|MAC_E3M4:mac_unit|prod[6]    ; systolic_pe_matrix:u_systolic_pe_matrix|processing_element:pe22|MAC_E3M4:mac_unit|acc_reg[6] ; 0.400             ;
; systolic_pe_matrix:u_systolic_pe_matrix|processing_element:pe22|MAC_E3M4:mac_unit|prod[5]    ; systolic_pe_matrix:u_systolic_pe_matrix|processing_element:pe22|MAC_E3M4:mac_unit|acc_reg[5] ; 0.400             ;
; systolic_pe_matrix:u_systolic_pe_matrix|processing_element:pe22|MAC_E3M4:mac_unit|prod[4]    ; systolic_pe_matrix:u_systolic_pe_matrix|processing_element:pe22|MAC_E3M4:mac_unit|acc_reg[4] ; 0.398             ;
; systolic_pe_matrix:u_systolic_pe_matrix|processing_element:pe32|MAC_E3M4:mac_unit|prod[6]    ; systolic_pe_matrix:u_systolic_pe_matrix|processing_element:pe32|MAC_E3M4:mac_unit|acc_reg[6] ; 0.395             ;
; systolic_pe_matrix:u_systolic_pe_matrix|processing_element:pe11|MAC_E3M4:mac_unit|acc_reg[0] ; systolic_pe_matrix:u_systolic_pe_matrix|processing_element:pe11|MAC_E3M4:mac_unit|acc_reg[0] ; 0.393             ;
; systolic_pe_matrix:u_systolic_pe_matrix|processing_element:pe33|MAC_E3M4:mac_unit|acc_reg[3] ; systolic_pe_matrix:u_systolic_pe_matrix|processing_element:pe33|MAC_E3M4:mac_unit|acc_reg[0] ; 0.392             ;
; systolic_pe_matrix:u_systolic_pe_matrix|processing_element:pe12|MAC_E3M4:mac_unit|prod[4]    ; systolic_pe_matrix:u_systolic_pe_matrix|processing_element:pe12|MAC_E3M4:mac_unit|acc_reg[4] ; 0.390             ;
; systolic_pe_matrix:u_systolic_pe_matrix|processing_element:pe11|MAC_E3M4:mac_unit|prod[4]    ; systolic_pe_matrix:u_systolic_pe_matrix|processing_element:pe11|MAC_E3M4:mac_unit|acc_reg[4] ; 0.388             ;
; systolic_pe_matrix:u_systolic_pe_matrix|processing_element:pe02|MAC_E3M4:mac_unit|prod[6]    ; systolic_pe_matrix:u_systolic_pe_matrix|processing_element:pe02|MAC_E3M4:mac_unit|acc_reg[6] ; 0.388             ;
; systolic_pe_matrix:u_systolic_pe_matrix|processing_element:pe10|MAC_E3M4:mac_unit|prod[6]    ; systolic_pe_matrix:u_systolic_pe_matrix|processing_element:pe10|MAC_E3M4:mac_unit|acc_reg[6] ; 0.385             ;
; systolic_pe_matrix:u_systolic_pe_matrix|processing_element:pe31|MAC_E3M4:mac_unit|prod[6]    ; systolic_pe_matrix:u_systolic_pe_matrix|processing_element:pe31|MAC_E3M4:mac_unit|acc_reg[6] ; 0.384             ;
; systolic_pe_matrix:u_systolic_pe_matrix|processing_element:pe12|MAC_E3M4:mac_unit|b_flop[7]  ; systolic_pe_matrix:u_systolic_pe_matrix|processing_element:pe12|MAC_E3M4:mac_unit|prod[7]    ; 0.380             ;
; systolic_pe_matrix:u_systolic_pe_matrix|processing_element:pe10|MAC_E3M4:mac_unit|acc_reg[1] ; systolic_pe_matrix:u_systolic_pe_matrix|processing_element:pe10|MAC_E3M4:mac_unit|acc_reg[4] ; 0.376             ;
; systolic_pe_matrix:u_systolic_pe_matrix|processing_element:pe10|MAC_E3M4:mac_unit|acc_reg[2] ; systolic_pe_matrix:u_systolic_pe_matrix|processing_element:pe10|MAC_E3M4:mac_unit|acc_reg[4] ; 0.376             ;
; systolic_pe_matrix:u_systolic_pe_matrix|processing_element:pe10|MAC_E3M4:mac_unit|acc_reg[3] ; systolic_pe_matrix:u_systolic_pe_matrix|processing_element:pe10|MAC_E3M4:mac_unit|acc_reg[4] ; 0.376             ;
; systolic_pe_matrix:u_systolic_pe_matrix|processing_element:pe10|MAC_E3M4:mac_unit|acc_reg[4] ; systolic_pe_matrix:u_systolic_pe_matrix|processing_element:pe10|MAC_E3M4:mac_unit|acc_reg[4] ; 0.376             ;
; systolic_pe_matrix:u_systolic_pe_matrix|processing_element:pe10|MAC_E3M4:mac_unit|acc_reg[5] ; systolic_pe_matrix:u_systolic_pe_matrix|processing_element:pe10|MAC_E3M4:mac_unit|acc_reg[4] ; 0.376             ;
; systolic_pe_matrix:u_systolic_pe_matrix|processing_element:pe10|MAC_E3M4:mac_unit|acc_reg[6] ; systolic_pe_matrix:u_systolic_pe_matrix|processing_element:pe10|MAC_E3M4:mac_unit|acc_reg[4] ; 0.376             ;
; systolic_pe_matrix:u_systolic_pe_matrix|processing_element:pe10|MAC_E3M4:mac_unit|prod[4]    ; systolic_pe_matrix:u_systolic_pe_matrix|processing_element:pe10|MAC_E3M4:mac_unit|acc_reg[4] ; 0.376             ;
; systolic_pe_matrix:u_systolic_pe_matrix|processing_element:pe10|MAC_E3M4:mac_unit|acc_reg[0] ; systolic_pe_matrix:u_systolic_pe_matrix|processing_element:pe10|MAC_E3M4:mac_unit|acc_reg[4] ; 0.376             ;
; systolic_pe_matrix:u_systolic_pe_matrix|processing_element:pe21|MAC_E3M4:mac_unit|b_flop[4]  ; systolic_pe_matrix:u_systolic_pe_matrix|processing_element:pe21|MAC_E3M4:mac_unit|prod[6]    ; 0.375             ;
; systolic_pe_matrix:u_systolic_pe_matrix|processing_element:pe22|MAC_E3M4:mac_unit|b_flop[7]  ; systolic_pe_matrix:u_systolic_pe_matrix|processing_element:pe22|MAC_E3M4:mac_unit|prod[7]    ; 0.370             ;
; systolic_pe_matrix:u_systolic_pe_matrix|processing_element:pe13|MAC_E3M4:mac_unit|a_flop[4]  ; systolic_pe_matrix:u_systolic_pe_matrix|processing_element:pe13|MAC_E3M4:mac_unit|prod[3]    ; 0.370             ;
; systolic_pe_matrix:u_systolic_pe_matrix|processing_element:pe13|MAC_E3M4:mac_unit|a_flop[5]  ; systolic_pe_matrix:u_systolic_pe_matrix|processing_element:pe13|MAC_E3M4:mac_unit|prod[3]    ; 0.370             ;
; systolic_pe_matrix:u_systolic_pe_matrix|processing_element:pe13|MAC_E3M4:mac_unit|a_flop[6]  ; systolic_pe_matrix:u_systolic_pe_matrix|processing_element:pe13|MAC_E3M4:mac_unit|prod[3]    ; 0.370             ;
; systolic_pe_matrix:u_systolic_pe_matrix|processing_element:pe13|MAC_E3M4:mac_unit|b_flop[4]  ; systolic_pe_matrix:u_systolic_pe_matrix|processing_element:pe13|MAC_E3M4:mac_unit|prod[3]    ; 0.370             ;
; systolic_pe_matrix:u_systolic_pe_matrix|processing_element:pe13|MAC_E3M4:mac_unit|b_flop[6]  ; systolic_pe_matrix:u_systolic_pe_matrix|processing_element:pe13|MAC_E3M4:mac_unit|prod[3]    ; 0.370             ;
; systolic_pe_matrix:u_systolic_pe_matrix|processing_element:pe13|MAC_E3M4:mac_unit|a_flop[0]  ; systolic_pe_matrix:u_systolic_pe_matrix|processing_element:pe13|MAC_E3M4:mac_unit|prod[3]    ; 0.370             ;
; systolic_pe_matrix:u_systolic_pe_matrix|processing_element:pe13|MAC_E3M4:mac_unit|a_flop[1]  ; systolic_pe_matrix:u_systolic_pe_matrix|processing_element:pe13|MAC_E3M4:mac_unit|prod[3]    ; 0.370             ;
; systolic_pe_matrix:u_systolic_pe_matrix|processing_element:pe13|MAC_E3M4:mac_unit|a_flop[2]  ; systolic_pe_matrix:u_systolic_pe_matrix|processing_element:pe13|MAC_E3M4:mac_unit|prod[3]    ; 0.370             ;
; systolic_pe_matrix:u_systolic_pe_matrix|processing_element:pe13|MAC_E3M4:mac_unit|a_flop[3]  ; systolic_pe_matrix:u_systolic_pe_matrix|processing_element:pe13|MAC_E3M4:mac_unit|prod[3]    ; 0.370             ;
; systolic_pe_matrix:u_systolic_pe_matrix|processing_element:pe13|MAC_E3M4:mac_unit|b_flop[0]  ; systolic_pe_matrix:u_systolic_pe_matrix|processing_element:pe13|MAC_E3M4:mac_unit|prod[3]    ; 0.370             ;
; systolic_pe_matrix:u_systolic_pe_matrix|processing_element:pe13|MAC_E3M4:mac_unit|b_flop[1]  ; systolic_pe_matrix:u_systolic_pe_matrix|processing_element:pe13|MAC_E3M4:mac_unit|prod[3]    ; 0.370             ;
; systolic_pe_matrix:u_systolic_pe_matrix|processing_element:pe13|MAC_E3M4:mac_unit|b_flop[2]  ; systolic_pe_matrix:u_systolic_pe_matrix|processing_element:pe13|MAC_E3M4:mac_unit|prod[3]    ; 0.370             ;
; systolic_pe_matrix:u_systolic_pe_matrix|processing_element:pe13|MAC_E3M4:mac_unit|b_flop[3]  ; systolic_pe_matrix:u_systolic_pe_matrix|processing_element:pe13|MAC_E3M4:mac_unit|prod[3]    ; 0.370             ;
; systolic_data_setup:u_systolic_data_setup|b_mem_access_counter[7]                            ; systolic_data_setup:u_systolic_data_setup|b3_data_delayed_1[7]                               ; 0.365             ;
; validity_mask_a_cols_b_rows[3]                                                               ; systolic_data_setup:u_systolic_data_setup|b3_data_delayed_1[7]                               ; 0.365             ;
; systolic_data_setup:u_systolic_data_setup|b_mem_access_counter[6]                            ; systolic_data_setup:u_systolic_data_setup|b3_data_delayed_1[7]                               ; 0.365             ;
; systolic_data_setup:u_systolic_data_setup|b_mem_access_counter[5]                            ; systolic_data_setup:u_systolic_data_setup|b3_data_delayed_1[7]                               ; 0.365             ;
; systolic_data_setup:u_systolic_data_setup|b_mem_access_counter[3]                            ; systolic_data_setup:u_systolic_data_setup|b3_data_delayed_1[7]                               ; 0.365             ;
; systolic_data_setup:u_systolic_data_setup|b_mem_access_counter[2]                            ; systolic_data_setup:u_systolic_data_setup|b3_data_delayed_1[7]                               ; 0.365             ;
; systolic_data_setup:u_systolic_data_setup|b_mem_access_counter[4]                            ; systolic_data_setup:u_systolic_data_setup|b3_data_delayed_1[7]                               ; 0.365             ;
; validity_mask_a_cols_b_rows[0]                                                               ; systolic_data_setup:u_systolic_data_setup|b3_data_delayed_1[7]                               ; 0.365             ;
; validity_mask_a_cols_b_rows[1]                                                               ; systolic_data_setup:u_systolic_data_setup|b3_data_delayed_1[7]                               ; 0.365             ;
; validity_mask_a_cols_b_rows[2]                                                               ; systolic_data_setup:u_systolic_data_setup|b3_data_delayed_1[7]                               ; 0.365             ;
; systolic_data_setup:u_systolic_data_setup|b_mem_access_counter[0]                            ; systolic_data_setup:u_systolic_data_setup|b3_data_delayed_1[7]                               ; 0.365             ;
; systolic_data_setup:u_systolic_data_setup|b_mem_access_counter[1]                            ; systolic_data_setup:u_systolic_data_setup|b3_data_delayed_1[7]                               ; 0.365             ;
; validity_mask_b_cols[3]                                                                      ; systolic_data_setup:u_systolic_data_setup|b3_data_delayed_1[7]                               ; 0.365             ;
; systolic_pe_matrix:u_systolic_pe_matrix|processing_element:pe21|MAC_E3M4:mac_unit|acc_reg[4] ; systolic_pe_matrix:u_systolic_pe_matrix|processing_element:pe21|MAC_E3M4:mac_unit|acc_reg[4] ; 0.363             ;
; systolic_pe_matrix:u_systolic_pe_matrix|processing_element:pe22|MAC_E3M4:mac_unit|b_flop[4]  ; systolic_pe_matrix:u_systolic_pe_matrix|processing_element:pe22|MAC_E3M4:mac_unit|prod[7]    ; 0.352             ;
; systolic_pe_matrix:u_systolic_pe_matrix|processing_element:pe11|MAC_E3M4:mac_unit|prod[2]    ; systolic_pe_matrix:u_systolic_pe_matrix|processing_element:pe11|MAC_E3M4:mac_unit|acc_reg[0] ; 0.350             ;
+----------------------------------------------------------------------------------------------+----------------------------------------------------------------------------------------------+-------------------+
Note: This table only shows the top 100 path(s) that have the largest delay added for hold.


+-----------------+
; Fitter Messages ;
+-----------------+
Info (20030): Parallel compilation is enabled and will use 4 of the 4 processors detected
Info (119006): Selected device 5CGXFC9E7F35C8 for design "matmul_synth"
Info (21077): Low junction temperature is 0 degrees C
Info (21077): High junction temperature is 85 degrees C
Info (171003): Fitter is performing an Auto Fit compilation, which may decrease Fitter effort to reduce compilation time
Warning (292013): Feature LogicLock is only available with a valid subscription license. You can purchase a software subscription to gain full access to this feature.
Info (184020): Starting Fitter periphery placement operations
Info (11191): Automatically promoted 1 clock (1 global)
    Info (11162): clk~CLKENA0 with 891 fanout uses global clock CLKCTRL_G1
        Info (12525): This signal is driven by core routing -- it may be moved during placement to reduce routing delays
Info (184021): Fitter periphery placement operations ending: elapsed time is 00:00:00
Info (176233): Starting register packing
Info (176235): Finished register packing
    Extra Info (176219): No registers were packed into other blocks
Info (11798): Fitter preparation operations ending: elapsed time is 00:00:11
Info (332104): Reading SDC File: 'matmul_synth.sdc'
Info (332151): Clock uncertainty is not calculated until you update the timing netlist.
Info (332123): Deriving Clock Uncertainty. Please refer to report_sdc in the Timing Analyzer to see clock uncertainties.
Info (332129): Detected timing requirements -- optimizing circuit to achieve only the specified requirements
Info (332111): Found 1 clocks
    Info (332111):   Period   Clock Name
    Info (332111): ======== ============
    Info (332111):   10.000          clk
Info (170189): Fitter placement preparation operations beginning
Info (14951): The Fitter is using Advanced Physical Optimization.
Info (170190): Fitter placement preparation operations ending: elapsed time is 00:00:07
Info (170191): Fitter placement operations beginning
Info (170137): Fitter placement was successful
Info (170192): Fitter placement operations ending: elapsed time is 00:00:04
Info (170193): Fitter routing operations beginning
Info (170195): Router estimated average interconnect usage is 0% of the available device resources
    Info (170196): Router estimated peak interconnect usage is 8% of the available device resources in the region that extends from location X61_Y46 to location X72_Y57
Info (170199): The Fitter performed an Auto Fit compilation.  Optimizations were skipped to reduce compilation time.
    Info (170201): Optimizations that may affect the design's routability were skipped
    Info (170200): Optimizations that may affect the design's timing were skipped
Info (170194): Fitter routing operations ending: elapsed time is 00:00:06
Info (11888): Total time spent on timing analysis during the Fitter is 2.21 seconds.
Info (334003): Started post-fitting delay annotation
Info (334004): Delay annotation completed successfully
Info (334003): Started post-fitting delay annotation
Info (334004): Delay annotation completed successfully
Info (11801): Fitter post-fit operations ending: elapsed time is 00:00:07
Info (144001): Generated suppressed messages file C:/Shubham/MS/Research/projects/lab3/synth/output_files/matmul_synth.fit.smsg
Info: Quartus Prime Fitter was successful. 0 errors, 1 warning
    Info: Peak virtual memory: 7248 megabytes
    Info: Processing ended: Wed Sep 16 16:24:52 2026
    Info: Elapsed time: 00:01:12
    Info: Total CPU time (on all processors): 00:02:46


+----------------------------+
; Fitter Suppressed Messages ;
+----------------------------+
The suppressed messages can be found in C:/Shubham/MS/Research/projects/lab3/synth/output_files/matmul_synth.fit.smsg.


