Analysis & Synthesis report for matmul_synth
Wed Sep 16 16:23:40 2026
Quartus Prime Version 24.1std.0 Build 1077 03/04/2025 SC Lite Edition


---------------------
; Table of Contents ;
---------------------
  1. Legal Notice
  2. Analysis & Synthesis Summary
  3. Analysis & Synthesis Settings
  4. Parallel Compilation
  5. Analysis & Synthesis Source Files Read
  6. Analysis & Synthesis Resource Usage Summary
  7. Analysis & Synthesis Resource Utilization by Entity
  8. Analysis & Synthesis DSP Block Usage Summary
  9. Registers Removed During Synthesis
 10. General Register Statistics
 11. Multiplexer Restructuring Statistics (Restructuring Performed)
 12. Port Connectivity Checks: "systolic_pe_matrix:u_systolic_pe_matrix|processing_element:pe00|MAC_E3M4:mac_unit|FPAddSub_E3M4:add_i"
 13. Port Connectivity Checks: "systolic_pe_matrix:u_systolic_pe_matrix|processing_element:pe00|MAC_E3M4:mac_unit|FPMult8_E3M4:mult_i"
 14. Port Connectivity Checks: "systolic_pe_matrix:u_systolic_pe_matrix|processing_element:pe00|MAC_E3M4:mac_unit"
 15. Port Connectivity Checks: "output_logic:u_output_logic"
 16. Post-Synthesis Netlist Statistics for Top Partition
 17. Elapsed Time Per Partition
 18. Analysis & Synthesis Messages



----------------
; Legal Notice ;
----------------
Copyright (C) 2025  Altera Corporation. All rights reserved.
Your use of Altera Corporation's design tools, logic functions 
and other software and tools, and any partner logic 
functions, and any output files from any of the foregoing 
(including device programming or simulation files), and any 
associated documentation or information are expressly subject 
to the terms and conditions of the Altera Program License 
Subscription Agreement, the Altera Quartus Prime License Agreement,
the Altera IP License Agreement, or other applicable license
agreement, including, without limitation, that your use is for
the sole purpose of programming logic devices manufactured by
Altera and sold by Altera or its authorized distributors.  Please
refer to the Altera Software License Subscription Agreements 
on the Quartus Prime software download page.



+-----------------------------------------------------------------------------------+
; Analysis & Synthesis Summary                                                      ;
+---------------------------------+-------------------------------------------------+
; Analysis & Synthesis Status     ; Successful - Wed Sep 16 16:23:40 2026           ;
; Quartus Prime Version           ; 24.1std.0 Build 1077 03/04/2025 SC Lite Edition ;
; Revision Name                   ; matmul_synth                                    ;
; Top-level Entity Name           ; matmul_4x4_systolic                             ;
; Family                          ; Cyclone V                                       ;
; Logic utilization (in ALMs)     ; N/A                                             ;
; Total registers                 ; 891                                             ;
; Total pins                      ; 0                                               ;
; Total virtual pins              ; 382                                             ;
; Total block memory bits         ; 0                                               ;
; Total DSP Blocks                ; 16                                              ;
; Total HSSI RX PCSs              ; 0                                               ;
; Total HSSI PMA RX Deserializers ; 0                                               ;
; Total HSSI TX PCSs              ; 0                                               ;
; Total HSSI PMA TX Serializers   ; 0                                               ;
; Total PLLs                      ; 0                                               ;
; Total DLLs                      ; 0                                               ;
+---------------------------------+-------------------------------------------------+


+----------------------------------------------------------------------------------------------------------------------------+
; Analysis & Synthesis Settings                                                                                              ;
+---------------------------------------------------------------------------------+---------------------+--------------------+
; Option                                                                          ; Setting             ; Default Value      ;
+---------------------------------------------------------------------------------+---------------------+--------------------+
; Device                                                                          ; 5CGXFC9E7F35C8      ;                    ;
; Top-level entity name                                                           ; matmul_4x4_systolic ; matmul_synth       ;
; Family name                                                                     ; Cyclone V           ; Cyclone V          ;
; Maximum processors allowed for parallel compilation                             ; All                 ;                    ;
; Use smart compilation                                                           ; Off                 ; Off                ;
; Enable parallel Assembler and Timing Analyzer during compilation                ; On                  ; On                 ;
; Enable compact report table                                                     ; Off                 ; Off                ;
; Restructure Multiplexers                                                        ; Auto                ; Auto               ;
; MLAB Add Timing Constraints For Mixed-Port Feed-Through Mode Setting Don't Care ; Off                 ; Off                ;
; Create Debugging Nodes for IP Cores                                             ; Off                 ; Off                ;
; Preserve fewer node names                                                       ; On                  ; On                 ;
; Intel FPGA IP Evaluation Mode                                                   ; Enable              ; Enable             ;
; Verilog Version                                                                 ; Verilog_2001        ; Verilog_2001       ;
; VHDL Version                                                                    ; VHDL_1993           ; VHDL_1993          ;
; State Machine Processing                                                        ; Auto                ; Auto               ;
; Safe State Machine                                                              ; Off                 ; Off                ;
; Extract Verilog State Machines                                                  ; On                  ; On                 ;
; Extract VHDL State Machines                                                     ; On                  ; On                 ;
; Ignore Verilog initial constructs                                               ; Off                 ; Off                ;
; Iteration limit for constant Verilog loops                                      ; 5000                ; 5000               ;
; Iteration limit for non-constant Verilog loops                                  ; 250                 ; 250                ;
; Add Pass-Through Logic to Inferred RAMs                                         ; On                  ; On                 ;
; Infer RAMs from Raw Logic                                                       ; On                  ; On                 ;
; Parallel Synthesis                                                              ; On                  ; On                 ;
; DSP Block Balancing                                                             ; Auto                ; Auto               ;
; NOT Gate Push-Back                                                              ; On                  ; On                 ;
; Power-Up Don't Care                                                             ; On                  ; On                 ;
; Remove Redundant Logic Cells                                                    ; Off                 ; Off                ;
; Remove Duplicate Registers                                                      ; On                  ; On                 ;
; Ignore CARRY Buffers                                                            ; Off                 ; Off                ;
; Ignore CASCADE Buffers                                                          ; Off                 ; Off                ;
; Ignore GLOBAL Buffers                                                           ; Off                 ; Off                ;
; Ignore ROW GLOBAL Buffers                                                       ; Off                 ; Off                ;
; Ignore LCELL Buffers                                                            ; Off                 ; Off                ;
; Ignore SOFT Buffers                                                             ; On                  ; On                 ;
; Limit AHDL Integers to 32 Bits                                                  ; Off                 ; Off                ;
; Optimization Technique                                                          ; Balanced            ; Balanced           ;
; Carry Chain Length                                                              ; 70                  ; 70                 ;
; Auto Carry Chains                                                               ; On                  ; On                 ;
; Auto Open-Drain Pins                                                            ; On                  ; On                 ;
; Perform WYSIWYG Primitive Resynthesis                                           ; Off                 ; Off                ;
; Auto ROM Replacement                                                            ; On                  ; On                 ;
; Auto RAM Replacement                                                            ; On                  ; On                 ;
; Auto DSP Block Replacement                                                      ; On                  ; On                 ;
; Auto Shift Register Replacement                                                 ; Auto                ; Auto               ;
; Allow Shift Register Merging across Hierarchies                                 ; Auto                ; Auto               ;
; Auto Clock Enable Replacement                                                   ; On                  ; On                 ;
; Strict RAM Replacement                                                          ; Off                 ; Off                ;
; Allow Synchronous Control Signals                                               ; On                  ; On                 ;
; Force Use of Synchronous Clear Signals                                          ; Off                 ; Off                ;
; Auto Resource Sharing                                                           ; Off                 ; Off                ;
; Allow Any RAM Size For Recognition                                              ; Off                 ; Off                ;
; Allow Any ROM Size For Recognition                                              ; Off                 ; Off                ;
; Allow Any Shift Register Size For Recognition                                   ; Off                 ; Off                ;
; Use LogicLock Constraints during Resource Balancing                             ; On                  ; On                 ;
; Ignore translate_off and synthesis_off directives                               ; Off                 ; Off                ;
; Timing-Driven Synthesis                                                         ; On                  ; On                 ;
; Report Parameter Settings                                                       ; On                  ; On                 ;
; Report Source Assignments                                                       ; On                  ; On                 ;
; Report Connectivity Checks                                                      ; On                  ; On                 ;
; Ignore Maximum Fan-Out Assignments                                              ; Off                 ; Off                ;
; Synchronization Register Chain Length                                           ; 3                   ; 3                  ;
; Power Optimization During Synthesis                                             ; Normal compilation  ; Normal compilation ;
; HDL message level                                                               ; Level2              ; Level2             ;
; Suppress Register Optimization Related Messages                                 ; Off                 ; Off                ;
; Number of Removed Registers Reported in Synthesis Report                        ; 5000                ; 5000               ;
; Number of Swept Nodes Reported in Synthesis Report                              ; 5000                ; 5000               ;
; Number of Inverted Registers Reported in Synthesis Report                       ; 100                 ; 100                ;
; Clock MUX Protection                                                            ; On                  ; On                 ;
; Auto Gated Clock Conversion                                                     ; Off                 ; Off                ;
; Block Design Naming                                                             ; Auto                ; Auto               ;
; SDC constraint protection                                                       ; Off                 ; Off                ;
; Synthesis Effort                                                                ; Auto                ; Auto               ;
; Shift Register Replacement - Allow Asynchronous Clear Signal                    ; On                  ; On                 ;
; Pre-Mapping Resynthesis Optimization                                            ; Off                 ; Off                ;
; Analysis & Synthesis Message Level                                              ; Medium              ; Medium             ;
; Disable Register Merging Across Hierarchies                                     ; Auto                ; Auto               ;
; Resource Aware Inference For Block RAM                                          ; On                  ; On                 ;
; Automatic Parallel Synthesis                                                    ; On                  ; On                 ;
; Partial Reconfiguration Bitstream ID                                            ; Off                 ; Off                ;
+---------------------------------------------------------------------------------+---------------------+--------------------+


+------------------------------------------+
; Parallel Compilation                     ;
+----------------------------+-------------+
; Processors                 ; Number      ;
+----------------------------+-------------+
; Number detected on machine ; 8           ;
; Maximum allowed            ; 4           ;
;                            ;             ;
; Average used               ; 1.00        ;
; Maximum used               ; 4           ;
;                            ;             ;
; Usage by Processor         ; % Time Used ;
;     Processor 1            ; 100.0%      ;
;     Processor 2            ;   0.0%      ;
;     Processor 3            ;   0.0%      ;
;     Processor 4            ;   0.0%      ;
+----------------------------+-------------+


+--------------------------------------------------------------------------------------------------------------------------------------------------+
; Analysis & Synthesis Source Files Read                                                                                                           ;
+----------------------------------+-----------------+------------------------------+----------------------------------------------------+---------+
; File Name with User-Entered Path ; Used in Netlist ; File Type                    ; File Name with Absolute Path                       ; Library ;
+----------------------------------+-----------------+------------------------------+----------------------------------------------------+---------+
; ../rtl/matmul.sv                 ; yes             ; User SystemVerilog HDL File  ; C:/Shubham/MS/Research/projects/lab3/rtl/matmul.sv ;         ;
+----------------------------------+-----------------+------------------------------+----------------------------------------------------+---------+


+-----------------------------------------------------+
; Analysis & Synthesis Resource Usage Summary         ;
+---------------------------------------------+-------+
; Resource                                    ; Usage ;
+---------------------------------------------+-------+
; Estimate of Logic utilization (ALMs needed) ; 1496  ;
;                                             ;       ;
; Combinational ALUT usage for logic          ; 1998  ;
;     -- 7 input functions                    ; 0     ;
;     -- 6 input functions                    ; 401   ;
;     -- 5 input functions                    ; 387   ;
;     -- 4 input functions                    ; 433   ;
;     -- <=3 input functions                  ; 777   ;
;                                             ;       ;
; Dedicated logic registers                   ; 891   ;
;                                             ;       ;
; Virtual pins                                ; 382   ;
; I/O pins                                    ; 0     ;
;                                             ;       ;
; Total DSP Blocks                            ; 16    ;
;                                             ;       ;
; Maximum fan-out node                        ; clk   ;
; Maximum fan-out                             ; 891   ;
; Total fan-out                               ; 11281 ;
; Average fan-out                             ; 3.43  ;
+---------------------------------------------+-------+


+---------------------------------------------------------------------------------------------------------------------------------------------------------------------------------------------------------------------------------------------------------------------------------------------------------------------------+
; Analysis & Synthesis Resource Utilization by Entity                                                                                                                                                                                                                                                                       ;
+------------------------------------------------+---------------------+---------------------------+-------------------+------------+------+--------------+----------------------------------------------------------------------------------------------------------------------------+---------------------+--------------+
; Compilation Hierarchy Node                     ; Combinational ALUTs ; Dedicated Logic Registers ; Block Memory Bits ; DSP Blocks ; Pins ; Virtual Pins ; Full Hierarchy Name                                                                                                        ; Entity Name         ; Library Name ;
+------------------------------------------------+---------------------+---------------------------+-------------------+------------+------+--------------+----------------------------------------------------------------------------------------------------------------------------+---------------------+--------------+
; |matmul_4x4_systolic                           ; 1998 (16)           ; 891 (9)                   ; 0                 ; 16         ; 0    ; 382          ; |matmul_4x4_systolic                                                                                                       ; matmul_4x4_systolic ; work         ;
;    |output_logic:u_output_logic|               ; 121 (121)           ; 172 (172)                 ; 0                 ; 0          ; 0    ; 0            ; |matmul_4x4_systolic|output_logic:u_output_logic                                                                           ; output_logic        ; work         ;
;    |systolic_data_setup:u_systolic_data_setup| ; 164 (164)           ; 134 (134)                 ; 0                 ; 0          ; 0    ; 0            ; |matmul_4x4_systolic|systolic_data_setup:u_systolic_data_setup                                                             ; systolic_data_setup ; work         ;
;    |systolic_pe_matrix:u_systolic_pe_matrix|   ; 1697 (1)            ; 576 (0)                   ; 0                 ; 16         ; 0    ; 0            ; |matmul_4x4_systolic|systolic_pe_matrix:u_systolic_pe_matrix                                                               ; systolic_pe_matrix  ; work         ;
;       |processing_element:pe00|                ; 106 (0)             ; 32 (0)                    ; 0                 ; 1          ; 0    ; 0            ; |matmul_4x4_systolic|systolic_pe_matrix:u_systolic_pe_matrix|processing_element:pe00                                       ; processing_element  ; work         ;
;          |MAC_E3M4:mac_unit|                   ; 106 (33)            ; 32 (32)                   ; 0                 ; 1          ; 0    ; 0            ; |matmul_4x4_systolic|systolic_pe_matrix:u_systolic_pe_matrix|processing_element:pe00|MAC_E3M4:mac_unit                     ; MAC_E3M4            ; work         ;
;             |FPAddSub_E3M4:add_i|              ; 51 (51)             ; 0 (0)                     ; 0                 ; 0          ; 0    ; 0            ; |matmul_4x4_systolic|systolic_pe_matrix:u_systolic_pe_matrix|processing_element:pe00|MAC_E3M4:mac_unit|FPAddSub_E3M4:add_i ; FPAddSub_E3M4       ; work         ;
;             |FPMult8_E3M4:mult_i|              ; 22 (22)             ; 0 (0)                     ; 0                 ; 1          ; 0    ; 0            ; |matmul_4x4_systolic|systolic_pe_matrix:u_systolic_pe_matrix|processing_element:pe00|MAC_E3M4:mac_unit|FPMult8_E3M4:mult_i ; FPMult8_E3M4        ; work         ;
;       |processing_element:pe01|                ; 106 (0)             ; 32 (0)                    ; 0                 ; 1          ; 0    ; 0            ; |matmul_4x4_systolic|systolic_pe_matrix:u_systolic_pe_matrix|processing_element:pe01                                       ; processing_element  ; work         ;
;          |MAC_E3M4:mac_unit|                   ; 106 (33)            ; 32 (32)                   ; 0                 ; 1          ; 0    ; 0            ; |matmul_4x4_systolic|systolic_pe_matrix:u_systolic_pe_matrix|processing_element:pe01|MAC_E3M4:mac_unit                     ; MAC_E3M4            ; work         ;
;             |FPAddSub_E3M4:add_i|              ; 51 (51)             ; 0 (0)                     ; 0                 ; 0          ; 0    ; 0            ; |matmul_4x4_systolic|systolic_pe_matrix:u_systolic_pe_matrix|processing_element:pe01|MAC_E3M4:mac_unit|FPAddSub_E3M4:add_i ; FPAddSub_E3M4       ; work         ;
;             |FPMult8_E3M4:mult_i|              ; 22 (22)             ; 0 (0)                     ; 0                 ; 1          ; 0    ; 0            ; |matmul_4x4_systolic|systolic_pe_matrix:u_systolic_pe_matrix|processing_element:pe01|MAC_E3M4:mac_unit|FPMult8_E3M4:mult_i ; FPMult8_E3M4        ; work         ;
;       |processing_element:pe02|                ; 106 (0)             ; 32 (0)                    ; 0                 ; 1          ; 0    ; 0            ; |matmul_4x4_systolic|systolic_pe_matrix:u_systolic_pe_matrix|processing_element:pe02                                       ; processing_element  ; work         ;
;          |MAC_E3M4:mac_unit|                   ; 106 (33)            ; 32 (32)                   ; 0                 ; 1          ; 0    ; 0            ; |matmul_4x4_systolic|systolic_pe_matrix:u_systolic_pe_matrix|processing_element:pe02|MAC_E3M4:mac_unit                     ; MAC_E3M4            ; work         ;
;             |FPAddSub_E3M4:add_i|              ; 51 (51)             ; 0 (0)                     ; 0                 ; 0          ; 0    ; 0            ; |matmul_4x4_systolic|systolic_pe_matrix:u_systolic_pe_matrix|processing_element:pe02|MAC_E3M4:mac_unit|FPAddSub_E3M4:add_i ; FPAddSub_E3M4       ; work         ;
;             |FPMult8_E3M4:mult_i|              ; 22 (22)             ; 0 (0)                     ; 0                 ; 1          ; 0    ; 0            ; |matmul_4x4_systolic|systolic_pe_matrix:u_systolic_pe_matrix|processing_element:pe02|MAC_E3M4:mac_unit|FPMult8_E3M4:mult_i ; FPMult8_E3M4        ; work         ;
;       |processing_element:pe03|                ; 106 (0)             ; 40 (8)                    ; 0                 ; 1          ; 0    ; 0            ; |matmul_4x4_systolic|systolic_pe_matrix:u_systolic_pe_matrix|processing_element:pe03                                       ; processing_element  ; work         ;
;          |MAC_E3M4:mac_unit|                   ; 106 (33)            ; 32 (32)                   ; 0                 ; 1          ; 0    ; 0            ; |matmul_4x4_systolic|systolic_pe_matrix:u_systolic_pe_matrix|processing_element:pe03|MAC_E3M4:mac_unit                     ; MAC_E3M4            ; work         ;
;             |FPAddSub_E3M4:add_i|              ; 51 (51)             ; 0 (0)                     ; 0                 ; 0          ; 0    ; 0            ; |matmul_4x4_systolic|systolic_pe_matrix:u_systolic_pe_matrix|processing_element:pe03|MAC_E3M4:mac_unit|FPAddSub_E3M4:add_i ; FPAddSub_E3M4       ; work         ;
;             |FPMult8_E3M4:mult_i|              ; 22 (22)             ; 0 (0)                     ; 0                 ; 1          ; 0    ; 0            ; |matmul_4x4_systolic|systolic_pe_matrix:u_systolic_pe_matrix|processing_element:pe03|MAC_E3M4:mac_unit|FPMult8_E3M4:mult_i ; FPMult8_E3M4        ; work         ;
;       |processing_element:pe10|                ; 106 (0)             ; 32 (0)                    ; 0                 ; 1          ; 0    ; 0            ; |matmul_4x4_systolic|systolic_pe_matrix:u_systolic_pe_matrix|processing_element:pe10                                       ; processing_element  ; work         ;
;          |MAC_E3M4:mac_unit|                   ; 106 (33)            ; 32 (32)                   ; 0                 ; 1          ; 0    ; 0            ; |matmul_4x4_systolic|systolic_pe_matrix:u_systolic_pe_matrix|processing_element:pe10|MAC_E3M4:mac_unit                     ; MAC_E3M4            ; work         ;
;             |FPAddSub_E3M4:add_i|              ; 51 (51)             ; 0 (0)                     ; 0                 ; 0          ; 0    ; 0            ; |matmul_4x4_systolic|systolic_pe_matrix:u_systolic_pe_matrix|processing_element:pe10|MAC_E3M4:mac_unit|FPAddSub_E3M4:add_i ; FPAddSub_E3M4       ; work         ;
;             |FPMult8_E3M4:mult_i|              ; 22 (22)             ; 0 (0)                     ; 0                 ; 1          ; 0    ; 0            ; |matmul_4x4_systolic|systolic_pe_matrix:u_systolic_pe_matrix|processing_element:pe10|MAC_E3M4:mac_unit|FPMult8_E3M4:mult_i ; FPMult8_E3M4        ; work         ;
;       |processing_element:pe11|                ; 106 (0)             ; 32 (0)                    ; 0                 ; 1          ; 0    ; 0            ; |matmul_4x4_systolic|systolic_pe_matrix:u_systolic_pe_matrix|processing_element:pe11                                       ; processing_element  ; work         ;
;          |MAC_E3M4:mac_unit|                   ; 106 (33)            ; 32 (32)                   ; 0                 ; 1          ; 0    ; 0            ; |matmul_4x4_systolic|systolic_pe_matrix:u_systolic_pe_matrix|processing_element:pe11|MAC_E3M4:mac_unit                     ; MAC_E3M4            ; work         ;
;             |FPAddSub_E3M4:add_i|              ; 51 (51)             ; 0 (0)                     ; 0                 ; 0          ; 0    ; 0            ; |matmul_4x4_systolic|systolic_pe_matrix:u_systolic_pe_matrix|processing_element:pe11|MAC_E3M4:mac_unit|FPAddSub_E3M4:add_i ; FPAddSub_E3M4       ; work         ;
;             |FPMult8_E3M4:mult_i|              ; 22 (22)             ; 0 (0)                     ; 0                 ; 1          ; 0    ; 0            ; |matmul_4x4_systolic|systolic_pe_matrix:u_systolic_pe_matrix|processing_element:pe11|MAC_E3M4:mac_unit|FPMult8_E3M4:mult_i ; FPMult8_E3M4        ; work         ;
;       |processing_element:pe12|                ; 106 (0)             ; 32 (0)                    ; 0                 ; 1          ; 0    ; 0            ; |matmul_4x4_systolic|systolic_pe_matrix:u_systolic_pe_matrix|processing_element:pe12                                       ; processing_element  ; work         ;
;          |MAC_E3M4:mac_unit|                   ; 106 (33)            ; 32 (32)                   ; 0                 ; 1          ; 0    ; 0            ; |matmul_4x4_systolic|systolic_pe_matrix:u_systolic_pe_matrix|processing_element:pe12|MAC_E3M4:mac_unit                     ; MAC_E3M4            ; work         ;
;             |FPAddSub_E3M4:add_i|              ; 51 (51)             ; 0 (0)                     ; 0                 ; 0          ; 0    ; 0            ; |matmul_4x4_systolic|systolic_pe_matrix:u_systolic_pe_matrix|processing_element:pe12|MAC_E3M4:mac_unit|FPAddSub_E3M4:add_i ; FPAddSub_E3M4       ; work         ;
;             |FPMult8_E3M4:mult_i|              ; 22 (22)             ; 0 (0)                     ; 0                 ; 1          ; 0    ; 0            ; |matmul_4x4_systolic|systolic_pe_matrix:u_systolic_pe_matrix|processing_element:pe12|MAC_E3M4:mac_unit|FPMult8_E3M4:mult_i ; FPMult8_E3M4        ; work         ;
;       |processing_element:pe13|                ; 106 (0)             ; 40 (8)                    ; 0                 ; 1          ; 0    ; 0            ; |matmul_4x4_systolic|systolic_pe_matrix:u_systolic_pe_matrix|processing_element:pe13                                       ; processing_element  ; work         ;
;          |MAC_E3M4:mac_unit|                   ; 106 (33)            ; 32 (32)                   ; 0                 ; 1          ; 0    ; 0            ; |matmul_4x4_systolic|systolic_pe_matrix:u_systolic_pe_matrix|processing_element:pe13|MAC_E3M4:mac_unit                     ; MAC_E3M4            ; work         ;
;             |FPAddSub_E3M4:add_i|              ; 51 (51)             ; 0 (0)                     ; 0                 ; 0          ; 0    ; 0            ; |matmul_4x4_systolic|systolic_pe_matrix:u_systolic_pe_matrix|processing_element:pe13|MAC_E3M4:mac_unit|FPAddSub_E3M4:add_i ; FPAddSub_E3M4       ; work         ;
;             |FPMult8_E3M4:mult_i|              ; 22 (22)             ; 0 (0)                     ; 0                 ; 1          ; 0    ; 0            ; |matmul_4x4_systolic|systolic_pe_matrix:u_systolic_pe_matrix|processing_element:pe13|MAC_E3M4:mac_unit|FPMult8_E3M4:mult_i ; FPMult8_E3M4        ; work         ;
;       |processing_element:pe20|                ; 106 (0)             ; 32 (0)                    ; 0                 ; 1          ; 0    ; 0            ; |matmul_4x4_systolic|systolic_pe_matrix:u_systolic_pe_matrix|processing_element:pe20                                       ; processing_element  ; work         ;
;          |MAC_E3M4:mac_unit|                   ; 106 (33)            ; 32 (32)                   ; 0                 ; 1          ; 0    ; 0            ; |matmul_4x4_systolic|systolic_pe_matrix:u_systolic_pe_matrix|processing_element:pe20|MAC_E3M4:mac_unit                     ; MAC_E3M4            ; work         ;
;             |FPAddSub_E3M4:add_i|              ; 51 (51)             ; 0 (0)                     ; 0                 ; 0          ; 0    ; 0            ; |matmul_4x4_systolic|systolic_pe_matrix:u_systolic_pe_matrix|processing_element:pe20|MAC_E3M4:mac_unit|FPAddSub_E3M4:add_i ; FPAddSub_E3M4       ; work         ;
;             |FPMult8_E3M4:mult_i|              ; 22 (22)             ; 0 (0)                     ; 0                 ; 1          ; 0    ; 0            ; |matmul_4x4_systolic|systolic_pe_matrix:u_systolic_pe_matrix|processing_element:pe20|MAC_E3M4:mac_unit|FPMult8_E3M4:mult_i ; FPMult8_E3M4        ; work         ;
;       |processing_element:pe21|                ; 106 (0)             ; 32 (0)                    ; 0                 ; 1          ; 0    ; 0            ; |matmul_4x4_systolic|systolic_pe_matrix:u_systolic_pe_matrix|processing_element:pe21                                       ; processing_element  ; work         ;
;          |MAC_E3M4:mac_unit|                   ; 106 (33)            ; 32 (32)                   ; 0                 ; 1          ; 0    ; 0            ; |matmul_4x4_systolic|systolic_pe_matrix:u_systolic_pe_matrix|processing_element:pe21|MAC_E3M4:mac_unit                     ; MAC_E3M4            ; work         ;
;             |FPAddSub_E3M4:add_i|              ; 51 (51)             ; 0 (0)                     ; 0                 ; 0          ; 0    ; 0            ; |matmul_4x4_systolic|systolic_pe_matrix:u_systolic_pe_matrix|processing_element:pe21|MAC_E3M4:mac_unit|FPAddSub_E3M4:add_i ; FPAddSub_E3M4       ; work         ;
;             |FPMult8_E3M4:mult_i|              ; 22 (22)             ; 0 (0)                     ; 0                 ; 1          ; 0    ; 0            ; |matmul_4x4_systolic|systolic_pe_matrix:u_systolic_pe_matrix|processing_element:pe21|MAC_E3M4:mac_unit|FPMult8_E3M4:mult_i ; FPMult8_E3M4        ; work         ;
;       |processing_element:pe22|                ; 106 (0)             ; 32 (0)                    ; 0                 ; 1          ; 0    ; 0            ; |matmul_4x4_systolic|systolic_pe_matrix:u_systolic_pe_matrix|processing_element:pe22                                       ; processing_element  ; work         ;
;          |MAC_E3M4:mac_unit|                   ; 106 (33)            ; 32 (32)                   ; 0                 ; 1          ; 0    ; 0            ; |matmul_4x4_systolic|systolic_pe_matrix:u_systolic_pe_matrix|processing_element:pe22|MAC_E3M4:mac_unit                     ; MAC_E3M4            ; work         ;
;             |FPAddSub_E3M4:add_i|              ; 51 (51)             ; 0 (0)                     ; 0                 ; 0          ; 0    ; 0            ; |matmul_4x4_systolic|systolic_pe_matrix:u_systolic_pe_matrix|processing_element:pe22|MAC_E3M4:mac_unit|FPAddSub_E3M4:add_i ; FPAddSub_E3M4       ; work         ;
;             |FPMult8_E3M4:mult_i|              ; 22 (22)             ; 0 (0)                     ; 0                 ; 1          ; 0    ; 0            ; |matmul_4x4_systolic|systolic_pe_matrix:u_systolic_pe_matrix|processing_element:pe22|MAC_E3M4:mac_unit|FPMult8_E3M4:mult_i ; FPMult8_E3M4        ; work         ;
;       |processing_element:pe23|                ; 106 (0)             ; 40 (8)                    ; 0                 ; 1          ; 0    ; 0            ; |matmul_4x4_systolic|systolic_pe_matrix:u_systolic_pe_matrix|processing_element:pe23                                       ; processing_element  ; work         ;
;          |MAC_E3M4:mac_unit|                   ; 106 (33)            ; 32 (32)                   ; 0                 ; 1          ; 0    ; 0            ; |matmul_4x4_systolic|systolic_pe_matrix:u_systolic_pe_matrix|processing_element:pe23|MAC_E3M4:mac_unit                     ; MAC_E3M4            ; work         ;
;             |FPAddSub_E3M4:add_i|              ; 51 (51)             ; 0 (0)                     ; 0                 ; 0          ; 0    ; 0            ; |matmul_4x4_systolic|systolic_pe_matrix:u_systolic_pe_matrix|processing_element:pe23|MAC_E3M4:mac_unit|FPAddSub_E3M4:add_i ; FPAddSub_E3M4       ; work         ;
;             |FPMult8_E3M4:mult_i|              ; 22 (22)             ; 0 (0)                     ; 0                 ; 1          ; 0    ; 0            ; |matmul_4x4_systolic|systolic_pe_matrix:u_systolic_pe_matrix|processing_element:pe23|MAC_E3M4:mac_unit|FPMult8_E3M4:mult_i ; FPMult8_E3M4        ; work         ;
;       |processing_element:pe30|                ; 106 (0)             ; 40 (8)                    ; 0                 ; 1          ; 0    ; 0            ; |matmul_4x4_systolic|systolic_pe_matrix:u_systolic_pe_matrix|processing_element:pe30                                       ; processing_element  ; work         ;
;          |MAC_E3M4:mac_unit|                   ; 106 (33)            ; 32 (32)                   ; 0                 ; 1          ; 0    ; 0            ; |matmul_4x4_systolic|systolic_pe_matrix:u_systolic_pe_matrix|processing_element:pe30|MAC_E3M4:mac_unit                     ; MAC_E3M4            ; work         ;
;             |FPAddSub_E3M4:add_i|              ; 51 (51)             ; 0 (0)                     ; 0                 ; 0          ; 0    ; 0            ; |matmul_4x4_systolic|systolic_pe_matrix:u_systolic_pe_matrix|processing_element:pe30|MAC_E3M4:mac_unit|FPAddSub_E3M4:add_i ; FPAddSub_E3M4       ; work         ;
;             |FPMult8_E3M4:mult_i|              ; 22 (22)             ; 0 (0)                     ; 0                 ; 1          ; 0    ; 0            ; |matmul_4x4_systolic|systolic_pe_matrix:u_systolic_pe_matrix|processing_element:pe30|MAC_E3M4:mac_unit|FPMult8_E3M4:mult_i ; FPMult8_E3M4        ; work         ;
;       |processing_element:pe31|                ; 106 (0)             ; 40 (8)                    ; 0                 ; 1          ; 0    ; 0            ; |matmul_4x4_systolic|systolic_pe_matrix:u_systolic_pe_matrix|processing_element:pe31                                       ; processing_element  ; work         ;
;          |MAC_E3M4:mac_unit|                   ; 106 (33)            ; 32 (32)                   ; 0                 ; 1          ; 0    ; 0            ; |matmul_4x4_systolic|systolic_pe_matrix:u_systolic_pe_matrix|processing_element:pe31|MAC_E3M4:mac_unit                     ; MAC_E3M4            ; work         ;
;             |FPAddSub_E3M4:add_i|              ; 51 (51)             ; 0 (0)                     ; 0                 ; 0          ; 0    ; 0            ; |matmul_4x4_systolic|systolic_pe_matrix:u_systolic_pe_matrix|processing_element:pe31|MAC_E3M4:mac_unit|FPAddSub_E3M4:add_i ; FPAddSub_E3M4       ; work         ;
;             |FPMult8_E3M4:mult_i|              ; 22 (22)             ; 0 (0)                     ; 0                 ; 1          ; 0    ; 0            ; |matmul_4x4_systolic|systolic_pe_matrix:u_systolic_pe_matrix|processing_element:pe31|MAC_E3M4:mac_unit|FPMult8_E3M4:mult_i ; FPMult8_E3M4        ; work         ;
;       |processing_element:pe32|                ; 106 (0)             ; 40 (8)                    ; 0                 ; 1          ; 0    ; 0            ; |matmul_4x4_systolic|systolic_pe_matrix:u_systolic_pe_matrix|processing_element:pe32                                       ; processing_element  ; work         ;
;          |MAC_E3M4:mac_unit|                   ; 106 (33)            ; 32 (32)                   ; 0                 ; 1          ; 0    ; 0            ; |matmul_4x4_systolic|systolic_pe_matrix:u_systolic_pe_matrix|processing_element:pe32|MAC_E3M4:mac_unit                     ; MAC_E3M4            ; work         ;
;             |FPAddSub_E3M4:add_i|              ; 51 (51)             ; 0 (0)                     ; 0                 ; 0          ; 0    ; 0            ; |matmul_4x4_systolic|systolic_pe_matrix:u_systolic_pe_matrix|processing_element:pe32|MAC_E3M4:mac_unit|FPAddSub_E3M4:add_i ; FPAddSub_E3M4       ; work         ;
;             |FPMult8_E3M4:mult_i|              ; 22 (22)             ; 0 (0)                     ; 0                 ; 1          ; 0    ; 0            ; |matmul_4x4_systolic|systolic_pe_matrix:u_systolic_pe_matrix|processing_element:pe32|MAC_E3M4:mac_unit|FPMult8_E3M4:mult_i ; FPMult8_E3M4        ; work         ;
;       |processing_element:pe33|                ; 106 (0)             ; 48 (16)                   ; 0                 ; 1          ; 0    ; 0            ; |matmul_4x4_systolic|systolic_pe_matrix:u_systolic_pe_matrix|processing_element:pe33                                       ; processing_element  ; work         ;
;          |MAC_E3M4:mac_unit|                   ; 106 (33)            ; 32 (32)                   ; 0                 ; 1          ; 0    ; 0            ; |matmul_4x4_systolic|systolic_pe_matrix:u_systolic_pe_matrix|processing_element:pe33|MAC_E3M4:mac_unit                     ; MAC_E3M4            ; work         ;
;             |FPAddSub_E3M4:add_i|              ; 51 (51)             ; 0 (0)                     ; 0                 ; 0          ; 0    ; 0            ; |matmul_4x4_systolic|systolic_pe_matrix:u_systolic_pe_matrix|processing_element:pe33|MAC_E3M4:mac_unit|FPAddSub_E3M4:add_i ; FPAddSub_E3M4       ; work         ;
;             |FPMult8_E3M4:mult_i|              ; 22 (22)             ; 0 (0)                     ; 0                 ; 1          ; 0    ; 0            ; |matmul_4x4_systolic|systolic_pe_matrix:u_systolic_pe_matrix|processing_element:pe33|MAC_E3M4:mac_unit|FPMult8_E3M4:mult_i ; FPMult8_E3M4        ; work         ;
+------------------------------------------------+---------------------+---------------------------+-------------------+------------+------+--------------+----------------------------------------------------------------------------------------------------------------------------+---------------------+--------------+
Note: For table entries with two numbers listed, the numbers in parentheses indicate the number of resources of the given type used by the specific entity alone. The numbers listed outside of parentheses indicate the total resources of the given type used by the specific entity and all of its sub-entities in the hierarchy.


+-----------------------------------------------+
; Analysis & Synthesis DSP Block Usage Summary  ;
+---------------------------------+-------------+
; Statistic                       ; Number Used ;
+---------------------------------+-------------+
; Independent 9x9                 ; 16          ;
; Total number of DSP blocks      ; 16          ;
;                                 ;             ;
; Fixed Point Unsigned Multiplier ; 16          ;
+---------------------------------+-------------+


+------------------------------------------------------------------------------------------------------------------------------------------------------------------------------------+
; Registers Removed During Synthesis                                                                                                                                                 ;
+--------------------------------------------------------------------------+---------------------------------------------------------------------------------------------------------+
; Register name                                                            ; Reason for Removal                                                                                      ;
+--------------------------------------------------------------------------+---------------------------------------------------------------------------------------------------------+
; systolic_pe_matrix:u_systolic_pe_matrix|processing_element:pe02|out_a[0] ; Merged with systolic_pe_matrix:u_systolic_pe_matrix|processing_element:pe02|MAC_E3M4:mac_unit|a_flop[0] ;
; systolic_pe_matrix:u_systolic_pe_matrix|processing_element:pe02|out_a[1] ; Merged with systolic_pe_matrix:u_systolic_pe_matrix|processing_element:pe02|MAC_E3M4:mac_unit|a_flop[1] ;
; systolic_pe_matrix:u_systolic_pe_matrix|processing_element:pe02|out_a[2] ; Merged with systolic_pe_matrix:u_systolic_pe_matrix|processing_element:pe02|MAC_E3M4:mac_unit|a_flop[2] ;
; systolic_pe_matrix:u_systolic_pe_matrix|processing_element:pe02|out_a[3] ; Merged with systolic_pe_matrix:u_systolic_pe_matrix|processing_element:pe02|MAC_E3M4:mac_unit|a_flop[3] ;
; systolic_pe_matrix:u_systolic_pe_matrix|processing_element:pe02|out_a[4] ; Merged with systolic_pe_matrix:u_systolic_pe_matrix|processing_element:pe02|MAC_E3M4:mac_unit|a_flop[4] ;
; systolic_pe_matrix:u_systolic_pe_matrix|processing_element:pe02|out_a[5] ; Merged with systolic_pe_matrix:u_systolic_pe_matrix|processing_element:pe02|MAC_E3M4:mac_unit|a_flop[5] ;
; systolic_pe_matrix:u_systolic_pe_matrix|processing_element:pe02|out_a[6] ; Merged with systolic_pe_matrix:u_systolic_pe_matrix|processing_element:pe02|MAC_E3M4:mac_unit|a_flop[6] ;
; systolic_pe_matrix:u_systolic_pe_matrix|processing_element:pe02|out_a[7] ; Merged with systolic_pe_matrix:u_systolic_pe_matrix|processing_element:pe02|MAC_E3M4:mac_unit|a_flop[7] ;
; systolic_pe_matrix:u_systolic_pe_matrix|processing_element:pe12|out_a[0] ; Merged with systolic_pe_matrix:u_systolic_pe_matrix|processing_element:pe12|MAC_E3M4:mac_unit|a_flop[0] ;
; systolic_pe_matrix:u_systolic_pe_matrix|processing_element:pe12|out_a[1] ; Merged with systolic_pe_matrix:u_systolic_pe_matrix|processing_element:pe12|MAC_E3M4:mac_unit|a_flop[1] ;
; systolic_pe_matrix:u_systolic_pe_matrix|processing_element:pe12|out_a[2] ; Merged with systolic_pe_matrix:u_systolic_pe_matrix|processing_element:pe12|MAC_E3M4:mac_unit|a_flop[2] ;
; systolic_pe_matrix:u_systolic_pe_matrix|processing_element:pe12|out_a[3] ; Merged with systolic_pe_matrix:u_systolic_pe_matrix|processing_element:pe12|MAC_E3M4:mac_unit|a_flop[3] ;
; systolic_pe_matrix:u_systolic_pe_matrix|processing_element:pe12|out_a[4] ; Merged with systolic_pe_matrix:u_systolic_pe_matrix|processing_element:pe12|MAC_E3M4:mac_unit|a_flop[4] ;
; systolic_pe_matrix:u_systolic_pe_matrix|processing_element:pe12|out_a[5] ; Merged with systolic_pe_matrix:u_systolic_pe_matrix|processing_element:pe12|MAC_E3M4:mac_unit|a_flop[5] ;
; systolic_pe_matrix:u_systolic_pe_matrix|processing_element:pe12|out_a[6] ; Merged with systolic_pe_matrix:u_systolic_pe_matrix|processing_element:pe12|MAC_E3M4:mac_unit|a_flop[6] ;
; systolic_pe_matrix:u_systolic_pe_matrix|processing_element:pe12|out_a[7] ; Merged with systolic_pe_matrix:u_systolic_pe_matrix|processing_element:pe12|MAC_E3M4:mac_unit|a_flop[7] ;
; systolic_pe_matrix:u_systolic_pe_matrix|processing_element:pe22|out_a[0] ; Merged with systolic_pe_matrix:u_systolic_pe_matrix|processing_element:pe22|MAC_E3M4:mac_unit|a_flop[0] ;
; systolic_pe_matrix:u_systolic_pe_matrix|processing_element:pe22|out_a[1] ; Merged with systolic_pe_matrix:u_systolic_pe_matrix|processing_element:pe22|MAC_E3M4:mac_unit|a_flop[1] ;
; systolic_pe_matrix:u_systolic_pe_matrix|processing_element:pe22|out_a[2] ; Merged with systolic_pe_matrix:u_systolic_pe_matrix|processing_element:pe22|MAC_E3M4:mac_unit|a_flop[2] ;
; systolic_pe_matrix:u_systolic_pe_matrix|processing_element:pe22|out_a[3] ; Merged with systolic_pe_matrix:u_systolic_pe_matrix|processing_element:pe22|MAC_E3M4:mac_unit|a_flop[3] ;
; systolic_pe_matrix:u_systolic_pe_matrix|processing_element:pe22|out_a[4] ; Merged with systolic_pe_matrix:u_systolic_pe_matrix|processing_element:pe22|MAC_E3M4:mac_unit|a_flop[4] ;
; systolic_pe_matrix:u_systolic_pe_matrix|processing_element:pe22|out_a[5] ; Merged with systolic_pe_matrix:u_systolic_pe_matrix|processing_element:pe22|MAC_E3M4:mac_unit|a_flop[5] ;
; systolic_pe_matrix:u_systolic_pe_matrix|processing_element:pe22|out_a[6] ; Merged with systolic_pe_matrix:u_systolic_pe_matrix|processing_element:pe22|MAC_E3M4:mac_unit|a_flop[6] ;
; systolic_pe_matrix:u_systolic_pe_matrix|processing_element:pe22|out_a[7] ; Merged with systolic_pe_matrix:u_systolic_pe_matrix|processing_element:pe22|MAC_E3M4:mac_unit|a_flop[7] ;
; systolic_pe_matrix:u_systolic_pe_matrix|processing_element:pe32|out_a[0] ; Merged with systolic_pe_matrix:u_systolic_pe_matrix|processing_element:pe32|MAC_E3M4:mac_unit|a_flop[0] ;
; systolic_pe_matrix:u_systolic_pe_matrix|processing_element:pe32|out_a[1] ; Merged with systolic_pe_matrix:u_systolic_pe_matrix|processing_element:pe32|MAC_E3M4:mac_unit|a_flop[1] ;
; systolic_pe_matrix:u_systolic_pe_matrix|processing_element:pe32|out_a[2] ; Merged with systolic_pe_matrix:u_systolic_pe_matrix|processing_element:pe32|MAC_E3M4:mac_unit|a_flop[2] ;
; systolic_pe_matrix:u_systolic_pe_matrix|processing_element:pe32|out_a[3] ; Merged with systolic_pe_matrix:u_systolic_pe_matrix|processing_element:pe32|MAC_E3M4:mac_unit|a_flop[3] ;
; systolic_pe_matrix:u_systolic_pe_matrix|processing_element:pe32|out_a[4] ; Merged with systolic_pe_matrix:u_systolic_pe_matrix|processing_element:pe32|MAC_E3M4:mac_unit|a_flop[4] ;
; systolic_pe_matrix:u_systolic_pe_matrix|processing_element:pe32|out_a[5] ; Merged with systolic_pe_matrix:u_systolic_pe_matrix|processing_element:pe32|MAC_E3M4:mac_unit|a_flop[5] ;
; systolic_pe_matrix:u_systolic_pe_matrix|processing_element:pe32|out_a[6] ; Merged with systolic_pe_matrix:u_systolic_pe_matrix|processing_element:pe32|MAC_E3M4:mac_unit|a_flop[6] ;
; systolic_pe_matrix:u_systolic_pe_matrix|processing_element:pe32|out_a[7] ; Merged with systolic_pe_matrix:u_systolic_pe_matrix|processing_element:pe32|MAC_E3M4:mac_unit|a_flop[7] ;
; systolic_pe_matrix:u_systolic_pe_matrix|processing_element:pe20|out_b[0] ; Merged with systolic_pe_matrix:u_systolic_pe_matrix|processing_element:pe20|MAC_E3M4:mac_unit|b_flop[0] ;
; systolic_pe_matrix:u_systolic_pe_matrix|processing_element:pe20|out_b[1] ; Merged with systolic_pe_matrix:u_systolic_pe_matrix|processing_element:pe20|MAC_E3M4:mac_unit|b_flop[1] ;
; systolic_pe_matrix:u_systolic_pe_matrix|processing_element:pe20|out_b[2] ; Merged with systolic_pe_matrix:u_systolic_pe_matrix|processing_element:pe20|MAC_E3M4:mac_unit|b_flop[2] ;
; systolic_pe_matrix:u_systolic_pe_matrix|processing_element:pe20|out_b[3] ; Merged with systolic_pe_matrix:u_systolic_pe_matrix|processing_element:pe20|MAC_E3M4:mac_unit|b_flop[3] ;
; systolic_pe_matrix:u_systolic_pe_matrix|processing_element:pe20|out_b[4] ; Merged with systolic_pe_matrix:u_systolic_pe_matrix|processing_element:pe20|MAC_E3M4:mac_unit|b_flop[4] ;
; systolic_pe_matrix:u_systolic_pe_matrix|processing_element:pe20|out_b[5] ; Merged with systolic_pe_matrix:u_systolic_pe_matrix|processing_element:pe20|MAC_E3M4:mac_unit|b_flop[5] ;
; systolic_pe_matrix:u_systolic_pe_matrix|processing_element:pe20|out_b[6] ; Merged with systolic_pe_matrix:u_systolic_pe_matrix|processing_element:pe20|MAC_E3M4:mac_unit|b_flop[6] ;
; systolic_pe_matrix:u_systolic_pe_matrix|processing_element:pe20|out_b[7] ; Merged with systolic_pe_matrix:u_systolic_pe_matrix|processing_element:pe20|MAC_E3M4:mac_unit|b_flop[7] ;
; systolic_pe_matrix:u_systolic_pe_matrix|processing_element:pe21|out_b[0] ; Merged with systolic_pe_matrix:u_systolic_pe_matrix|processing_element:pe21|MAC_E3M4:mac_unit|b_flop[0] ;
; systolic_pe_matrix:u_systolic_pe_matrix|processing_element:pe21|out_b[1] ; Merged with systolic_pe_matrix:u_systolic_pe_matrix|processing_element:pe21|MAC_E3M4:mac_unit|b_flop[1] ;
; systolic_pe_matrix:u_systolic_pe_matrix|processing_element:pe21|out_b[2] ; Merged with systolic_pe_matrix:u_systolic_pe_matrix|processing_element:pe21|MAC_E3M4:mac_unit|b_flop[2] ;
; systolic_pe_matrix:u_systolic_pe_matrix|processing_element:pe21|out_b[3] ; Merged with systolic_pe_matrix:u_systolic_pe_matrix|processing_element:pe21|MAC_E3M4:mac_unit|b_flop[3] ;
; systolic_pe_matrix:u_systolic_pe_matrix|processing_element:pe21|out_b[4] ; Merged with systolic_pe_matrix:u_systolic_pe_matrix|processing_element:pe21|MAC_E3M4:mac_unit|b_flop[4] ;
; systolic_pe_matrix:u_systolic_pe_matrix|processing_element:pe21|out_b[5] ; Merged with systolic_pe_matrix:u_systolic_pe_matrix|processing_element:pe21|MAC_E3M4:mac_unit|b_flop[5] ;
; systolic_pe_matrix:u_systolic_pe_matrix|processing_element:pe21|out_b[6] ; Merged with systolic_pe_matrix:u_systolic_pe_matrix|processing_element:pe21|MAC_E3M4:mac_unit|b_flop[6] ;
; systolic_pe_matrix:u_systolic_pe_matrix|processing_element:pe21|out_b[7] ; Merged with systolic_pe_matrix:u_systolic_pe_matrix|processing_element:pe21|MAC_E3M4:mac_unit|b_flop[7] ;
; systolic_pe_matrix:u_systolic_pe_matrix|processing_element:pe22|out_b[0] ; Merged with systolic_pe_matrix:u_systolic_pe_matrix|processing_element:pe22|MAC_E3M4:mac_unit|b_flop[0] ;
; systolic_pe_matrix:u_systolic_pe_matrix|processing_element:pe22|out_b[1] ; Merged with systolic_pe_matrix:u_systolic_pe_matrix|processing_element:pe22|MAC_E3M4:mac_unit|b_flop[1] ;
; systolic_pe_matrix:u_systolic_pe_matrix|processing_element:pe22|out_b[2] ; Merged with systolic_pe_matrix:u_systolic_pe_matrix|processing_element:pe22|MAC_E3M4:mac_unit|b_flop[2] ;
; systolic_pe_matrix:u_systolic_pe_matrix|processing_element:pe22|out_b[3] ; Merged with systolic_pe_matrix:u_systolic_pe_matrix|processing_element:pe22|MAC_E3M4:mac_unit|b_flop[3] ;
; systolic_pe_matrix:u_systolic_pe_matrix|processing_element:pe22|out_b[4] ; Merged with systolic_pe_matrix:u_systolic_pe_matrix|processing_element:pe22|MAC_E3M4:mac_unit|b_flop[4] ;
; systolic_pe_matrix:u_systolic_pe_matrix|processing_element:pe22|out_b[5] ; Merged with systolic_pe_matrix:u_systolic_pe_matrix|processing_element:pe22|MAC_E3M4:mac_unit|b_flop[5] ;
; systolic_pe_matrix:u_systolic_pe_matrix|processing_element:pe22|out_b[6] ; Merged with systolic_pe_matrix:u_systolic_pe_matrix|processing_element:pe22|MAC_E3M4:mac_unit|b_flop[6] ;
; systolic_pe_matrix:u_systolic_pe_matrix|processing_element:pe22|out_b[7] ; Merged with systolic_pe_matrix:u_systolic_pe_matrix|processing_element:pe22|MAC_E3M4:mac_unit|b_flop[7] ;
; systolic_pe_matrix:u_systolic_pe_matrix|processing_element:pe23|out_b[0] ; Merged with systolic_pe_matrix:u_systolic_pe_matrix|processing_element:pe23|MAC_E3M4:mac_unit|b_flop[0] ;
; systolic_pe_matrix:u_systolic_pe_matrix|processing_element:pe23|out_b[1] ; Merged with systolic_pe_matrix:u_systolic_pe_matrix|processing_element:pe23|MAC_E3M4:mac_unit|b_flop[1] ;
; systolic_pe_matrix:u_systolic_pe_matrix|processing_element:pe23|out_b[2] ; Merged with systolic_pe_matrix:u_systolic_pe_matrix|processing_element:pe23|MAC_E3M4:mac_unit|b_flop[2] ;
; systolic_pe_matrix:u_systolic_pe_matrix|processing_element:pe23|out_b[3] ; Merged with systolic_pe_matrix:u_systolic_pe_matrix|processing_element:pe23|MAC_E3M4:mac_unit|b_flop[3] ;
; systolic_pe_matrix:u_systolic_pe_matrix|processing_element:pe23|out_b[4] ; Merged with systolic_pe_matrix:u_systolic_pe_matrix|processing_element:pe23|MAC_E3M4:mac_unit|b_flop[4] ;
; systolic_pe_matrix:u_systolic_pe_matrix|processing_element:pe23|out_b[5] ; Merged with systolic_pe_matrix:u_systolic_pe_matrix|processing_element:pe23|MAC_E3M4:mac_unit|b_flop[5] ;
; systolic_pe_matrix:u_systolic_pe_matrix|processing_element:pe23|out_b[6] ; Merged with systolic_pe_matrix:u_systolic_pe_matrix|processing_element:pe23|MAC_E3M4:mac_unit|b_flop[6] ;
; systolic_pe_matrix:u_systolic_pe_matrix|processing_element:pe23|out_b[7] ; Merged with systolic_pe_matrix:u_systolic_pe_matrix|processing_element:pe23|MAC_E3M4:mac_unit|b_flop[7] ;
; systolic_pe_matrix:u_systolic_pe_matrix|processing_element:pe01|out_a[0] ; Merged with systolic_pe_matrix:u_systolic_pe_matrix|processing_element:pe01|MAC_E3M4:mac_unit|a_flop[0] ;
; systolic_pe_matrix:u_systolic_pe_matrix|processing_element:pe01|out_a[1] ; Merged with systolic_pe_matrix:u_systolic_pe_matrix|processing_element:pe01|MAC_E3M4:mac_unit|a_flop[1] ;
; systolic_pe_matrix:u_systolic_pe_matrix|processing_element:pe01|out_a[2] ; Merged with systolic_pe_matrix:u_systolic_pe_matrix|processing_element:pe01|MAC_E3M4:mac_unit|a_flop[2] ;
; systolic_pe_matrix:u_systolic_pe_matrix|processing_element:pe01|out_a[3] ; Merged with systolic_pe_matrix:u_systolic_pe_matrix|processing_element:pe01|MAC_E3M4:mac_unit|a_flop[3] ;
; systolic_pe_matrix:u_systolic_pe_matrix|processing_element:pe01|out_a[4] ; Merged with systolic_pe_matrix:u_systolic_pe_matrix|processing_element:pe01|MAC_E3M4:mac_unit|a_flop[4] ;
; systolic_pe_matrix:u_systolic_pe_matrix|processing_element:pe01|out_a[5] ; Merged with systolic_pe_matrix:u_systolic_pe_matrix|processing_element:pe01|MAC_E3M4:mac_unit|a_flop[5] ;
; systolic_pe_matrix:u_systolic_pe_matrix|processing_element:pe01|out_a[6] ; Merged with systolic_pe_matrix:u_systolic_pe_matrix|processing_element:pe01|MAC_E3M4:mac_unit|a_flop[6] ;
; systolic_pe_matrix:u_systolic_pe_matrix|processing_element:pe01|out_a[7] ; Merged with systolic_pe_matrix:u_systolic_pe_matrix|processing_element:pe01|MAC_E3M4:mac_unit|a_flop[7] ;
; systolic_pe_matrix:u_systolic_pe_matrix|processing_element:pe11|out_a[0] ; Merged with systolic_pe_matrix:u_systolic_pe_matrix|processing_element:pe11|MAC_E3M4:mac_unit|a_flop[0] ;
; systolic_pe_matrix:u_systolic_pe_matrix|processing_element:pe11|out_a[1] ; Merged with systolic_pe_matrix:u_systolic_pe_matrix|processing_element:pe11|MAC_E3M4:mac_unit|a_flop[1] ;
; systolic_pe_matrix:u_systolic_pe_matrix|processing_element:pe11|out_a[2] ; Merged with systolic_pe_matrix:u_systolic_pe_matrix|processing_element:pe11|MAC_E3M4:mac_unit|a_flop[2] ;
; systolic_pe_matrix:u_systolic_pe_matrix|processing_element:pe11|out_a[3] ; Merged with systolic_pe_matrix:u_systolic_pe_matrix|processing_element:pe11|MAC_E3M4:mac_unit|a_flop[3] ;
; systolic_pe_matrix:u_systolic_pe_matrix|processing_element:pe11|out_a[4] ; Merged with systolic_pe_matrix:u_systolic_pe_matrix|processing_element:pe11|MAC_E3M4:mac_unit|a_flop[4] ;
; systolic_pe_matrix:u_systolic_pe_matrix|processing_element:pe11|out_a[5] ; Merged with systolic_pe_matrix:u_systolic_pe_matrix|processing_element:pe11|MAC_E3M4:mac_unit|a_flop[5] ;
; systolic_pe_matrix:u_systolic_pe_matrix|processing_element:pe11|out_a[6] ; Merged with systolic_pe_matrix:u_systolic_pe_matrix|processing_element:pe11|MAC_E3M4:mac_unit|a_flop[6] ;
; systolic_pe_matrix:u_systolic_pe_matrix|processing_element:pe11|out_a[7] ; Merged with systolic_pe_matrix:u_systolic_pe_matrix|processing_element:pe11|MAC_E3M4:mac_unit|a_flop[7] ;
; systolic_pe_matrix:u_systolic_pe_matrix|processing_element:pe21|out_a[0] ; Merged with systolic_pe_matrix:u_systolic_pe_matrix|processing_element:pe21|MAC_E3M4:mac_unit|a_flop[0] ;
; systolic_pe_matrix:u_systolic_pe_matrix|processing_element:pe21|out_a[1] ; Merged with systolic_pe_matrix:u_systolic_pe_matrix|processing_element:pe21|MAC_E3M4:mac_unit|a_flop[1] ;
; systolic_pe_matrix:u_systolic_pe_matrix|processing_element:pe21|out_a[2] ; Merged with systolic_pe_matrix:u_systolic_pe_matrix|processing_element:pe21|MAC_E3M4:mac_unit|a_flop[2] ;
; systolic_pe_matrix:u_systolic_pe_matrix|processing_element:pe21|out_a[3] ; Merged with systolic_pe_matrix:u_systolic_pe_matrix|processing_element:pe21|MAC_E3M4:mac_unit|a_flop[3] ;
; systolic_pe_matrix:u_systolic_pe_matrix|processing_element:pe21|out_a[4] ; Merged with systolic_pe_matrix:u_systolic_pe_matrix|processing_element:pe21|MAC_E3M4:mac_unit|a_flop[4] ;
; systolic_pe_matrix:u_systolic_pe_matrix|processing_element:pe21|out_a[5] ; Merged with systolic_pe_matrix:u_systolic_pe_matrix|processing_element:pe21|MAC_E3M4:mac_unit|a_flop[5] ;
; systolic_pe_matrix:u_systolic_pe_matrix|processing_element:pe21|out_a[6] ; Merged with systolic_pe_matrix:u_systolic_pe_matrix|processing_element:pe21|MAC_E3M4:mac_unit|a_flop[6] ;
; systolic_pe_matrix:u_systolic_pe_matrix|processing_element:pe21|out_a[7] ; Merged with systolic_pe_matrix:u_systolic_pe_matrix|processing_element:pe21|MAC_E3M4:mac_unit|a_flop[7] ;
; systolic_pe_matrix:u_systolic_pe_matrix|processing_element:pe31|out_a[0] ; Merged with systolic_pe_matrix:u_systolic_pe_matrix|processing_element:pe31|MAC_E3M4:mac_unit|a_flop[0] ;
; systolic_pe_matrix:u_systolic_pe_matrix|processing_element:pe31|out_a[1] ; Merged with systolic_pe_matrix:u_systolic_pe_matrix|processing_element:pe31|MAC_E3M4:mac_unit|a_flop[1] ;
; systolic_pe_matrix:u_systolic_pe_matrix|processing_element:pe31|out_a[2] ; Merged with systolic_pe_matrix:u_systolic_pe_matrix|processing_element:pe31|MAC_E3M4:mac_unit|a_flop[2] ;
; systolic_pe_matrix:u_systolic_pe_matrix|processing_element:pe31|out_a[3] ; Merged with systolic_pe_matrix:u_systolic_pe_matrix|processing_element:pe31|MAC_E3M4:mac_unit|a_flop[3] ;
; systolic_pe_matrix:u_systolic_pe_matrix|processing_element:pe31|out_a[4] ; Merged with systolic_pe_matrix:u_systolic_pe_matrix|processing_element:pe31|MAC_E3M4:mac_unit|a_flop[4] ;
; systolic_pe_matrix:u_systolic_pe_matrix|processing_element:pe31|out_a[5] ; Merged with systolic_pe_matrix:u_systolic_pe_matrix|processing_element:pe31|MAC_E3M4:mac_unit|a_flop[5] ;
; systolic_pe_matrix:u_systolic_pe_matrix|processing_element:pe31|out_a[6] ; Merged with systolic_pe_matrix:u_systolic_pe_matrix|processing_element:pe31|MAC_E3M4:mac_unit|a_flop[6] ;
; systolic_pe_matrix:u_systolic_pe_matrix|processing_element:pe31|out_a[7] ; Merged with systolic_pe_matrix:u_systolic_pe_matrix|processing_element:pe31|MAC_E3M4:mac_unit|a_flop[7] ;
; systolic_pe_matrix:u_systolic_pe_matrix|processing_element:pe10|out_b[0] ; Merged with systolic_pe_matrix:u_systolic_pe_matrix|processing_element:pe10|MAC_E3M4:mac_unit|b_flop[0] ;
; systolic_pe_matrix:u_systolic_pe_matrix|processing_element:pe10|out_b[1] ; Merged with systolic_pe_matrix:u_systolic_pe_matrix|processing_element:pe10|MAC_E3M4:mac_unit|b_flop[1] ;
; systolic_pe_matrix:u_systolic_pe_matrix|processing_element:pe10|out_b[2] ; Merged with systolic_pe_matrix:u_systolic_pe_matrix|processing_element:pe10|MAC_E3M4:mac_unit|b_flop[2] ;
; systolic_pe_matrix:u_systolic_pe_matrix|processing_element:pe10|out_b[3] ; Merged with systolic_pe_matrix:u_systolic_pe_matrix|processing_element:pe10|MAC_E3M4:mac_unit|b_flop[3] ;
; systolic_pe_matrix:u_systolic_pe_matrix|processing_element:pe10|out_b[4] ; Merged with systolic_pe_matrix:u_systolic_pe_matrix|processing_element:pe10|MAC_E3M4:mac_unit|b_flop[4] ;
; systolic_pe_matrix:u_systolic_pe_matrix|processing_element:pe10|out_b[5] ; Merged with systolic_pe_matrix:u_systolic_pe_matrix|processing_element:pe10|MAC_E3M4:mac_unit|b_flop[5] ;
; systolic_pe_matrix:u_systolic_pe_matrix|processing_element:pe10|out_b[6] ; Merged with systolic_pe_matrix:u_systolic_pe_matrix|processing_element:pe10|MAC_E3M4:mac_unit|b_flop[6] ;
; systolic_pe_matrix:u_systolic_pe_matrix|processing_element:pe10|out_b[7] ; Merged with systolic_pe_matrix:u_systolic_pe_matrix|processing_element:pe10|MAC_E3M4:mac_unit|b_flop[7] ;
; systolic_pe_matrix:u_systolic_pe_matrix|processing_element:pe11|out_b[0] ; Merged with systolic_pe_matrix:u_systolic_pe_matrix|processing_element:pe11|MAC_E3M4:mac_unit|b_flop[0] ;
; systolic_pe_matrix:u_systolic_pe_matrix|processing_element:pe11|out_b[1] ; Merged with systolic_pe_matrix:u_systolic_pe_matrix|processing_element:pe11|MAC_E3M4:mac_unit|b_flop[1] ;
; systolic_pe_matrix:u_systolic_pe_matrix|processing_element:pe11|out_b[2] ; Merged with systolic_pe_matrix:u_systolic_pe_matrix|processing_element:pe11|MAC_E3M4:mac_unit|b_flop[2] ;
; systolic_pe_matrix:u_systolic_pe_matrix|processing_element:pe11|out_b[3] ; Merged with systolic_pe_matrix:u_systolic_pe_matrix|processing_element:pe11|MAC_E3M4:mac_unit|b_flop[3] ;
; systolic_pe_matrix:u_systolic_pe_matrix|processing_element:pe11|out_b[4] ; Merged with systolic_pe_matrix:u_systolic_pe_matrix|processing_element:pe11|MAC_E3M4:mac_unit|b_flop[4] ;
; systolic_pe_matrix:u_systolic_pe_matrix|processing_element:pe11|out_b[5] ; Merged with systolic_pe_matrix:u_systolic_pe_matrix|processing_element:pe11|MAC_E3M4:mac_unit|b_flop[5] ;
; systolic_pe_matrix:u_systolic_pe_matrix|processing_element:pe11|out_b[6] ; Merged with systolic_pe_matrix:u_systolic_pe_matrix|processing_element:pe11|MAC_E3M4:mac_unit|b_flop[6] ;
; systolic_pe_matrix:u_systolic_pe_matrix|processing_element:pe11|out_b[7] ; Merged with systolic_pe_matrix:u_systolic_pe_matrix|processing_element:pe11|MAC_E3M4:mac_unit|b_flop[7] ;
; systolic_pe_matrix:u_systolic_pe_matrix|processing_element:pe12|out_b[0] ; Merged with systolic_pe_matrix:u_systolic_pe_matrix|processing_element:pe12|MAC_E3M4:mac_unit|b_flop[0] ;
; systolic_pe_matrix:u_systolic_pe_matrix|processing_element:pe12|out_b[1] ; Merged with systolic_pe_matrix:u_systolic_pe_matrix|processing_element:pe12|MAC_E3M4:mac_unit|b_flop[1] ;
; systolic_pe_matrix:u_systolic_pe_matrix|processing_element:pe12|out_b[2] ; Merged with systolic_pe_matrix:u_systolic_pe_matrix|processing_element:pe12|MAC_E3M4:mac_unit|b_flop[2] ;
; systolic_pe_matrix:u_systolic_pe_matrix|processing_element:pe12|out_b[3] ; Merged with systolic_pe_matrix:u_systolic_pe_matrix|processing_element:pe12|MAC_E3M4:mac_unit|b_flop[3] ;
; systolic_pe_matrix:u_systolic_pe_matrix|processing_element:pe12|out_b[4] ; Merged with systolic_pe_matrix:u_systolic_pe_matrix|processing_element:pe12|MAC_E3M4:mac_unit|b_flop[4] ;
; systolic_pe_matrix:u_systolic_pe_matrix|processing_element:pe12|out_b[5] ; Merged with systolic_pe_matrix:u_systolic_pe_matrix|processing_element:pe12|MAC_E3M4:mac_unit|b_flop[5] ;
; systolic_pe_matrix:u_systolic_pe_matrix|processing_element:pe12|out_b[6] ; Merged with systolic_pe_matrix:u_systolic_pe_matrix|processing_element:pe12|MAC_E3M4:mac_unit|b_flop[6] ;
; systolic_pe_matrix:u_systolic_pe_matrix|processing_element:pe12|out_b[7] ; Merged with systolic_pe_matrix:u_systolic_pe_matrix|processing_element:pe12|MAC_E3M4:mac_unit|b_flop[7] ;
; systolic_pe_matrix:u_systolic_pe_matrix|processing_element:pe13|out_b[0] ; Merged with systolic_pe_matrix:u_systolic_pe_matrix|processing_element:pe13|MAC_E3M4:mac_unit|b_flop[0] ;
; systolic_pe_matrix:u_systolic_pe_matrix|processing_element:pe13|out_b[1] ; Merged with systolic_pe_matrix:u_systolic_pe_matrix|processing_element:pe13|MAC_E3M4:mac_unit|b_flop[1] ;
; systolic_pe_matrix:u_systolic_pe_matrix|processing_element:pe13|out_b[2] ; Merged with systolic_pe_matrix:u_systolic_pe_matrix|processing_element:pe13|MAC_E3M4:mac_unit|b_flop[2] ;
; systolic_pe_matrix:u_systolic_pe_matrix|processing_element:pe13|out_b[3] ; Merged with systolic_pe_matrix:u_systolic_pe_matrix|processing_element:pe13|MAC_E3M4:mac_unit|b_flop[3] ;
; systolic_pe_matrix:u_systolic_pe_matrix|processing_element:pe13|out_b[4] ; Merged with systolic_pe_matrix:u_systolic_pe_matrix|processing_element:pe13|MAC_E3M4:mac_unit|b_flop[4] ;
; systolic_pe_matrix:u_systolic_pe_matrix|processing_element:pe13|out_b[5] ; Merged with systolic_pe_matrix:u_systolic_pe_matrix|processing_element:pe13|MAC_E3M4:mac_unit|b_flop[5] ;
; systolic_pe_matrix:u_systolic_pe_matrix|processing_element:pe13|out_b[6] ; Merged with systolic_pe_matrix:u_systolic_pe_matrix|processing_element:pe13|MAC_E3M4:mac_unit|b_flop[6] ;
; systolic_pe_matrix:u_systolic_pe_matrix|processing_element:pe13|out_b[7] ; Merged with systolic_pe_matrix:u_systolic_pe_matrix|processing_element:pe13|MAC_E3M4:mac_unit|b_flop[7] ;
; systolic_pe_matrix:u_systolic_pe_matrix|processing_element:pe00|out_a[6] ; Merged with systolic_pe_matrix:u_systolic_pe_matrix|processing_element:pe00|MAC_E3M4:mac_unit|a_flop[6] ;
; systolic_pe_matrix:u_systolic_pe_matrix|processing_element:pe00|out_a[5] ; Merged with systolic_pe_matrix:u_systolic_pe_matrix|processing_element:pe00|MAC_E3M4:mac_unit|a_flop[5] ;
; systolic_pe_matrix:u_systolic_pe_matrix|processing_element:pe00|out_a[4] ; Merged with systolic_pe_matrix:u_systolic_pe_matrix|processing_element:pe00|MAC_E3M4:mac_unit|a_flop[4] ;
; systolic_pe_matrix:u_systolic_pe_matrix|processing_element:pe00|out_a[3] ; Merged with systolic_pe_matrix:u_systolic_pe_matrix|processing_element:pe00|MAC_E3M4:mac_unit|a_flop[3] ;
; systolic_pe_matrix:u_systolic_pe_matrix|processing_element:pe00|out_a[2] ; Merged with systolic_pe_matrix:u_systolic_pe_matrix|processing_element:pe00|MAC_E3M4:mac_unit|a_flop[2] ;
; systolic_pe_matrix:u_systolic_pe_matrix|processing_element:pe00|out_a[1] ; Merged with systolic_pe_matrix:u_systolic_pe_matrix|processing_element:pe00|MAC_E3M4:mac_unit|a_flop[1] ;
; systolic_pe_matrix:u_systolic_pe_matrix|processing_element:pe00|out_a[0] ; Merged with systolic_pe_matrix:u_systolic_pe_matrix|processing_element:pe00|MAC_E3M4:mac_unit|a_flop[0] ;
; systolic_pe_matrix:u_systolic_pe_matrix|processing_element:pe00|out_b[6] ; Merged with systolic_pe_matrix:u_systolic_pe_matrix|processing_element:pe00|MAC_E3M4:mac_unit|b_flop[6] ;
; systolic_pe_matrix:u_systolic_pe_matrix|processing_element:pe00|out_b[5] ; Merged with systolic_pe_matrix:u_systolic_pe_matrix|processing_element:pe00|MAC_E3M4:mac_unit|b_flop[5] ;
; systolic_pe_matrix:u_systolic_pe_matrix|processing_element:pe00|out_b[4] ; Merged with systolic_pe_matrix:u_systolic_pe_matrix|processing_element:pe00|MAC_E3M4:mac_unit|b_flop[4] ;
; systolic_pe_matrix:u_systolic_pe_matrix|processing_element:pe00|out_b[3] ; Merged with systolic_pe_matrix:u_systolic_pe_matrix|processing_element:pe00|MAC_E3M4:mac_unit|b_flop[3] ;
; systolic_pe_matrix:u_systolic_pe_matrix|processing_element:pe00|out_b[2] ; Merged with systolic_pe_matrix:u_systolic_pe_matrix|processing_element:pe00|MAC_E3M4:mac_unit|b_flop[2] ;
; systolic_pe_matrix:u_systolic_pe_matrix|processing_element:pe00|out_b[1] ; Merged with systolic_pe_matrix:u_systolic_pe_matrix|processing_element:pe00|MAC_E3M4:mac_unit|b_flop[1] ;
; systolic_pe_matrix:u_systolic_pe_matrix|processing_element:pe00|out_b[0] ; Merged with systolic_pe_matrix:u_systolic_pe_matrix|processing_element:pe00|MAC_E3M4:mac_unit|b_flop[0] ;
; systolic_pe_matrix:u_systolic_pe_matrix|processing_element:pe00|out_b[7] ; Merged with systolic_pe_matrix:u_systolic_pe_matrix|processing_element:pe00|MAC_E3M4:mac_unit|b_flop[7] ;
; systolic_pe_matrix:u_systolic_pe_matrix|processing_element:pe00|out_a[7] ; Merged with systolic_pe_matrix:u_systolic_pe_matrix|processing_element:pe00|MAC_E3M4:mac_unit|a_flop[7] ;
; systolic_pe_matrix:u_systolic_pe_matrix|processing_element:pe10|out_a[6] ; Merged with systolic_pe_matrix:u_systolic_pe_matrix|processing_element:pe10|MAC_E3M4:mac_unit|a_flop[6] ;
; systolic_pe_matrix:u_systolic_pe_matrix|processing_element:pe10|out_a[5] ; Merged with systolic_pe_matrix:u_systolic_pe_matrix|processing_element:pe10|MAC_E3M4:mac_unit|a_flop[5] ;
; systolic_pe_matrix:u_systolic_pe_matrix|processing_element:pe10|out_a[4] ; Merged with systolic_pe_matrix:u_systolic_pe_matrix|processing_element:pe10|MAC_E3M4:mac_unit|a_flop[4] ;
; systolic_pe_matrix:u_systolic_pe_matrix|processing_element:pe10|out_a[3] ; Merged with systolic_pe_matrix:u_systolic_pe_matrix|processing_element:pe10|MAC_E3M4:mac_unit|a_flop[3] ;
; systolic_pe_matrix:u_systolic_pe_matrix|processing_element:pe10|out_a[2] ; Merged with systolic_pe_matrix:u_systolic_pe_matrix|processing_element:pe10|MAC_E3M4:mac_unit|a_flop[2] ;
; systolic_pe_matrix:u_systolic_pe_matrix|processing_element:pe10|out_a[1] ; Merged with systolic_pe_matrix:u_systolic_pe_matrix|processing_element:pe10|MAC_E3M4:mac_unit|a_flop[1] ;
; systolic_pe_matrix:u_systolic_pe_matrix|processing_element:pe10|out_a[0] ; Merged with systolic_pe_matrix:u_systolic_pe_matrix|processing_element:pe10|MAC_E3M4:mac_unit|a_flop[0] ;
; systolic_pe_matrix:u_systolic_pe_matrix|processing_element:pe10|out_a[7] ; Merged with systolic_pe_matrix:u_systolic_pe_matrix|processing_element:pe10|MAC_E3M4:mac_unit|a_flop[7] ;
; systolic_pe_matrix:u_systolic_pe_matrix|processing_element:pe20|out_a[6] ; Merged with systolic_pe_matrix:u_systolic_pe_matrix|processing_element:pe20|MAC_E3M4:mac_unit|a_flop[6] ;
; systolic_pe_matrix:u_systolic_pe_matrix|processing_element:pe20|out_a[5] ; Merged with systolic_pe_matrix:u_systolic_pe_matrix|processing_element:pe20|MAC_E3M4:mac_unit|a_flop[5] ;
; systolic_pe_matrix:u_systolic_pe_matrix|processing_element:pe20|out_a[4] ; Merged with systolic_pe_matrix:u_systolic_pe_matrix|processing_element:pe20|MAC_E3M4:mac_unit|a_flop[4] ;
; systolic_pe_matrix:u_systolic_pe_matrix|processing_element:pe20|out_a[3] ; Merged with systolic_pe_matrix:u_systolic_pe_matrix|processing_element:pe20|MAC_E3M4:mac_unit|a_flop[3] ;
; systolic_pe_matrix:u_systolic_pe_matrix|processing_element:pe20|out_a[2] ; Merged with systolic_pe_matrix:u_systolic_pe_matrix|processing_element:pe20|MAC_E3M4:mac_unit|a_flop[2] ;
; systolic_pe_matrix:u_systolic_pe_matrix|processing_element:pe20|out_a[1] ; Merged with systolic_pe_matrix:u_systolic_pe_matrix|processing_element:pe20|MAC_E3M4:mac_unit|a_flop[1] ;
; systolic_pe_matrix:u_systolic_pe_matrix|processing_element:pe20|out_a[0] ; Merged with systolic_pe_matrix:u_systolic_pe_matrix|processing_element:pe20|MAC_E3M4:mac_unit|a_flop[0] ;
; systolic_pe_matrix:u_systolic_pe_matrix|processing_element:pe20|out_a[7] ; Merged with systolic_pe_matrix:u_systolic_pe_matrix|processing_element:pe20|MAC_E3M4:mac_unit|a_flop[7] ;
; systolic_pe_matrix:u_systolic_pe_matrix|processing_element:pe30|out_a[6] ; Merged with systolic_pe_matrix:u_systolic_pe_matrix|processing_element:pe30|MAC_E3M4:mac_unit|a_flop[6] ;
; systolic_pe_matrix:u_systolic_pe_matrix|processing_element:pe30|out_a[5] ; Merged with systolic_pe_matrix:u_systolic_pe_matrix|processing_element:pe30|MAC_E3M4:mac_unit|a_flop[5] ;
; systolic_pe_matrix:u_systolic_pe_matrix|processing_element:pe30|out_a[4] ; Merged with systolic_pe_matrix:u_systolic_pe_matrix|processing_element:pe30|MAC_E3M4:mac_unit|a_flop[4] ;
; systolic_pe_matrix:u_systolic_pe_matrix|processing_element:pe30|out_a[3] ; Merged with systolic_pe_matrix:u_systolic_pe_matrix|processing_element:pe30|MAC_E3M4:mac_unit|a_flop[3] ;
; systolic_pe_matrix:u_systolic_pe_matrix|processing_element:pe30|out_a[2] ; Merged with systolic_pe_matrix:u_systolic_pe_matrix|processing_element:pe30|MAC_E3M4:mac_unit|a_flop[2] ;
; systolic_pe_matrix:u_systolic_pe_matrix|processing_element:pe30|out_a[1] ; Merged with systolic_pe_matrix:u_systolic_pe_matrix|processing_element:pe30|MAC_E3M4:mac_unit|a_flop[1] ;
; systolic_pe_matrix:u_systolic_pe_matrix|processing_element:pe30|out_a[0] ; Merged with systolic_pe_matrix:u_systolic_pe_matrix|processing_element:pe30|MAC_E3M4:mac_unit|a_flop[0] ;
; systolic_pe_matrix:u_systolic_pe_matrix|processing_element:pe30|out_a[7] ; Merged with systolic_pe_matrix:u_systolic_pe_matrix|processing_element:pe30|MAC_E3M4:mac_unit|a_flop[7] ;
; systolic_pe_matrix:u_systolic_pe_matrix|processing_element:pe01|out_b[0] ; Merged with systolic_pe_matrix:u_systolic_pe_matrix|processing_element:pe01|MAC_E3M4:mac_unit|b_flop[0] ;
; systolic_pe_matrix:u_systolic_pe_matrix|processing_element:pe01|out_b[1] ; Merged with systolic_pe_matrix:u_systolic_pe_matrix|processing_element:pe01|MAC_E3M4:mac_unit|b_flop[1] ;
; systolic_pe_matrix:u_systolic_pe_matrix|processing_element:pe01|out_b[2] ; Merged with systolic_pe_matrix:u_systolic_pe_matrix|processing_element:pe01|MAC_E3M4:mac_unit|b_flop[2] ;
; systolic_pe_matrix:u_systolic_pe_matrix|processing_element:pe01|out_b[3] ; Merged with systolic_pe_matrix:u_systolic_pe_matrix|processing_element:pe01|MAC_E3M4:mac_unit|b_flop[3] ;
; systolic_pe_matrix:u_systolic_pe_matrix|processing_element:pe01|out_b[4] ; Merged with systolic_pe_matrix:u_systolic_pe_matrix|processing_element:pe01|MAC_E3M4:mac_unit|b_flop[4] ;
; systolic_pe_matrix:u_systolic_pe_matrix|processing_element:pe01|out_b[5] ; Merged with systolic_pe_matrix:u_systolic_pe_matrix|processing_element:pe01|MAC_E3M4:mac_unit|b_flop[5] ;
; systolic_pe_matrix:u_systolic_pe_matrix|processing_element:pe01|out_b[6] ; Merged with systolic_pe_matrix:u_systolic_pe_matrix|processing_element:pe01|MAC_E3M4:mac_unit|b_flop[6] ;
; systolic_pe_matrix:u_systolic_pe_matrix|processing_element:pe01|out_b[7] ; Merged with systolic_pe_matrix:u_systolic_pe_matrix|processing_element:pe01|MAC_E3M4:mac_unit|b_flop[7] ;
; systolic_pe_matrix:u_systolic_pe_matrix|processing_element:pe02|out_b[0] ; Merged with systolic_pe_matrix:u_systolic_pe_matrix|processing_element:pe02|MAC_E3M4:mac_unit|b_flop[0] ;
; systolic_pe_matrix:u_systolic_pe_matrix|processing_element:pe02|out_b[1] ; Merged with systolic_pe_matrix:u_systolic_pe_matrix|processing_element:pe02|MAC_E3M4:mac_unit|b_flop[1] ;
; systolic_pe_matrix:u_systolic_pe_matrix|processing_element:pe02|out_b[2] ; Merged with systolic_pe_matrix:u_systolic_pe_matrix|processing_element:pe02|MAC_E3M4:mac_unit|b_flop[2] ;
; systolic_pe_matrix:u_systolic_pe_matrix|processing_element:pe02|out_b[3] ; Merged with systolic_pe_matrix:u_systolic_pe_matrix|processing_element:pe02|MAC_E3M4:mac_unit|b_flop[3] ;
; systolic_pe_matrix:u_systolic_pe_matrix|processing_element:pe02|out_b[4] ; Merged with systolic_pe_matrix:u_systolic_pe_matrix|processing_element:pe02|MAC_E3M4:mac_unit|b_flop[4] ;
; systolic_pe_matrix:u_systolic_pe_matrix|processing_element:pe02|out_b[5] ; Merged with systolic_pe_matrix:u_systolic_pe_matrix|processing_element:pe02|MAC_E3M4:mac_unit|b_flop[5] ;
; systolic_pe_matrix:u_systolic_pe_matrix|processing_element:pe02|out_b[6] ; Merged with systolic_pe_matrix:u_systolic_pe_matrix|processing_element:pe02|MAC_E3M4:mac_unit|b_flop[6] ;
; systolic_pe_matrix:u_systolic_pe_matrix|processing_element:pe02|out_b[7] ; Merged with systolic_pe_matrix:u_systolic_pe_matrix|processing_element:pe02|MAC_E3M4:mac_unit|b_flop[7] ;
; systolic_pe_matrix:u_systolic_pe_matrix|processing_element:pe03|out_b[0] ; Merged with systolic_pe_matrix:u_systolic_pe_matrix|processing_element:pe03|MAC_E3M4:mac_unit|b_flop[0] ;
; systolic_pe_matrix:u_systolic_pe_matrix|processing_element:pe03|out_b[1] ; Merged with systolic_pe_matrix:u_systolic_pe_matrix|processing_element:pe03|MAC_E3M4:mac_unit|b_flop[1] ;
; systolic_pe_matrix:u_systolic_pe_matrix|processing_element:pe03|out_b[2] ; Merged with systolic_pe_matrix:u_systolic_pe_matrix|processing_element:pe03|MAC_E3M4:mac_unit|b_flop[2] ;
; systolic_pe_matrix:u_systolic_pe_matrix|processing_element:pe03|out_b[3] ; Merged with systolic_pe_matrix:u_systolic_pe_matrix|processing_element:pe03|MAC_E3M4:mac_unit|b_flop[3] ;
; systolic_pe_matrix:u_systolic_pe_matrix|processing_element:pe03|out_b[4] ; Merged with systolic_pe_matrix:u_systolic_pe_matrix|processing_element:pe03|MAC_E3M4:mac_unit|b_flop[4] ;
; systolic_pe_matrix:u_systolic_pe_matrix|processing_element:pe03|out_b[5] ; Merged with systolic_pe_matrix:u_systolic_pe_matrix|processing_element:pe03|MAC_E3M4:mac_unit|b_flop[5] ;
; systolic_pe_matrix:u_systolic_pe_matrix|processing_element:pe03|out_b[6] ; Merged with systolic_pe_matrix:u_systolic_pe_matrix|processing_element:pe03|MAC_E3M4:mac_unit|b_flop[6] ;
; systolic_pe_matrix:u_systolic_pe_matrix|processing_element:pe03|out_b[7] ; Merged with systolic_pe_matrix:u_systolic_pe_matrix|processing_element:pe03|MAC_E3M4:mac_unit|b_flop[7] ;
; Total Number of Removed Registers = 192                                  ;                                                                                                         ;
+--------------------------------------------------------------------------+---------------------------------------------------------------------------------------------------------+


+------------------------------------------------------+
; General Register Statistics                          ;
+----------------------------------------------+-------+
; Statistic                                    ; Value ;
+----------------------------------------------+-------+
; Total registers                              ; 891   ;
; Number of registers using Synchronous Clear  ; 745   ;
; Number of registers using Synchronous Load   ; 204   ;
; Number of registers using Asynchronous Clear ; 0     ;
; Number of registers using Asynchronous Load  ; 0     ;
; Number of registers using Clock Enable       ; 254   ;
; Number of registers using Preset             ; 0     ;
+----------------------------------------------+-------+


+-------------------------------------------------------------------------------------------------------------------------------------------------------------------------------------------------------------------------------------------------------+
; Multiplexer Restructuring Statistics (Restructuring Performed)                                                                                                                                                                                        ;
+--------------------+-----------+---------------+----------------------+------------------------+------------+-----------------------------------------------------------------------------------------------------------------------------------------+
; Multiplexer Inputs ; Bus Width ; Baseline Area ; Area if Restructured ; Saving if Restructured ; Registered ; Example Multiplexer Output                                                                                                              ;
+--------------------+-----------+---------------+----------------------+------------------------+------------+-----------------------------------------------------------------------------------------------------------------------------------------+
; 3:1                ; 32 bits   ; 64 LEs        ; 0 LEs                ; 64 LEs                 ; Yes        ; |matmul_4x4_systolic|output_logic:u_output_logic|counter[22]                                                                            ;
; 3:1                ; 32 bits   ; 64 LEs        ; 0 LEs                ; 64 LEs                 ; Yes        ; |matmul_4x4_systolic|systolic_pe_matrix:u_systolic_pe_matrix|processing_element:pe30|MAC_E3M4:mac_unit|a_flop[7]                        ;
; 3:1                ; 32 bits   ; 64 LEs        ; 0 LEs                ; 64 LEs                 ; Yes        ; |matmul_4x4_systolic|systolic_pe_matrix:u_systolic_pe_matrix|processing_element:pe01|MAC_E3M4:mac_unit|b_flop[7]                        ;
; 3:1                ; 8 bits    ; 16 LEs        ; 0 LEs                ; 16 LEs                 ; Yes        ; |matmul_4x4_systolic|systolic_data_setup:u_systolic_data_setup|a_mem_access_counter[3]                                                  ;
; 3:1                ; 8 bits    ; 16 LEs        ; 0 LEs                ; 16 LEs                 ; Yes        ; |matmul_4x4_systolic|systolic_data_setup:u_systolic_data_setup|b_mem_access_counter[3]                                                  ;
; 5:1                ; 10 bits   ; 30 LEs        ; 20 LEs               ; 10 LEs                 ; Yes        ; |matmul_4x4_systolic|output_logic:u_output_logic|c_addr[1]                                                                              ;
; 5:1                ; 128 bits  ; 384 LEs       ; 0 LEs                ; 384 LEs                ; Yes        ; |matmul_4x4_systolic|output_logic:u_output_logic|c_data_out[24]                                                                         ;
; 6:1                ; 3 bits    ; 12 LEs        ; 6 LEs                ; 6 LEs                  ; Yes        ; |matmul_4x4_systolic|systolic_pe_matrix:u_systolic_pe_matrix|processing_element:pe00|MAC_E3M4:mac_unit|acc_reg[6]                       ;
; 6:1                ; 3 bits    ; 12 LEs        ; 6 LEs                ; 6 LEs                  ; Yes        ; |matmul_4x4_systolic|systolic_pe_matrix:u_systolic_pe_matrix|processing_element:pe10|MAC_E3M4:mac_unit|acc_reg[6]                       ;
; 6:1                ; 3 bits    ; 12 LEs        ; 6 LEs                ; 6 LEs                  ; Yes        ; |matmul_4x4_systolic|systolic_pe_matrix:u_systolic_pe_matrix|processing_element:pe20|MAC_E3M4:mac_unit|acc_reg[6]                       ;
; 6:1                ; 3 bits    ; 12 LEs        ; 6 LEs                ; 6 LEs                  ; Yes        ; |matmul_4x4_systolic|systolic_pe_matrix:u_systolic_pe_matrix|processing_element:pe30|MAC_E3M4:mac_unit|acc_reg[4]                       ;
; 6:1                ; 3 bits    ; 12 LEs        ; 6 LEs                ; 6 LEs                  ; Yes        ; |matmul_4x4_systolic|systolic_pe_matrix:u_systolic_pe_matrix|processing_element:pe01|MAC_E3M4:mac_unit|acc_reg[6]                       ;
; 6:1                ; 3 bits    ; 12 LEs        ; 6 LEs                ; 6 LEs                  ; Yes        ; |matmul_4x4_systolic|systolic_pe_matrix:u_systolic_pe_matrix|processing_element:pe11|MAC_E3M4:mac_unit|acc_reg[5]                       ;
; 6:1                ; 3 bits    ; 12 LEs        ; 6 LEs                ; 6 LEs                  ; Yes        ; |matmul_4x4_systolic|systolic_pe_matrix:u_systolic_pe_matrix|processing_element:pe21|MAC_E3M4:mac_unit|acc_reg[4]                       ;
; 6:1                ; 3 bits    ; 12 LEs        ; 6 LEs                ; 6 LEs                  ; Yes        ; |matmul_4x4_systolic|systolic_pe_matrix:u_systolic_pe_matrix|processing_element:pe31|MAC_E3M4:mac_unit|acc_reg[5]                       ;
; 6:1                ; 3 bits    ; 12 LEs        ; 6 LEs                ; 6 LEs                  ; Yes        ; |matmul_4x4_systolic|systolic_pe_matrix:u_systolic_pe_matrix|processing_element:pe02|MAC_E3M4:mac_unit|acc_reg[4]                       ;
; 6:1                ; 3 bits    ; 12 LEs        ; 6 LEs                ; 6 LEs                  ; Yes        ; |matmul_4x4_systolic|systolic_pe_matrix:u_systolic_pe_matrix|processing_element:pe12|MAC_E3M4:mac_unit|acc_reg[5]                       ;
; 6:1                ; 3 bits    ; 12 LEs        ; 6 LEs                ; 6 LEs                  ; Yes        ; |matmul_4x4_systolic|systolic_pe_matrix:u_systolic_pe_matrix|processing_element:pe22|MAC_E3M4:mac_unit|acc_reg[4]                       ;
; 6:1                ; 3 bits    ; 12 LEs        ; 6 LEs                ; 6 LEs                  ; Yes        ; |matmul_4x4_systolic|systolic_pe_matrix:u_systolic_pe_matrix|processing_element:pe32|MAC_E3M4:mac_unit|acc_reg[5]                       ;
; 6:1                ; 3 bits    ; 12 LEs        ; 6 LEs                ; 6 LEs                  ; Yes        ; |matmul_4x4_systolic|systolic_pe_matrix:u_systolic_pe_matrix|processing_element:pe03|MAC_E3M4:mac_unit|acc_reg[6]                       ;
; 6:1                ; 3 bits    ; 12 LEs        ; 6 LEs                ; 6 LEs                  ; Yes        ; |matmul_4x4_systolic|systolic_pe_matrix:u_systolic_pe_matrix|processing_element:pe13|MAC_E3M4:mac_unit|acc_reg[6]                       ;
; 6:1                ; 3 bits    ; 12 LEs        ; 6 LEs                ; 6 LEs                  ; Yes        ; |matmul_4x4_systolic|systolic_pe_matrix:u_systolic_pe_matrix|processing_element:pe23|MAC_E3M4:mac_unit|acc_reg[4]                       ;
; 6:1                ; 3 bits    ; 12 LEs        ; 6 LEs                ; 6 LEs                  ; Yes        ; |matmul_4x4_systolic|systolic_pe_matrix:u_systolic_pe_matrix|processing_element:pe33|MAC_E3M4:mac_unit|acc_reg[4]                       ;
; 7:1                ; 2 bits    ; 8 LEs         ; 8 LEs                ; 0 LEs                  ; Yes        ; |matmul_4x4_systolic|systolic_pe_matrix:u_systolic_pe_matrix|processing_element:pe00|MAC_E3M4:mac_unit|prod[5]                          ;
; 7:1                ; 2 bits    ; 8 LEs         ; 8 LEs                ; 0 LEs                  ; Yes        ; |matmul_4x4_systolic|systolic_pe_matrix:u_systolic_pe_matrix|processing_element:pe10|MAC_E3M4:mac_unit|prod[4]                          ;
; 7:1                ; 2 bits    ; 8 LEs         ; 8 LEs                ; 0 LEs                  ; Yes        ; |matmul_4x4_systolic|systolic_pe_matrix:u_systolic_pe_matrix|processing_element:pe20|MAC_E3M4:mac_unit|prod[4]                          ;
; 7:1                ; 2 bits    ; 8 LEs         ; 8 LEs                ; 0 LEs                  ; Yes        ; |matmul_4x4_systolic|systolic_pe_matrix:u_systolic_pe_matrix|processing_element:pe30|MAC_E3M4:mac_unit|prod[5]                          ;
; 7:1                ; 2 bits    ; 8 LEs         ; 8 LEs                ; 0 LEs                  ; Yes        ; |matmul_4x4_systolic|systolic_pe_matrix:u_systolic_pe_matrix|processing_element:pe01|MAC_E3M4:mac_unit|prod[5]                          ;
; 7:1                ; 2 bits    ; 8 LEs         ; 8 LEs                ; 0 LEs                  ; Yes        ; |matmul_4x4_systolic|systolic_pe_matrix:u_systolic_pe_matrix|processing_element:pe11|MAC_E3M4:mac_unit|prod[5]                          ;
; 7:1                ; 2 bits    ; 8 LEs         ; 8 LEs                ; 0 LEs                  ; Yes        ; |matmul_4x4_systolic|systolic_pe_matrix:u_systolic_pe_matrix|processing_element:pe21|MAC_E3M4:mac_unit|prod[5]                          ;
; 7:1                ; 2 bits    ; 8 LEs         ; 8 LEs                ; 0 LEs                  ; Yes        ; |matmul_4x4_systolic|systolic_pe_matrix:u_systolic_pe_matrix|processing_element:pe31|MAC_E3M4:mac_unit|prod[4]                          ;
; 7:1                ; 2 bits    ; 8 LEs         ; 8 LEs                ; 0 LEs                  ; Yes        ; |matmul_4x4_systolic|systolic_pe_matrix:u_systolic_pe_matrix|processing_element:pe02|MAC_E3M4:mac_unit|prod[4]                          ;
; 7:1                ; 2 bits    ; 8 LEs         ; 8 LEs                ; 0 LEs                  ; Yes        ; |matmul_4x4_systolic|systolic_pe_matrix:u_systolic_pe_matrix|processing_element:pe12|MAC_E3M4:mac_unit|prod[5]                          ;
; 7:1                ; 2 bits    ; 8 LEs         ; 8 LEs                ; 0 LEs                  ; Yes        ; |matmul_4x4_systolic|systolic_pe_matrix:u_systolic_pe_matrix|processing_element:pe22|MAC_E3M4:mac_unit|prod[4]                          ;
; 7:1                ; 2 bits    ; 8 LEs         ; 8 LEs                ; 0 LEs                  ; Yes        ; |matmul_4x4_systolic|systolic_pe_matrix:u_systolic_pe_matrix|processing_element:pe32|MAC_E3M4:mac_unit|prod[4]                          ;
; 7:1                ; 2 bits    ; 8 LEs         ; 8 LEs                ; 0 LEs                  ; Yes        ; |matmul_4x4_systolic|systolic_pe_matrix:u_systolic_pe_matrix|processing_element:pe03|MAC_E3M4:mac_unit|prod[4]                          ;
; 7:1                ; 2 bits    ; 8 LEs         ; 8 LEs                ; 0 LEs                  ; Yes        ; |matmul_4x4_systolic|systolic_pe_matrix:u_systolic_pe_matrix|processing_element:pe13|MAC_E3M4:mac_unit|prod[5]                          ;
; 7:1                ; 2 bits    ; 8 LEs         ; 8 LEs                ; 0 LEs                  ; Yes        ; |matmul_4x4_systolic|systolic_pe_matrix:u_systolic_pe_matrix|processing_element:pe23|MAC_E3M4:mac_unit|prod[5]                          ;
; 7:1                ; 2 bits    ; 8 LEs         ; 8 LEs                ; 0 LEs                  ; Yes        ; |matmul_4x4_systolic|systolic_pe_matrix:u_systolic_pe_matrix|processing_element:pe33|MAC_E3M4:mac_unit|prod[4]                          ;
; 9:1                ; 3 bits    ; 18 LEs        ; 18 LEs               ; 0 LEs                  ; Yes        ; |matmul_4x4_systolic|systolic_pe_matrix:u_systolic_pe_matrix|processing_element:pe00|MAC_E3M4:mac_unit|prod[1]                          ;
; 9:1                ; 3 bits    ; 18 LEs        ; 18 LEs               ; 0 LEs                  ; Yes        ; |matmul_4x4_systolic|systolic_pe_matrix:u_systolic_pe_matrix|processing_element:pe10|MAC_E3M4:mac_unit|prod[0]                          ;
; 9:1                ; 3 bits    ; 18 LEs        ; 18 LEs               ; 0 LEs                  ; Yes        ; |matmul_4x4_systolic|systolic_pe_matrix:u_systolic_pe_matrix|processing_element:pe20|MAC_E3M4:mac_unit|prod[0]                          ;
; 9:1                ; 3 bits    ; 18 LEs        ; 18 LEs               ; 0 LEs                  ; Yes        ; |matmul_4x4_systolic|systolic_pe_matrix:u_systolic_pe_matrix|processing_element:pe30|MAC_E3M4:mac_unit|prod[2]                          ;
; 9:1                ; 3 bits    ; 18 LEs        ; 18 LEs               ; 0 LEs                  ; Yes        ; |matmul_4x4_systolic|systolic_pe_matrix:u_systolic_pe_matrix|processing_element:pe01|MAC_E3M4:mac_unit|prod[1]                          ;
; 9:1                ; 3 bits    ; 18 LEs        ; 18 LEs               ; 0 LEs                  ; Yes        ; |matmul_4x4_systolic|systolic_pe_matrix:u_systolic_pe_matrix|processing_element:pe11|MAC_E3M4:mac_unit|prod[1]                          ;
; 9:1                ; 3 bits    ; 18 LEs        ; 18 LEs               ; 0 LEs                  ; Yes        ; |matmul_4x4_systolic|systolic_pe_matrix:u_systolic_pe_matrix|processing_element:pe21|MAC_E3M4:mac_unit|prod[0]                          ;
; 9:1                ; 3 bits    ; 18 LEs        ; 18 LEs               ; 0 LEs                  ; Yes        ; |matmul_4x4_systolic|systolic_pe_matrix:u_systolic_pe_matrix|processing_element:pe31|MAC_E3M4:mac_unit|prod[1]                          ;
; 9:1                ; 3 bits    ; 18 LEs        ; 18 LEs               ; 0 LEs                  ; Yes        ; |matmul_4x4_systolic|systolic_pe_matrix:u_systolic_pe_matrix|processing_element:pe02|MAC_E3M4:mac_unit|prod[1]                          ;
; 9:1                ; 3 bits    ; 18 LEs        ; 18 LEs               ; 0 LEs                  ; Yes        ; |matmul_4x4_systolic|systolic_pe_matrix:u_systolic_pe_matrix|processing_element:pe12|MAC_E3M4:mac_unit|prod[2]                          ;
; 9:1                ; 3 bits    ; 18 LEs        ; 18 LEs               ; 0 LEs                  ; Yes        ; |matmul_4x4_systolic|systolic_pe_matrix:u_systolic_pe_matrix|processing_element:pe22|MAC_E3M4:mac_unit|prod[1]                          ;
; 9:1                ; 3 bits    ; 18 LEs        ; 18 LEs               ; 0 LEs                  ; Yes        ; |matmul_4x4_systolic|systolic_pe_matrix:u_systolic_pe_matrix|processing_element:pe32|MAC_E3M4:mac_unit|prod[1]                          ;
; 9:1                ; 3 bits    ; 18 LEs        ; 18 LEs               ; 0 LEs                  ; Yes        ; |matmul_4x4_systolic|systolic_pe_matrix:u_systolic_pe_matrix|processing_element:pe03|MAC_E3M4:mac_unit|prod[2]                          ;
; 9:1                ; 3 bits    ; 18 LEs        ; 18 LEs               ; 0 LEs                  ; Yes        ; |matmul_4x4_systolic|systolic_pe_matrix:u_systolic_pe_matrix|processing_element:pe13|MAC_E3M4:mac_unit|prod[1]                          ;
; 9:1                ; 3 bits    ; 18 LEs        ; 18 LEs               ; 0 LEs                  ; Yes        ; |matmul_4x4_systolic|systolic_pe_matrix:u_systolic_pe_matrix|processing_element:pe23|MAC_E3M4:mac_unit|prod[0]                          ;
; 9:1                ; 3 bits    ; 18 LEs        ; 18 LEs               ; 0 LEs                  ; Yes        ; |matmul_4x4_systolic|systolic_pe_matrix:u_systolic_pe_matrix|processing_element:pe33|MAC_E3M4:mac_unit|prod[2]                          ;
; 6:1                ; 2 bits    ; 8 LEs         ; 8 LEs                ; 0 LEs                  ; No         ; |matmul_4x4_systolic|systolic_pe_matrix:u_systolic_pe_matrix|processing_element:pe00|MAC_E3M4:mac_unit|FPAddSub_E3M4:add_i|NormShift[2] ;
; 6:1                ; 2 bits    ; 8 LEs         ; 8 LEs                ; 0 LEs                  ; No         ; |matmul_4x4_systolic|systolic_pe_matrix:u_systolic_pe_matrix|processing_element:pe10|MAC_E3M4:mac_unit|FPAddSub_E3M4:add_i|NormShift[2] ;
; 6:1                ; 2 bits    ; 8 LEs         ; 8 LEs                ; 0 LEs                  ; No         ; |matmul_4x4_systolic|systolic_pe_matrix:u_systolic_pe_matrix|processing_element:pe20|MAC_E3M4:mac_unit|FPAddSub_E3M4:add_i|NormShift[0] ;
; 6:1                ; 2 bits    ; 8 LEs         ; 8 LEs                ; 0 LEs                  ; No         ; |matmul_4x4_systolic|systolic_pe_matrix:u_systolic_pe_matrix|processing_element:pe30|MAC_E3M4:mac_unit|FPAddSub_E3M4:add_i|NormShift[2] ;
; 6:1                ; 2 bits    ; 8 LEs         ; 8 LEs                ; 0 LEs                  ; No         ; |matmul_4x4_systolic|systolic_pe_matrix:u_systolic_pe_matrix|processing_element:pe01|MAC_E3M4:mac_unit|FPAddSub_E3M4:add_i|NormShift[0] ;
; 6:1                ; 2 bits    ; 8 LEs         ; 8 LEs                ; 0 LEs                  ; No         ; |matmul_4x4_systolic|systolic_pe_matrix:u_systolic_pe_matrix|processing_element:pe11|MAC_E3M4:mac_unit|FPAddSub_E3M4:add_i|NormShift[2] ;
; 6:1                ; 2 bits    ; 8 LEs         ; 8 LEs                ; 0 LEs                  ; No         ; |matmul_4x4_systolic|systolic_pe_matrix:u_systolic_pe_matrix|processing_element:pe21|MAC_E3M4:mac_unit|FPAddSub_E3M4:add_i|NormShift[2] ;
; 6:1                ; 2 bits    ; 8 LEs         ; 8 LEs                ; 0 LEs                  ; No         ; |matmul_4x4_systolic|systolic_pe_matrix:u_systolic_pe_matrix|processing_element:pe31|MAC_E3M4:mac_unit|FPAddSub_E3M4:add_i|NormShift[0] ;
; 6:1                ; 2 bits    ; 8 LEs         ; 8 LEs                ; 0 LEs                  ; No         ; |matmul_4x4_systolic|systolic_pe_matrix:u_systolic_pe_matrix|processing_element:pe02|MAC_E3M4:mac_unit|FPAddSub_E3M4:add_i|NormShift[0] ;
; 6:1                ; 2 bits    ; 8 LEs         ; 8 LEs                ; 0 LEs                  ; No         ; |matmul_4x4_systolic|systolic_pe_matrix:u_systolic_pe_matrix|processing_element:pe12|MAC_E3M4:mac_unit|FPAddSub_E3M4:add_i|NormShift[0] ;
; 6:1                ; 2 bits    ; 8 LEs         ; 8 LEs                ; 0 LEs                  ; No         ; |matmul_4x4_systolic|systolic_pe_matrix:u_systolic_pe_matrix|processing_element:pe22|MAC_E3M4:mac_unit|FPAddSub_E3M4:add_i|NormShift[2] ;
; 6:1                ; 2 bits    ; 8 LEs         ; 8 LEs                ; 0 LEs                  ; No         ; |matmul_4x4_systolic|systolic_pe_matrix:u_systolic_pe_matrix|processing_element:pe32|MAC_E3M4:mac_unit|FPAddSub_E3M4:add_i|NormShift[2] ;
; 6:1                ; 2 bits    ; 8 LEs         ; 8 LEs                ; 0 LEs                  ; No         ; |matmul_4x4_systolic|systolic_pe_matrix:u_systolic_pe_matrix|processing_element:pe03|MAC_E3M4:mac_unit|FPAddSub_E3M4:add_i|NormShift[2] ;
; 6:1                ; 2 bits    ; 8 LEs         ; 8 LEs                ; 0 LEs                  ; No         ; |matmul_4x4_systolic|systolic_pe_matrix:u_systolic_pe_matrix|processing_element:pe13|MAC_E3M4:mac_unit|FPAddSub_E3M4:add_i|NormShift[0] ;
; 6:1                ; 2 bits    ; 8 LEs         ; 8 LEs                ; 0 LEs                  ; No         ; |matmul_4x4_systolic|systolic_pe_matrix:u_systolic_pe_matrix|processing_element:pe23|MAC_E3M4:mac_unit|FPAddSub_E3M4:add_i|NormShift[2] ;
; 6:1                ; 2 bits    ; 8 LEs         ; 8 LEs                ; 0 LEs                  ; No         ; |matmul_4x4_systolic|systolic_pe_matrix:u_systolic_pe_matrix|processing_element:pe33|MAC_E3M4:mac_unit|FPAddSub_E3M4:add_i|NormShift[2] ;
+--------------------+-----------+---------------+----------------------+------------------------+------------+-----------------------------------------------------------------------------------------------------------------------------------------+


+-----------------------------------------------------------------------------------------------------------------------------------+
; Port Connectivity Checks: "systolic_pe_matrix:u_systolic_pe_matrix|processing_element:pe00|MAC_E3M4:mac_unit|FPAddSub_E3M4:add_i" ;
+-----------+--------+----------+---------------------------------------------------------------------------------------------------+
; Port      ; Type   ; Severity ; Details                                                                                           ;
+-----------+--------+----------+---------------------------------------------------------------------------------------------------+
; operation ; Input  ; Info     ; Stuck at GND                                                                                      ;
; Flags     ; Output ; Info     ; Explicitly unconnected                                                                            ;
; NaN       ; Output ; Info     ; Explicitly unconnected                                                                            ;
; inf       ; Output ; Info     ; Explicitly unconnected                                                                            ;
; zero      ; Output ; Info     ; Explicitly unconnected                                                                            ;
+-----------+--------+----------+---------------------------------------------------------------------------------------------------+


+-----------------------------------------------------------------------------------------------------------------------------------+
; Port Connectivity Checks: "systolic_pe_matrix:u_systolic_pe_matrix|processing_element:pe00|MAC_E3M4:mac_unit|FPMult8_E3M4:mult_i" ;
+-------+--------+----------+-------------------------------------------------------------------------------------------------------+
; Port  ; Type   ; Severity ; Details                                                                                               ;
+-------+--------+----------+-------------------------------------------------------------------------------------------------------+
; Flags ; Output ; Info     ; Explicitly unconnected                                                                                ;
; NaN   ; Output ; Info     ; Explicitly unconnected                                                                                ;
; inf   ; Output ; Info     ; Explicitly unconnected                                                                                ;
; zero  ; Output ; Info     ; Explicitly unconnected                                                                                ;
+-------+--------+----------+-------------------------------------------------------------------------------------------------------+


+---------------------------------------------------------------------------------------------------------------+
; Port Connectivity Checks: "systolic_pe_matrix:u_systolic_pe_matrix|processing_element:pe00|MAC_E3M4:mac_unit" ;
+------+--------+----------+------------------------------------------------------------------------------------+
; Port ; Type   ; Severity ; Details                                                                            ;
+------+--------+----------+------------------------------------------------------------------------------------+
; prod ; Output ; Info     ; Explicitly unconnected                                                             ;
; sum  ; Output ; Info     ; Explicitly unconnected                                                             ;
; flag ; Output ; Info     ; Explicitly unconnected                                                             ;
+------+--------+----------+------------------------------------------------------------------------------------+


+------------------------------------------------------------------------------------------------------------------------+
; Port Connectivity Checks: "output_logic:u_output_logic"                                                                ;
+--------------+--------+----------+-------------------------------------------------------------------------------------+
; Port         ; Type   ; Severity ; Details                                                                             ;
+--------------+--------+----------+-------------------------------------------------------------------------------------+
; row_latch_en ; Output ; Info     ; Connected to dangling logic. Logic that only feeds a dangling port will be removed. ;
+--------------+--------+----------+-------------------------------------------------------------------------------------+


+-----------------------------------------------------+
; Post-Synthesis Netlist Statistics for Top Partition ;
+-----------------------+-----------------------------+
; Type                  ; Count                       ;
+-----------------------+-----------------------------+
; arriav_ff             ; 891                         ;
;     ENA               ; 20                          ;
;     ENA SCLR          ; 96                          ;
;     ENA SCLR SLD      ; 128                         ;
;     ENA SLD           ; 10                          ;
;     SCLR              ; 457                         ;
;     SCLR SLD          ; 64                          ;
;     SLD               ; 2                           ;
;     plain             ; 114                         ;
; arriav_lcell_comb     ; 1998                        ;
;     arith             ; 308                         ;
;         0 data inputs ; 1                           ;
;         1 data inputs ; 91                          ;
;         2 data inputs ; 116                         ;
;         4 data inputs ; 34                          ;
;         5 data inputs ; 66                          ;
;     normal            ; 1680                        ;
;         0 data inputs ; 1                           ;
;         2 data inputs ; 253                         ;
;         3 data inputs ; 305                         ;
;         4 data inputs ; 399                         ;
;         5 data inputs ; 321                         ;
;         6 data inputs ; 401                         ;
;     shared            ; 10                          ;
;         1 data inputs ; 2                           ;
;         2 data inputs ; 8                           ;
; arriav_mac            ; 16                          ;
; boundary_port         ; 382                         ;
;                       ;                             ;
; Max LUT depth         ; 8.50                        ;
; Average LUT depth     ; 5.23                        ;
+-----------------------+-----------------------------+


+-------------------------------+
; Elapsed Time Per Partition    ;
+----------------+--------------+
; Partition Name ; Elapsed Time ;
+----------------+--------------+
; Top            ; 00:00:06     ;
+----------------+--------------+


+-------------------------------+
; Analysis & Synthesis Messages ;
+-------------------------------+
Info: *******************************************************************
Info: Running Quartus Prime Analysis & Synthesis
    Info: Version 24.1std.0 Build 1077 03/04/2025 SC Lite Edition
    Info: Copyright (C) 2025  Altera Corporation. All rights reserved.
    Info: Your use of Altera Corporation's design tools, logic functions 
    Info: and other software and tools, and any partner logic 
    Info: functions, and any output files from any of the foregoing 
    Info: (including device programming or simulation files), and any 
    Info: associated documentation or information are expressly subject 
    Info: to the terms and conditions of the Altera Program License 
    Info: Subscription Agreement, the Altera Quartus Prime License Agreement,
    Info: the Altera IP License Agreement, or other applicable license
    Info: agreement, including, without limitation, that your use is for
    Info: the sole purpose of programming logic devices manufactured by
    Info: Altera and sold by Altera or its authorized distributors.  Please
    Info: refer to the Altera Software License Subscription Agreements 
    Info: on the Quartus Prime software download page.
    Info: Processing started: Wed Sep 16 16:23:24 2026
Info: Command: quartus_map matmul_synth
Info (20030): Parallel compilation is enabled and will use 4 of the 4 processors detected
Info (12021): Found 8 design units, including 8 entities, in source file /shubham/ms/research/projects/lab3/rtl/matmul.sv
    Info (12023): Found entity 1: matmul_4x4_systolic File: C:/Shubham/MS/Research/projects/lab3/rtl/matmul.sv Line: 18
    Info (12023): Found entity 2: output_logic File: C:/Shubham/MS/Research/projects/lab3/rtl/matmul.sv Line: 324
    Info (12023): Found entity 3: systolic_data_setup File: C:/Shubham/MS/Research/projects/lab3/rtl/matmul.sv Line: 473
    Info (12023): Found entity 4: systolic_pe_matrix File: C:/Shubham/MS/Research/projects/lab3/rtl/matmul.sv Line: 707
    Info (12023): Found entity 5: processing_element File: C:/Shubham/MS/Research/projects/lab3/rtl/matmul.sv Line: 818
    Info (12023): Found entity 6: MAC_E3M4 File: C:/Shubham/MS/Research/projects/lab3/rtl/matmul.sv Line: 879
    Info (12023): Found entity 7: FPAddSub_E3M4 File: C:/Shubham/MS/Research/projects/lab3/rtl/matmul.sv Line: 979
    Info (12023): Found entity 8: FPMult8_E3M4 File: C:/Shubham/MS/Research/projects/lab3/rtl/matmul.sv Line: 1168
Warning (10236): Verilog HDL Implicit Net warning at matmul.sv(263): created implicit net for "row_latch_en" File: C:/Shubham/MS/Research/projects/lab3/rtl/matmul.sv Line: 263
Info (12127): Elaborating entity "matmul_4x4_systolic" for the top level hierarchy
Warning (10230): Verilog HDL assignment warning at matmul.sv(100): truncated value with size 32 to match size of target (8) File: C:/Shubham/MS/Research/projects/lab3/rtl/matmul.sv Line: 100
Warning (10230): Verilog HDL assignment warning at matmul.sv(113): truncated value with size 32 to match size of target (8) File: C:/Shubham/MS/Research/projects/lab3/rtl/matmul.sv Line: 113
Warning (10230): Verilog HDL assignment warning at matmul.sv(116): truncated value with size 32 to match size of target (8) File: C:/Shubham/MS/Research/projects/lab3/rtl/matmul.sv Line: 116
Warning (10230): Verilog HDL assignment warning at matmul.sv(120): truncated value with size 32 to match size of target (8) File: C:/Shubham/MS/Research/projects/lab3/rtl/matmul.sv Line: 120
Info (12128): Elaborating entity "systolic_data_setup" for hierarchy "systolic_data_setup:u_systolic_data_setup" File: C:/Shubham/MS/Research/projects/lab3/rtl/matmul.sv Line: 176
Warning (10230): Verilog HDL assignment warning at matmul.sv(566): truncated value with size 32 to match size of target (8) File: C:/Shubham/MS/Research/projects/lab3/rtl/matmul.sv Line: 566
Warning (10230): Verilog HDL assignment warning at matmul.sv(647): truncated value with size 32 to match size of target (8) File: C:/Shubham/MS/Research/projects/lab3/rtl/matmul.sv Line: 647
Info (12128): Elaborating entity "output_logic" for hierarchy "output_logic:u_output_logic" File: C:/Shubham/MS/Research/projects/lab3/rtl/matmul.sv Line: 281
Info (12128): Elaborating entity "systolic_pe_matrix" for hierarchy "systolic_pe_matrix:u_systolic_pe_matrix" File: C:/Shubham/MS/Research/projects/lab3/rtl/matmul.sv Line: 317
Info (12128): Elaborating entity "processing_element" for hierarchy "systolic_pe_matrix:u_systolic_pe_matrix|processing_element:pe00" File: C:/Shubham/MS/Research/projects/lab3/rtl/matmul.sv Line: 789
Info (12128): Elaborating entity "MAC_E3M4" for hierarchy "systolic_pe_matrix:u_systolic_pe_matrix|processing_element:pe00|MAC_E3M4:mac_unit" File: C:/Shubham/MS/Research/projects/lab3/rtl/matmul.sv Line: 852
Info (12128): Elaborating entity "FPMult8_E3M4" for hierarchy "systolic_pe_matrix:u_systolic_pe_matrix|processing_element:pe00|MAC_E3M4:mac_unit|FPMult8_E3M4:mult_i" File: C:/Shubham/MS/Research/projects/lab3/rtl/matmul.sv Line: 912
Warning (10036): Verilog HDL or VHDL warning at matmul.sv(1243): object "RoundM" assigned a value but never read File: C:/Shubham/MS/Research/projects/lab3/rtl/matmul.sv Line: 1243
Warning (10230): Verilog HDL assignment warning at matmul.sv(1247): truncated value with size 32 to match size of target (4) File: C:/Shubham/MS/Research/projects/lab3/rtl/matmul.sv Line: 1247
Warning (10230): Verilog HDL assignment warning at matmul.sv(1248): truncated value with size 32 to match size of target (4) File: C:/Shubham/MS/Research/projects/lab3/rtl/matmul.sv Line: 1248
Info (12128): Elaborating entity "FPAddSub_E3M4" for hierarchy "systolic_pe_matrix:u_systolic_pe_matrix|processing_element:pe00|MAC_E3M4:mac_unit|FPAddSub_E3M4:add_i" File: C:/Shubham/MS/Research/projects/lab3/rtl/matmul.sv Line: 930
Warning (10230): Verilog HDL assignment warning at matmul.sv(1021): truncated value with size 32 to match size of target (4) File: C:/Shubham/MS/Research/projects/lab3/rtl/matmul.sv Line: 1021
Warning (10230): Verilog HDL assignment warning at matmul.sv(1022): truncated value with size 32 to match size of target (4) File: C:/Shubham/MS/Research/projects/lab3/rtl/matmul.sv Line: 1022
Info (286030): Timing-Driven Synthesis is running
Info (16010): Generating hard_block partition "hard_block:auto_generated_inst"
    Info (16011): Adding 0 node(s), including 0 DDIO, 0 PLL, 0 transceiver and 0 LCELL
Critical Warning (15725): clock port is fed by virtual pin "clk~input"; timing analysis treats input to the clock port as a ripple clock
Info (15717): Design contains 382 virtual pins; timing numbers associated with paths containing virtual pins are estimates
    Info (15719): Pin "done_mat_mul" is virtual output pin File: C:/Shubham/MS/Research/projects/lab3/rtl/matmul.sv Line: 54
    Info (15719): Pin "c_data_out[0]" is virtual output pin File: C:/Shubham/MS/Research/projects/lab3/rtl/matmul.sv Line: 66
    Info (15719): Pin "c_data_out[1]" is virtual output pin File: C:/Shubham/MS/Research/projects/lab3/rtl/matmul.sv Line: 66
    Info (15719): Pin "c_data_out[2]" is virtual output pin File: C:/Shubham/MS/Research/projects/lab3/rtl/matmul.sv Line: 66
    Info (15719): Pin "c_data_out[3]" is virtual output pin File: C:/Shubham/MS/Research/projects/lab3/rtl/matmul.sv Line: 66
    Info (15719): Pin "c_data_out[4]" is virtual output pin File: C:/Shubham/MS/Research/projects/lab3/rtl/matmul.sv Line: 66
    Info (15719): Pin "c_data_out[5]" is virtual output pin File: C:/Shubham/MS/Research/projects/lab3/rtl/matmul.sv Line: 66
    Info (15719): Pin "c_data_out[6]" is virtual output pin File: C:/Shubham/MS/Research/projects/lab3/rtl/matmul.sv Line: 66
    Info (15719): Pin "c_data_out[7]" is virtual output pin File: C:/Shubham/MS/Research/projects/lab3/rtl/matmul.sv Line: 66
    Info (15719): Pin "c_data_out[8]" is virtual output pin File: C:/Shubham/MS/Research/projects/lab3/rtl/matmul.sv Line: 66
    Info (15719): Pin "c_data_out[9]" is virtual output pin File: C:/Shubham/MS/Research/projects/lab3/rtl/matmul.sv Line: 66
    Info (15719): Pin "c_data_out[10]" is virtual output pin File: C:/Shubham/MS/Research/projects/lab3/rtl/matmul.sv Line: 66
    Info (15719): Pin "c_data_out[11]" is virtual output pin File: C:/Shubham/MS/Research/projects/lab3/rtl/matmul.sv Line: 66
    Info (15719): Pin "c_data_out[12]" is virtual output pin File: C:/Shubham/MS/Research/projects/lab3/rtl/matmul.sv Line: 66
    Info (15719): Pin "c_data_out[13]" is virtual output pin File: C:/Shubham/MS/Research/projects/lab3/rtl/matmul.sv Line: 66
    Info (15719): Pin "c_data_out[14]" is virtual output pin File: C:/Shubham/MS/Research/projects/lab3/rtl/matmul.sv Line: 66
    Info (15719): Pin "c_data_out[15]" is virtual output pin File: C:/Shubham/MS/Research/projects/lab3/rtl/matmul.sv Line: 66
    Info (15719): Pin "c_data_out[16]" is virtual output pin File: C:/Shubham/MS/Research/projects/lab3/rtl/matmul.sv Line: 66
    Info (15719): Pin "c_data_out[17]" is virtual output pin File: C:/Shubham/MS/Research/projects/lab3/rtl/matmul.sv Line: 66
    Info (15719): Pin "c_data_out[18]" is virtual output pin File: C:/Shubham/MS/Research/projects/lab3/rtl/matmul.sv Line: 66
    Info (15719): Pin "c_data_out[19]" is virtual output pin File: C:/Shubham/MS/Research/projects/lab3/rtl/matmul.sv Line: 66
    Info (15719): Pin "c_data_out[20]" is virtual output pin File: C:/Shubham/MS/Research/projects/lab3/rtl/matmul.sv Line: 66
    Info (15719): Pin "c_data_out[21]" is virtual output pin File: C:/Shubham/MS/Research/projects/lab3/rtl/matmul.sv Line: 66
    Info (15719): Pin "c_data_out[22]" is virtual output pin File: C:/Shubham/MS/Research/projects/lab3/rtl/matmul.sv Line: 66
    Info (15719): Pin "c_data_out[23]" is virtual output pin File: C:/Shubham/MS/Research/projects/lab3/rtl/matmul.sv Line: 66
    Info (15719): Pin "c_data_out[24]" is virtual output pin File: C:/Shubham/MS/Research/projects/lab3/rtl/matmul.sv Line: 66
    Info (15719): Pin "c_data_out[25]" is virtual output pin File: C:/Shubham/MS/Research/projects/lab3/rtl/matmul.sv Line: 66
    Info (15719): Pin "c_data_out[26]" is virtual output pin File: C:/Shubham/MS/Research/projects/lab3/rtl/matmul.sv Line: 66
    Info (15719): Pin "c_data_out[27]" is virtual output pin File: C:/Shubham/MS/Research/projects/lab3/rtl/matmul.sv Line: 66
    Info (15719): Pin "c_data_out[28]" is virtual output pin File: C:/Shubham/MS/Research/projects/lab3/rtl/matmul.sv Line: 66
    Info (15719): Pin "c_data_out[29]" is virtual output pin File: C:/Shubham/MS/Research/projects/lab3/rtl/matmul.sv Line: 66
    Info (15719): Pin "c_data_out[30]" is virtual output pin File: C:/Shubham/MS/Research/projects/lab3/rtl/matmul.sv Line: 66
    Info (15719): Pin "c_data_out[31]" is virtual output pin File: C:/Shubham/MS/Research/projects/lab3/rtl/matmul.sv Line: 66
    Info (15719): Pin "a_data_out[0]" is virtual output pin File: C:/Shubham/MS/Research/projects/lab3/rtl/matmul.sv Line: 67
    Info (15719): Pin "a_data_out[1]" is virtual output pin File: C:/Shubham/MS/Research/projects/lab3/rtl/matmul.sv Line: 67
    Info (15719): Pin "a_data_out[2]" is virtual output pin File: C:/Shubham/MS/Research/projects/lab3/rtl/matmul.sv Line: 67
    Info (15719): Pin "a_data_out[3]" is virtual output pin File: C:/Shubham/MS/Research/projects/lab3/rtl/matmul.sv Line: 67
    Info (15719): Pin "a_data_out[4]" is virtual output pin File: C:/Shubham/MS/Research/projects/lab3/rtl/matmul.sv Line: 67
    Info (15719): Pin "a_data_out[5]" is virtual output pin File: C:/Shubham/MS/Research/projects/lab3/rtl/matmul.sv Line: 67
    Info (15719): Pin "a_data_out[6]" is virtual output pin File: C:/Shubham/MS/Research/projects/lab3/rtl/matmul.sv Line: 67
    Info (15719): Pin "a_data_out[7]" is virtual output pin File: C:/Shubham/MS/Research/projects/lab3/rtl/matmul.sv Line: 67
    Info (15719): Pin "a_data_out[8]" is virtual output pin File: C:/Shubham/MS/Research/projects/lab3/rtl/matmul.sv Line: 67
    Info (15719): Pin "a_data_out[9]" is virtual output pin File: C:/Shubham/MS/Research/projects/lab3/rtl/matmul.sv Line: 67
    Info (15719): Pin "a_data_out[10]" is virtual output pin File: C:/Shubham/MS/Research/projects/lab3/rtl/matmul.sv Line: 67
    Info (15719): Pin "a_data_out[11]" is virtual output pin File: C:/Shubham/MS/Research/projects/lab3/rtl/matmul.sv Line: 67
    Info (15719): Pin "a_data_out[12]" is virtual output pin File: C:/Shubham/MS/Research/projects/lab3/rtl/matmul.sv Line: 67
    Info (15719): Pin "a_data_out[13]" is virtual output pin File: C:/Shubham/MS/Research/projects/lab3/rtl/matmul.sv Line: 67
    Info (15719): Pin "a_data_out[14]" is virtual output pin File: C:/Shubham/MS/Research/projects/lab3/rtl/matmul.sv Line: 67
    Info (15719): Pin "a_data_out[15]" is virtual output pin File: C:/Shubham/MS/Research/projects/lab3/rtl/matmul.sv Line: 67
    Info (15719): Pin "a_data_out[16]" is virtual output pin File: C:/Shubham/MS/Research/projects/lab3/rtl/matmul.sv Line: 67
    Info (15719): Pin "a_data_out[17]" is virtual output pin File: C:/Shubham/MS/Research/projects/lab3/rtl/matmul.sv Line: 67
    Info (15719): Pin "a_data_out[18]" is virtual output pin File: C:/Shubham/MS/Research/projects/lab3/rtl/matmul.sv Line: 67
    Info (15719): Pin "a_data_out[19]" is virtual output pin File: C:/Shubham/MS/Research/projects/lab3/rtl/matmul.sv Line: 67
    Info (15719): Pin "a_data_out[20]" is virtual output pin File: C:/Shubham/MS/Research/projects/lab3/rtl/matmul.sv Line: 67
    Info (15719): Pin "a_data_out[21]" is virtual output pin File: C:/Shubham/MS/Research/projects/lab3/rtl/matmul.sv Line: 67
    Info (15719): Pin "a_data_out[22]" is virtual output pin File: C:/Shubham/MS/Research/projects/lab3/rtl/matmul.sv Line: 67
    Info (15719): Pin "a_data_out[23]" is virtual output pin File: C:/Shubham/MS/Research/projects/lab3/rtl/matmul.sv Line: 67
    Info (15719): Pin "a_data_out[24]" is virtual output pin File: C:/Shubham/MS/Research/projects/lab3/rtl/matmul.sv Line: 67
    Info (15719): Pin "a_data_out[25]" is virtual output pin File: C:/Shubham/MS/Research/projects/lab3/rtl/matmul.sv Line: 67
    Info (15719): Pin "a_data_out[26]" is virtual output pin File: C:/Shubham/MS/Research/projects/lab3/rtl/matmul.sv Line: 67
    Info (15719): Pin "a_data_out[27]" is virtual output pin File: C:/Shubham/MS/Research/projects/lab3/rtl/matmul.sv Line: 67
    Info (15719): Pin "a_data_out[28]" is virtual output pin File: C:/Shubham/MS/Research/projects/lab3/rtl/matmul.sv Line: 67
    Info (15719): Pin "a_data_out[29]" is virtual output pin File: C:/Shubham/MS/Research/projects/lab3/rtl/matmul.sv Line: 67
    Info (15719): Pin "a_data_out[30]" is virtual output pin File: C:/Shubham/MS/Research/projects/lab3/rtl/matmul.sv Line: 67
    Info (15719): Pin "a_data_out[31]" is virtual output pin File: C:/Shubham/MS/Research/projects/lab3/rtl/matmul.sv Line: 67
    Info (15719): Pin "b_data_out[0]" is virtual output pin File: C:/Shubham/MS/Research/projects/lab3/rtl/matmul.sv Line: 68
    Info (15719): Pin "b_data_out[1]" is virtual output pin File: C:/Shubham/MS/Research/projects/lab3/rtl/matmul.sv Line: 68
    Info (15719): Pin "b_data_out[2]" is virtual output pin File: C:/Shubham/MS/Research/projects/lab3/rtl/matmul.sv Line: 68
    Info (15719): Pin "b_data_out[3]" is virtual output pin File: C:/Shubham/MS/Research/projects/lab3/rtl/matmul.sv Line: 68
    Info (15719): Pin "b_data_out[4]" is virtual output pin File: C:/Shubham/MS/Research/projects/lab3/rtl/matmul.sv Line: 68
    Info (15719): Pin "b_data_out[5]" is virtual output pin File: C:/Shubham/MS/Research/projects/lab3/rtl/matmul.sv Line: 68
    Info (15719): Pin "b_data_out[6]" is virtual output pin File: C:/Shubham/MS/Research/projects/lab3/rtl/matmul.sv Line: 68
    Info (15719): Pin "b_data_out[7]" is virtual output pin File: C:/Shubham/MS/Research/projects/lab3/rtl/matmul.sv Line: 68
    Info (15719): Pin "b_data_out[8]" is virtual output pin File: C:/Shubham/MS/Research/projects/lab3/rtl/matmul.sv Line: 68
    Info (15719): Pin "b_data_out[9]" is virtual output pin File: C:/Shubham/MS/Research/projects/lab3/rtl/matmul.sv Line: 68
    Info (15719): Pin "b_data_out[10]" is virtual output pin File: C:/Shubham/MS/Research/projects/lab3/rtl/matmul.sv Line: 68
    Info (15719): Pin "b_data_out[11]" is virtual output pin File: C:/Shubham/MS/Research/projects/lab3/rtl/matmul.sv Line: 68
    Info (15719): Pin "b_data_out[12]" is virtual output pin File: C:/Shubham/MS/Research/projects/lab3/rtl/matmul.sv Line: 68
    Info (15719): Pin "b_data_out[13]" is virtual output pin File: C:/Shubham/MS/Research/projects/lab3/rtl/matmul.sv Line: 68
    Info (15719): Pin "b_data_out[14]" is virtual output pin File: C:/Shubham/MS/Research/projects/lab3/rtl/matmul.sv Line: 68
    Info (15719): Pin "b_data_out[15]" is virtual output pin File: C:/Shubham/MS/Research/projects/lab3/rtl/matmul.sv Line: 68
    Info (15719): Pin "b_data_out[16]" is virtual output pin File: C:/Shubham/MS/Research/projects/lab3/rtl/matmul.sv Line: 68
    Info (15719): Pin "b_data_out[17]" is virtual output pin File: C:/Shubham/MS/Research/projects/lab3/rtl/matmul.sv Line: 68
    Info (15719): Pin "b_data_out[18]" is virtual output pin File: C:/Shubham/MS/Research/projects/lab3/rtl/matmul.sv Line: 68
    Info (15719): Pin "b_data_out[19]" is virtual output pin File: C:/Shubham/MS/Research/projects/lab3/rtl/matmul.sv Line: 68
    Info (15719): Pin "b_data_out[20]" is virtual output pin File: C:/Shubham/MS/Research/projects/lab3/rtl/matmul.sv Line: 68
    Info (15719): Pin "b_data_out[21]" is virtual output pin File: C:/Shubham/MS/Research/projects/lab3/rtl/matmul.sv Line: 68
    Info (15719): Pin "b_data_out[22]" is virtual output pin File: C:/Shubham/MS/Research/projects/lab3/rtl/matmul.sv Line: 68
    Info (15719): Pin "b_data_out[23]" is virtual output pin File: C:/Shubham/MS/Research/projects/lab3/rtl/matmul.sv Line: 68
    Info (15719): Pin "b_data_out[24]" is virtual output pin File: C:/Shubham/MS/Research/projects/lab3/rtl/matmul.sv Line: 68
    Info (15719): Pin "b_data_out[25]" is virtual output pin File: C:/Shubham/MS/Research/projects/lab3/rtl/matmul.sv Line: 68
    Info (15719): Pin "b_data_out[26]" is virtual output pin File: C:/Shubham/MS/Research/projects/lab3/rtl/matmul.sv Line: 68
    Info (15719): Pin "b_data_out[27]" is virtual output pin File: C:/Shubham/MS/Research/projects/lab3/rtl/matmul.sv Line: 68
    Info (15719): Pin "b_data_out[28]" is virtual output pin File: C:/Shubham/MS/Research/projects/lab3/rtl/matmul.sv Line: 68
    Info (15719): Pin "b_data_out[29]" is virtual output pin File: C:/Shubham/MS/Research/projects/lab3/rtl/matmul.sv Line: 68
    Info (15719): Pin "b_data_out[30]" is virtual output pin File: C:/Shubham/MS/Research/projects/lab3/rtl/matmul.sv Line: 68
    Info (15719): Pin "b_data_out[31]" is virtual output pin File: C:/Shubham/MS/Research/projects/lab3/rtl/matmul.sv Line: 68
    Info (15719): Pin "a_addr[0]" is virtual output pin File: C:/Shubham/MS/Research/projects/lab3/rtl/matmul.sv Line: 69
    Info (15719): Pin "a_addr[1]" is virtual output pin File: C:/Shubham/MS/Research/projects/lab3/rtl/matmul.sv Line: 69
    Info (15719): Pin "a_addr[2]" is virtual output pin File: C:/Shubham/MS/Research/projects/lab3/rtl/matmul.sv Line: 69
    Info (15719): Pin "a_addr[3]" is virtual output pin File: C:/Shubham/MS/Research/projects/lab3/rtl/matmul.sv Line: 69
    Info (15719): Pin "a_addr[4]" is virtual output pin File: C:/Shubham/MS/Research/projects/lab3/rtl/matmul.sv Line: 69
    Info (15719): Pin "a_addr[5]" is virtual output pin File: C:/Shubham/MS/Research/projects/lab3/rtl/matmul.sv Line: 69
    Info (15719): Pin "a_addr[6]" is virtual output pin File: C:/Shubham/MS/Research/projects/lab3/rtl/matmul.sv Line: 69
    Info (15719): Pin "a_addr[7]" is virtual output pin File: C:/Shubham/MS/Research/projects/lab3/rtl/matmul.sv Line: 69
    Info (15719): Pin "a_addr[8]" is virtual output pin File: C:/Shubham/MS/Research/projects/lab3/rtl/matmul.sv Line: 69
    Info (15719): Pin "a_addr[9]" is virtual output pin File: C:/Shubham/MS/Research/projects/lab3/rtl/matmul.sv Line: 69
    Info (15719): Pin "b_addr[0]" is virtual output pin File: C:/Shubham/MS/Research/projects/lab3/rtl/matmul.sv Line: 70
    Info (15719): Pin "b_addr[1]" is virtual output pin File: C:/Shubham/MS/Research/projects/lab3/rtl/matmul.sv Line: 70
    Info (15719): Pin "b_addr[2]" is virtual output pin File: C:/Shubham/MS/Research/projects/lab3/rtl/matmul.sv Line: 70
    Info (15719): Pin "b_addr[3]" is virtual output pin File: C:/Shubham/MS/Research/projects/lab3/rtl/matmul.sv Line: 70
    Info (15719): Pin "b_addr[4]" is virtual output pin File: C:/Shubham/MS/Research/projects/lab3/rtl/matmul.sv Line: 70
    Info (15719): Pin "b_addr[5]" is virtual output pin File: C:/Shubham/MS/Research/projects/lab3/rtl/matmul.sv Line: 70
    Info (15719): Pin "b_addr[6]" is virtual output pin File: C:/Shubham/MS/Research/projects/lab3/rtl/matmul.sv Line: 70
    Info (15719): Pin "b_addr[7]" is virtual output pin File: C:/Shubham/MS/Research/projects/lab3/rtl/matmul.sv Line: 70
    Info (15719): Pin "b_addr[8]" is virtual output pin File: C:/Shubham/MS/Research/projects/lab3/rtl/matmul.sv Line: 70
    Info (15719): Pin "b_addr[9]" is virtual output pin File: C:/Shubham/MS/Research/projects/lab3/rtl/matmul.sv Line: 70
    Info (15719): Pin "c_addr[0]" is virtual output pin File: C:/Shubham/MS/Research/projects/lab3/rtl/matmul.sv Line: 71
    Info (15719): Pin "c_addr[1]" is virtual output pin File: C:/Shubham/MS/Research/projects/lab3/rtl/matmul.sv Line: 71
    Info (15719): Pin "c_addr[2]" is virtual output pin File: C:/Shubham/MS/Research/projects/lab3/rtl/matmul.sv Line: 71
    Info (15719): Pin "c_addr[3]" is virtual output pin File: C:/Shubham/MS/Research/projects/lab3/rtl/matmul.sv Line: 71
    Info (15719): Pin "c_addr[4]" is virtual output pin File: C:/Shubham/MS/Research/projects/lab3/rtl/matmul.sv Line: 71
    Info (15719): Pin "c_addr[5]" is virtual output pin File: C:/Shubham/MS/Research/projects/lab3/rtl/matmul.sv Line: 71
    Info (15719): Pin "c_addr[6]" is virtual output pin File: C:/Shubham/MS/Research/projects/lab3/rtl/matmul.sv Line: 71
    Info (15719): Pin "c_addr[7]" is virtual output pin File: C:/Shubham/MS/Research/projects/lab3/rtl/matmul.sv Line: 71
    Info (15719): Pin "c_addr[8]" is virtual output pin File: C:/Shubham/MS/Research/projects/lab3/rtl/matmul.sv Line: 71
    Info (15719): Pin "c_addr[9]" is virtual output pin File: C:/Shubham/MS/Research/projects/lab3/rtl/matmul.sv Line: 71
    Info (15719): Pin "c_data_available" is virtual output pin File: C:/Shubham/MS/Research/projects/lab3/rtl/matmul.sv Line: 72
    Info (15718): Pin "clk" is virtual input pin File: C:/Shubham/MS/Research/projects/lab3/rtl/matmul.sv Line: 50
    Info (15718): Pin "reset" is virtual input pin File: C:/Shubham/MS/Research/projects/lab3/rtl/matmul.sv Line: 51
    Info (15718): Pin "start_mat_mul" is virtual input pin File: C:/Shubham/MS/Research/projects/lab3/rtl/matmul.sv Line: 53
    Info (15718): Pin "pe_reset" is virtual input pin File: C:/Shubham/MS/Research/projects/lab3/rtl/matmul.sv Line: 52
    Info (15718): Pin "final_mat_mul_size[0]" is virtual input pin File: C:/Shubham/MS/Research/projects/lab3/rtl/matmul.sv Line: 79
    Info (15718): Pin "final_mat_mul_size[1]" is virtual input pin File: C:/Shubham/MS/Research/projects/lab3/rtl/matmul.sv Line: 79
    Info (15718): Pin "a_loc[5]" is virtual input pin File: C:/Shubham/MS/Research/projects/lab3/rtl/matmul.sv Line: 80
    Info (15718): Pin "a_loc[4]" is virtual input pin File: C:/Shubham/MS/Research/projects/lab3/rtl/matmul.sv Line: 80
    Info (15718): Pin "a_loc[3]" is virtual input pin File: C:/Shubham/MS/Research/projects/lab3/rtl/matmul.sv Line: 80
    Info (15718): Pin "a_loc[2]" is virtual input pin File: C:/Shubham/MS/Research/projects/lab3/rtl/matmul.sv Line: 80
    Info (15718): Pin "a_loc[1]" is virtual input pin File: C:/Shubham/MS/Research/projects/lab3/rtl/matmul.sv Line: 80
    Info (15718): Pin "a_loc[0]" is virtual input pin File: C:/Shubham/MS/Research/projects/lab3/rtl/matmul.sv Line: 80
    Info (15718): Pin "b_loc[5]" is virtual input pin File: C:/Shubham/MS/Research/projects/lab3/rtl/matmul.sv Line: 81
    Info (15718): Pin "b_loc[4]" is virtual input pin File: C:/Shubham/MS/Research/projects/lab3/rtl/matmul.sv Line: 81
    Info (15718): Pin "b_loc[3]" is virtual input pin File: C:/Shubham/MS/Research/projects/lab3/rtl/matmul.sv Line: 81
    Info (15718): Pin "b_loc[2]" is virtual input pin File: C:/Shubham/MS/Research/projects/lab3/rtl/matmul.sv Line: 81
    Info (15718): Pin "b_loc[1]" is virtual input pin File: C:/Shubham/MS/Research/projects/lab3/rtl/matmul.sv Line: 81
    Info (15718): Pin "b_loc[0]" is virtual input pin File: C:/Shubham/MS/Research/projects/lab3/rtl/matmul.sv Line: 81
    Info (15718): Pin "address_stride_a[0]" is virtual input pin File: C:/Shubham/MS/Research/projects/lab3/rtl/matmul.sv Line: 58
    Info (15718): Pin "address_mat_a[0]" is virtual input pin File: C:/Shubham/MS/Research/projects/lab3/rtl/matmul.sv Line: 55
    Info (15718): Pin "final_mat_mul_size[7]" is virtual input pin File: C:/Shubham/MS/Research/projects/lab3/rtl/matmul.sv Line: 79
    Info (15718): Pin "final_mat_mul_size[6]" is virtual input pin File: C:/Shubham/MS/Research/projects/lab3/rtl/matmul.sv Line: 79
    Info (15718): Pin "final_mat_mul_size[5]" is virtual input pin File: C:/Shubham/MS/Research/projects/lab3/rtl/matmul.sv Line: 79
    Info (15718): Pin "final_mat_mul_size[4]" is virtual input pin File: C:/Shubham/MS/Research/projects/lab3/rtl/matmul.sv Line: 79
    Info (15718): Pin "final_mat_mul_size[3]" is virtual input pin File: C:/Shubham/MS/Research/projects/lab3/rtl/matmul.sv Line: 79
    Info (15718): Pin "final_mat_mul_size[2]" is virtual input pin File: C:/Shubham/MS/Research/projects/lab3/rtl/matmul.sv Line: 79
    Info (15718): Pin "address_stride_a[1]" is virtual input pin File: C:/Shubham/MS/Research/projects/lab3/rtl/matmul.sv Line: 58
    Info (15718): Pin "address_mat_a[1]" is virtual input pin File: C:/Shubham/MS/Research/projects/lab3/rtl/matmul.sv Line: 55
    Info (15718): Pin "address_stride_a[2]" is virtual input pin File: C:/Shubham/MS/Research/projects/lab3/rtl/matmul.sv Line: 58
    Info (15718): Pin "address_mat_a[2]" is virtual input pin File: C:/Shubham/MS/Research/projects/lab3/rtl/matmul.sv Line: 55
    Info (15718): Pin "address_stride_a[3]" is virtual input pin File: C:/Shubham/MS/Research/projects/lab3/rtl/matmul.sv Line: 58
    Info (15718): Pin "address_mat_a[3]" is virtual input pin File: C:/Shubham/MS/Research/projects/lab3/rtl/matmul.sv Line: 55
    Info (15718): Pin "address_stride_a[4]" is virtual input pin File: C:/Shubham/MS/Research/projects/lab3/rtl/matmul.sv Line: 58
    Info (15718): Pin "address_mat_a[4]" is virtual input pin File: C:/Shubham/MS/Research/projects/lab3/rtl/matmul.sv Line: 55
    Info (15718): Pin "address_stride_a[5]" is virtual input pin File: C:/Shubham/MS/Research/projects/lab3/rtl/matmul.sv Line: 58
    Info (15718): Pin "address_mat_a[5]" is virtual input pin File: C:/Shubham/MS/Research/projects/lab3/rtl/matmul.sv Line: 55
    Info (15718): Pin "address_stride_a[6]" is virtual input pin File: C:/Shubham/MS/Research/projects/lab3/rtl/matmul.sv Line: 58
    Info (15718): Pin "address_mat_a[6]" is virtual input pin File: C:/Shubham/MS/Research/projects/lab3/rtl/matmul.sv Line: 55
    Info (15718): Pin "address_stride_a[7]" is virtual input pin File: C:/Shubham/MS/Research/projects/lab3/rtl/matmul.sv Line: 58
    Info (15718): Pin "address_mat_a[7]" is virtual input pin File: C:/Shubham/MS/Research/projects/lab3/rtl/matmul.sv Line: 55
    Info (15718): Pin "address_mat_a[8]" is virtual input pin File: C:/Shubham/MS/Research/projects/lab3/rtl/matmul.sv Line: 55
    Info (15718): Pin "address_mat_a[9]" is virtual input pin File: C:/Shubham/MS/Research/projects/lab3/rtl/matmul.sv Line: 55
    Info (15718): Pin "address_stride_b[0]" is virtual input pin File: C:/Shubham/MS/Research/projects/lab3/rtl/matmul.sv Line: 59
    Info (15718): Pin "address_mat_b[0]" is virtual input pin File: C:/Shubham/MS/Research/projects/lab3/rtl/matmul.sv Line: 56
    Info (15718): Pin "address_stride_b[1]" is virtual input pin File: C:/Shubham/MS/Research/projects/lab3/rtl/matmul.sv Line: 59
    Info (15718): Pin "address_mat_b[1]" is virtual input pin File: C:/Shubham/MS/Research/projects/lab3/rtl/matmul.sv Line: 56
    Info (15718): Pin "address_stride_b[2]" is virtual input pin File: C:/Shubham/MS/Research/projects/lab3/rtl/matmul.sv Line: 59
    Info (15718): Pin "address_mat_b[2]" is virtual input pin File: C:/Shubham/MS/Research/projects/lab3/rtl/matmul.sv Line: 56
    Info (15718): Pin "address_stride_b[3]" is virtual input pin File: C:/Shubham/MS/Research/projects/lab3/rtl/matmul.sv Line: 59
    Info (15718): Pin "address_mat_b[3]" is virtual input pin File: C:/Shubham/MS/Research/projects/lab3/rtl/matmul.sv Line: 56
    Info (15718): Pin "address_stride_b[4]" is virtual input pin File: C:/Shubham/MS/Research/projects/lab3/rtl/matmul.sv Line: 59
    Info (15718): Pin "address_mat_b[4]" is virtual input pin File: C:/Shubham/MS/Research/projects/lab3/rtl/matmul.sv Line: 56
    Info (15718): Pin "address_stride_b[5]" is virtual input pin File: C:/Shubham/MS/Research/projects/lab3/rtl/matmul.sv Line: 59
    Info (15718): Pin "address_mat_b[5]" is virtual input pin File: C:/Shubham/MS/Research/projects/lab3/rtl/matmul.sv Line: 56
    Info (15718): Pin "address_stride_b[6]" is virtual input pin File: C:/Shubham/MS/Research/projects/lab3/rtl/matmul.sv Line: 59
    Info (15718): Pin "address_mat_b[6]" is virtual input pin File: C:/Shubham/MS/Research/projects/lab3/rtl/matmul.sv Line: 56
    Info (15718): Pin "address_stride_b[7]" is virtual input pin File: C:/Shubham/MS/Research/projects/lab3/rtl/matmul.sv Line: 59
    Info (15718): Pin "address_mat_b[7]" is virtual input pin File: C:/Shubham/MS/Research/projects/lab3/rtl/matmul.sv Line: 56
    Info (15718): Pin "address_mat_b[8]" is virtual input pin File: C:/Shubham/MS/Research/projects/lab3/rtl/matmul.sv Line: 56
    Info (15718): Pin "address_mat_b[9]" is virtual input pin File: C:/Shubham/MS/Research/projects/lab3/rtl/matmul.sv Line: 56
    Info (15718): Pin "address_mat_c[0]" is virtual input pin File: C:/Shubham/MS/Research/projects/lab3/rtl/matmul.sv Line: 57
    Info (15718): Pin "address_stride_c[0]" is virtual input pin File: C:/Shubham/MS/Research/projects/lab3/rtl/matmul.sv Line: 60
    Info (15718): Pin "address_mat_c[1]" is virtual input pin File: C:/Shubham/MS/Research/projects/lab3/rtl/matmul.sv Line: 57
    Info (15718): Pin "address_stride_c[1]" is virtual input pin File: C:/Shubham/MS/Research/projects/lab3/rtl/matmul.sv Line: 60
    Info (15718): Pin "address_mat_c[2]" is virtual input pin File: C:/Shubham/MS/Research/projects/lab3/rtl/matmul.sv Line: 57
    Info (15718): Pin "address_stride_c[2]" is virtual input pin File: C:/Shubham/MS/Research/projects/lab3/rtl/matmul.sv Line: 60
    Info (15718): Pin "address_mat_c[3]" is virtual input pin File: C:/Shubham/MS/Research/projects/lab3/rtl/matmul.sv Line: 57
    Info (15718): Pin "address_stride_c[3]" is virtual input pin File: C:/Shubham/MS/Research/projects/lab3/rtl/matmul.sv Line: 60
    Info (15718): Pin "address_mat_c[4]" is virtual input pin File: C:/Shubham/MS/Research/projects/lab3/rtl/matmul.sv Line: 57
    Info (15718): Pin "address_stride_c[4]" is virtual input pin File: C:/Shubham/MS/Research/projects/lab3/rtl/matmul.sv Line: 60
    Info (15718): Pin "address_mat_c[5]" is virtual input pin File: C:/Shubham/MS/Research/projects/lab3/rtl/matmul.sv Line: 57
    Info (15718): Pin "address_stride_c[5]" is virtual input pin File: C:/Shubham/MS/Research/projects/lab3/rtl/matmul.sv Line: 60
    Info (15718): Pin "address_mat_c[6]" is virtual input pin File: C:/Shubham/MS/Research/projects/lab3/rtl/matmul.sv Line: 57
    Info (15718): Pin "address_stride_c[6]" is virtual input pin File: C:/Shubham/MS/Research/projects/lab3/rtl/matmul.sv Line: 60
    Info (15718): Pin "address_mat_c[7]" is virtual input pin File: C:/Shubham/MS/Research/projects/lab3/rtl/matmul.sv Line: 57
    Info (15718): Pin "address_stride_c[7]" is virtual input pin File: C:/Shubham/MS/Research/projects/lab3/rtl/matmul.sv Line: 60
    Info (15718): Pin "address_mat_c[8]" is virtual input pin File: C:/Shubham/MS/Research/projects/lab3/rtl/matmul.sv Line: 57
    Info (15718): Pin "address_mat_c[9]" is virtual input pin File: C:/Shubham/MS/Research/projects/lab3/rtl/matmul.sv Line: 57
    Info (15718): Pin "b_data[6]" is virtual input pin File: C:/Shubham/MS/Research/projects/lab3/rtl/matmul.sv Line: 62
    Info (15718): Pin "validity_mask_b_cols[0]" is virtual input pin File: C:/Shubham/MS/Research/projects/lab3/rtl/matmul.sv Line: 75
    Info (15718): Pin "validity_mask_a_cols_b_rows[3]" is virtual input pin File: C:/Shubham/MS/Research/projects/lab3/rtl/matmul.sv Line: 74
    Info (15718): Pin "validity_mask_a_cols_b_rows[0]" is virtual input pin File: C:/Shubham/MS/Research/projects/lab3/rtl/matmul.sv Line: 74
    Info (15718): Pin "validity_mask_a_cols_b_rows[1]" is virtual input pin File: C:/Shubham/MS/Research/projects/lab3/rtl/matmul.sv Line: 74
    Info (15718): Pin "validity_mask_a_cols_b_rows[2]" is virtual input pin File: C:/Shubham/MS/Research/projects/lab3/rtl/matmul.sv Line: 74
    Info (15718): Pin "b_data_in[6]" is virtual input pin File: C:/Shubham/MS/Research/projects/lab3/rtl/matmul.sv Line: 64
    Info (15718): Pin "a_loc[6]" is virtual input pin File: C:/Shubham/MS/Research/projects/lab3/rtl/matmul.sv Line: 80
    Info (15718): Pin "a_loc[7]" is virtual input pin File: C:/Shubham/MS/Research/projects/lab3/rtl/matmul.sv Line: 80
    Info (15718): Pin "b_data[5]" is virtual input pin File: C:/Shubham/MS/Research/projects/lab3/rtl/matmul.sv Line: 62
    Info (15718): Pin "b_data_in[5]" is virtual input pin File: C:/Shubham/MS/Research/projects/lab3/rtl/matmul.sv Line: 64
    Info (15718): Pin "b_data[4]" is virtual input pin File: C:/Shubham/MS/Research/projects/lab3/rtl/matmul.sv Line: 62
    Info (15718): Pin "b_data_in[4]" is virtual input pin File: C:/Shubham/MS/Research/projects/lab3/rtl/matmul.sv Line: 64
    Info (15718): Pin "a_data[6]" is virtual input pin File: C:/Shubham/MS/Research/projects/lab3/rtl/matmul.sv Line: 61
    Info (15718): Pin "validity_mask_a_rows[0]" is virtual input pin File: C:/Shubham/MS/Research/projects/lab3/rtl/matmul.sv Line: 73
    Info (15718): Pin "a_data_in[6]" is virtual input pin File: C:/Shubham/MS/Research/projects/lab3/rtl/matmul.sv Line: 63
    Info (15718): Pin "b_loc[6]" is virtual input pin File: C:/Shubham/MS/Research/projects/lab3/rtl/matmul.sv Line: 81
    Info (15718): Pin "b_loc[7]" is virtual input pin File: C:/Shubham/MS/Research/projects/lab3/rtl/matmul.sv Line: 81
    Info (15718): Pin "a_data[5]" is virtual input pin File: C:/Shubham/MS/Research/projects/lab3/rtl/matmul.sv Line: 61
    Info (15718): Pin "a_data_in[5]" is virtual input pin File: C:/Shubham/MS/Research/projects/lab3/rtl/matmul.sv Line: 63
    Info (15718): Pin "a_data[4]" is virtual input pin File: C:/Shubham/MS/Research/projects/lab3/rtl/matmul.sv Line: 61
    Info (15718): Pin "a_data_in[4]" is virtual input pin File: C:/Shubham/MS/Research/projects/lab3/rtl/matmul.sv Line: 63
    Info (15718): Pin "a_data[3]" is virtual input pin File: C:/Shubham/MS/Research/projects/lab3/rtl/matmul.sv Line: 61
    Info (15718): Pin "a_data_in[3]" is virtual input pin File: C:/Shubham/MS/Research/projects/lab3/rtl/matmul.sv Line: 63
    Info (15718): Pin "a_data[2]" is virtual input pin File: C:/Shubham/MS/Research/projects/lab3/rtl/matmul.sv Line: 61
    Info (15718): Pin "a_data_in[2]" is virtual input pin File: C:/Shubham/MS/Research/projects/lab3/rtl/matmul.sv Line: 63
    Info (15718): Pin "a_data[1]" is virtual input pin File: C:/Shubham/MS/Research/projects/lab3/rtl/matmul.sv Line: 61
    Info (15718): Pin "a_data_in[1]" is virtual input pin File: C:/Shubham/MS/Research/projects/lab3/rtl/matmul.sv Line: 63
    Info (15718): Pin "a_data[0]" is virtual input pin File: C:/Shubham/MS/Research/projects/lab3/rtl/matmul.sv Line: 61
    Info (15718): Pin "a_data_in[0]" is virtual input pin File: C:/Shubham/MS/Research/projects/lab3/rtl/matmul.sv Line: 63
    Info (15718): Pin "b_data[1]" is virtual input pin File: C:/Shubham/MS/Research/projects/lab3/rtl/matmul.sv Line: 62
    Info (15718): Pin "b_data_in[1]" is virtual input pin File: C:/Shubham/MS/Research/projects/lab3/rtl/matmul.sv Line: 64
    Info (15718): Pin "b_data[0]" is virtual input pin File: C:/Shubham/MS/Research/projects/lab3/rtl/matmul.sv Line: 62
    Info (15718): Pin "b_data_in[0]" is virtual input pin File: C:/Shubham/MS/Research/projects/lab3/rtl/matmul.sv Line: 64
    Info (15718): Pin "b_data[3]" is virtual input pin File: C:/Shubham/MS/Research/projects/lab3/rtl/matmul.sv Line: 62
    Info (15718): Pin "b_data_in[3]" is virtual input pin File: C:/Shubham/MS/Research/projects/lab3/rtl/matmul.sv Line: 64
    Info (15718): Pin "b_data[2]" is virtual input pin File: C:/Shubham/MS/Research/projects/lab3/rtl/matmul.sv Line: 62
    Info (15718): Pin "b_data_in[2]" is virtual input pin File: C:/Shubham/MS/Research/projects/lab3/rtl/matmul.sv Line: 64
    Info (15718): Pin "c_data_in[0]" is virtual input pin File: C:/Shubham/MS/Research/projects/lab3/rtl/matmul.sv Line: 65
    Info (15718): Pin "c_data_in[1]" is virtual input pin File: C:/Shubham/MS/Research/projects/lab3/rtl/matmul.sv Line: 65
    Info (15718): Pin "c_data_in[2]" is virtual input pin File: C:/Shubham/MS/Research/projects/lab3/rtl/matmul.sv Line: 65
    Info (15718): Pin "c_data_in[3]" is virtual input pin File: C:/Shubham/MS/Research/projects/lab3/rtl/matmul.sv Line: 65
    Info (15718): Pin "c_data_in[4]" is virtual input pin File: C:/Shubham/MS/Research/projects/lab3/rtl/matmul.sv Line: 65
    Info (15718): Pin "c_data_in[5]" is virtual input pin File: C:/Shubham/MS/Research/projects/lab3/rtl/matmul.sv Line: 65
    Info (15718): Pin "c_data_in[6]" is virtual input pin File: C:/Shubham/MS/Research/projects/lab3/rtl/matmul.sv Line: 65
    Info (15718): Pin "a_data[7]" is virtual input pin File: C:/Shubham/MS/Research/projects/lab3/rtl/matmul.sv Line: 61
    Info (15718): Pin "a_data_in[7]" is virtual input pin File: C:/Shubham/MS/Research/projects/lab3/rtl/matmul.sv Line: 63
    Info (15718): Pin "b_data[7]" is virtual input pin File: C:/Shubham/MS/Research/projects/lab3/rtl/matmul.sv Line: 62
    Info (15718): Pin "b_data_in[7]" is virtual input pin File: C:/Shubham/MS/Research/projects/lab3/rtl/matmul.sv Line: 64
    Info (15718): Pin "c_data_in[7]" is virtual input pin File: C:/Shubham/MS/Research/projects/lab3/rtl/matmul.sv Line: 65
    Info (15718): Pin "a_data_in[14]" is virtual input pin File: C:/Shubham/MS/Research/projects/lab3/rtl/matmul.sv Line: 63
    Info (15718): Pin "a_data_in[13]" is virtual input pin File: C:/Shubham/MS/Research/projects/lab3/rtl/matmul.sv Line: 63
    Info (15718): Pin "a_data_in[12]" is virtual input pin File: C:/Shubham/MS/Research/projects/lab3/rtl/matmul.sv Line: 63
    Info (15718): Pin "a_data_in[11]" is virtual input pin File: C:/Shubham/MS/Research/projects/lab3/rtl/matmul.sv Line: 63
    Info (15718): Pin "a_data_in[9]" is virtual input pin File: C:/Shubham/MS/Research/projects/lab3/rtl/matmul.sv Line: 63
    Info (15718): Pin "a_data_in[8]" is virtual input pin File: C:/Shubham/MS/Research/projects/lab3/rtl/matmul.sv Line: 63
    Info (15718): Pin "a_data_in[10]" is virtual input pin File: C:/Shubham/MS/Research/projects/lab3/rtl/matmul.sv Line: 63
    Info (15718): Pin "c_data_in[8]" is virtual input pin File: C:/Shubham/MS/Research/projects/lab3/rtl/matmul.sv Line: 65
    Info (15718): Pin "c_data_in[9]" is virtual input pin File: C:/Shubham/MS/Research/projects/lab3/rtl/matmul.sv Line: 65
    Info (15718): Pin "c_data_in[10]" is virtual input pin File: C:/Shubham/MS/Research/projects/lab3/rtl/matmul.sv Line: 65
    Info (15718): Pin "c_data_in[11]" is virtual input pin File: C:/Shubham/MS/Research/projects/lab3/rtl/matmul.sv Line: 65
    Info (15718): Pin "c_data_in[12]" is virtual input pin File: C:/Shubham/MS/Research/projects/lab3/rtl/matmul.sv Line: 65
    Info (15718): Pin "c_data_in[13]" is virtual input pin File: C:/Shubham/MS/Research/projects/lab3/rtl/matmul.sv Line: 65
    Info (15718): Pin "c_data_in[14]" is virtual input pin File: C:/Shubham/MS/Research/projects/lab3/rtl/matmul.sv Line: 65
    Info (15718): Pin "a_data_in[15]" is virtual input pin File: C:/Shubham/MS/Research/projects/lab3/rtl/matmul.sv Line: 63
    Info (15718): Pin "c_data_in[15]" is virtual input pin File: C:/Shubham/MS/Research/projects/lab3/rtl/matmul.sv Line: 65
    Info (15718): Pin "a_data_in[22]" is virtual input pin File: C:/Shubham/MS/Research/projects/lab3/rtl/matmul.sv Line: 63
    Info (15718): Pin "a_data_in[20]" is virtual input pin File: C:/Shubham/MS/Research/projects/lab3/rtl/matmul.sv Line: 63
    Info (15718): Pin "a_data_in[21]" is virtual input pin File: C:/Shubham/MS/Research/projects/lab3/rtl/matmul.sv Line: 63
    Info (15718): Pin "a_data_in[19]" is virtual input pin File: C:/Shubham/MS/Research/projects/lab3/rtl/matmul.sv Line: 63
    Info (15718): Pin "a_data_in[18]" is virtual input pin File: C:/Shubham/MS/Research/projects/lab3/rtl/matmul.sv Line: 63
    Info (15718): Pin "a_data_in[17]" is virtual input pin File: C:/Shubham/MS/Research/projects/lab3/rtl/matmul.sv Line: 63
    Info (15718): Pin "a_data_in[16]" is virtual input pin File: C:/Shubham/MS/Research/projects/lab3/rtl/matmul.sv Line: 63
    Info (15718): Pin "c_data_in[16]" is virtual input pin File: C:/Shubham/MS/Research/projects/lab3/rtl/matmul.sv Line: 65
    Info (15718): Pin "c_data_in[17]" is virtual input pin File: C:/Shubham/MS/Research/projects/lab3/rtl/matmul.sv Line: 65
    Info (15718): Pin "c_data_in[18]" is virtual input pin File: C:/Shubham/MS/Research/projects/lab3/rtl/matmul.sv Line: 65
    Info (15718): Pin "c_data_in[19]" is virtual input pin File: C:/Shubham/MS/Research/projects/lab3/rtl/matmul.sv Line: 65
    Info (15718): Pin "c_data_in[20]" is virtual input pin File: C:/Shubham/MS/Research/projects/lab3/rtl/matmul.sv Line: 65
    Info (15718): Pin "c_data_in[21]" is virtual input pin File: C:/Shubham/MS/Research/projects/lab3/rtl/matmul.sv Line: 65
    Info (15718): Pin "c_data_in[22]" is virtual input pin File: C:/Shubham/MS/Research/projects/lab3/rtl/matmul.sv Line: 65
    Info (15718): Pin "a_data_in[23]" is virtual input pin File: C:/Shubham/MS/Research/projects/lab3/rtl/matmul.sv Line: 63
    Info (15718): Pin "c_data_in[23]" is virtual input pin File: C:/Shubham/MS/Research/projects/lab3/rtl/matmul.sv Line: 65
    Info (15718): Pin "a_data_in[28]" is virtual input pin File: C:/Shubham/MS/Research/projects/lab3/rtl/matmul.sv Line: 63
    Info (15718): Pin "a_data_in[30]" is virtual input pin File: C:/Shubham/MS/Research/projects/lab3/rtl/matmul.sv Line: 63
    Info (15718): Pin "a_data_in[29]" is virtual input pin File: C:/Shubham/MS/Research/projects/lab3/rtl/matmul.sv Line: 63
    Info (15718): Pin "a_data_in[27]" is virtual input pin File: C:/Shubham/MS/Research/projects/lab3/rtl/matmul.sv Line: 63
    Info (15718): Pin "a_data_in[26]" is virtual input pin File: C:/Shubham/MS/Research/projects/lab3/rtl/matmul.sv Line: 63
    Info (15718): Pin "a_data_in[25]" is virtual input pin File: C:/Shubham/MS/Research/projects/lab3/rtl/matmul.sv Line: 63
    Info (15718): Pin "a_data_in[24]" is virtual input pin File: C:/Shubham/MS/Research/projects/lab3/rtl/matmul.sv Line: 63
    Info (15718): Pin "c_data_in[24]" is virtual input pin File: C:/Shubham/MS/Research/projects/lab3/rtl/matmul.sv Line: 65
    Info (15718): Pin "c_data_in[25]" is virtual input pin File: C:/Shubham/MS/Research/projects/lab3/rtl/matmul.sv Line: 65
    Info (15718): Pin "c_data_in[26]" is virtual input pin File: C:/Shubham/MS/Research/projects/lab3/rtl/matmul.sv Line: 65
    Info (15718): Pin "c_data_in[27]" is virtual input pin File: C:/Shubham/MS/Research/projects/lab3/rtl/matmul.sv Line: 65
    Info (15718): Pin "c_data_in[28]" is virtual input pin File: C:/Shubham/MS/Research/projects/lab3/rtl/matmul.sv Line: 65
    Info (15718): Pin "c_data_in[29]" is virtual input pin File: C:/Shubham/MS/Research/projects/lab3/rtl/matmul.sv Line: 65
    Info (15718): Pin "c_data_in[30]" is virtual input pin File: C:/Shubham/MS/Research/projects/lab3/rtl/matmul.sv Line: 65
    Info (15718): Pin "a_data_in[31]" is virtual input pin File: C:/Shubham/MS/Research/projects/lab3/rtl/matmul.sv Line: 63
    Info (15718): Pin "c_data_in[31]" is virtual input pin File: C:/Shubham/MS/Research/projects/lab3/rtl/matmul.sv Line: 65
    Info (15718): Pin "b_data_in[8]" is virtual input pin File: C:/Shubham/MS/Research/projects/lab3/rtl/matmul.sv Line: 64
    Info (15718): Pin "b_data_in[9]" is virtual input pin File: C:/Shubham/MS/Research/projects/lab3/rtl/matmul.sv Line: 64
    Info (15718): Pin "b_data_in[10]" is virtual input pin File: C:/Shubham/MS/Research/projects/lab3/rtl/matmul.sv Line: 64
    Info (15718): Pin "b_data_in[11]" is virtual input pin File: C:/Shubham/MS/Research/projects/lab3/rtl/matmul.sv Line: 64
    Info (15718): Pin "b_data_in[12]" is virtual input pin File: C:/Shubham/MS/Research/projects/lab3/rtl/matmul.sv Line: 64
    Info (15718): Pin "b_data_in[13]" is virtual input pin File: C:/Shubham/MS/Research/projects/lab3/rtl/matmul.sv Line: 64
    Info (15718): Pin "b_data_in[14]" is virtual input pin File: C:/Shubham/MS/Research/projects/lab3/rtl/matmul.sv Line: 64
    Info (15718): Pin "b_data_in[15]" is virtual input pin File: C:/Shubham/MS/Research/projects/lab3/rtl/matmul.sv Line: 64
    Info (15718): Pin "b_data_in[16]" is virtual input pin File: C:/Shubham/MS/Research/projects/lab3/rtl/matmul.sv Line: 64
    Info (15718): Pin "b_data_in[17]" is virtual input pin File: C:/Shubham/MS/Research/projects/lab3/rtl/matmul.sv Line: 64
    Info (15718): Pin "b_data_in[18]" is virtual input pin File: C:/Shubham/MS/Research/projects/lab3/rtl/matmul.sv Line: 64
    Info (15718): Pin "b_data_in[19]" is virtual input pin File: C:/Shubham/MS/Research/projects/lab3/rtl/matmul.sv Line: 64
    Info (15718): Pin "b_data_in[20]" is virtual input pin File: C:/Shubham/MS/Research/projects/lab3/rtl/matmul.sv Line: 64
    Info (15718): Pin "b_data_in[21]" is virtual input pin File: C:/Shubham/MS/Research/projects/lab3/rtl/matmul.sv Line: 64
    Info (15718): Pin "b_data_in[22]" is virtual input pin File: C:/Shubham/MS/Research/projects/lab3/rtl/matmul.sv Line: 64
    Info (15718): Pin "b_data_in[23]" is virtual input pin File: C:/Shubham/MS/Research/projects/lab3/rtl/matmul.sv Line: 64
    Info (15718): Pin "b_data_in[24]" is virtual input pin File: C:/Shubham/MS/Research/projects/lab3/rtl/matmul.sv Line: 64
    Info (15718): Pin "b_data_in[25]" is virtual input pin File: C:/Shubham/MS/Research/projects/lab3/rtl/matmul.sv Line: 64
    Info (15718): Pin "b_data_in[26]" is virtual input pin File: C:/Shubham/MS/Research/projects/lab3/rtl/matmul.sv Line: 64
    Info (15718): Pin "b_data_in[27]" is virtual input pin File: C:/Shubham/MS/Research/projects/lab3/rtl/matmul.sv Line: 64
    Info (15718): Pin "b_data_in[28]" is virtual input pin File: C:/Shubham/MS/Research/projects/lab3/rtl/matmul.sv Line: 64
    Info (15718): Pin "b_data_in[29]" is virtual input pin File: C:/Shubham/MS/Research/projects/lab3/rtl/matmul.sv Line: 64
    Info (15718): Pin "b_data_in[30]" is virtual input pin File: C:/Shubham/MS/Research/projects/lab3/rtl/matmul.sv Line: 64
    Info (15718): Pin "b_data_in[31]" is virtual input pin File: C:/Shubham/MS/Research/projects/lab3/rtl/matmul.sv Line: 64
    Info (15718): Pin "a_data[14]" is virtual input pin File: C:/Shubham/MS/Research/projects/lab3/rtl/matmul.sv Line: 61
    Info (15718): Pin "validity_mask_a_rows[1]" is virtual input pin File: C:/Shubham/MS/Research/projects/lab3/rtl/matmul.sv Line: 73
    Info (15718): Pin "a_data[13]" is virtual input pin File: C:/Shubham/MS/Research/projects/lab3/rtl/matmul.sv Line: 61
    Info (15718): Pin "a_data[12]" is virtual input pin File: C:/Shubham/MS/Research/projects/lab3/rtl/matmul.sv Line: 61
    Info (15718): Pin "a_data[11]" is virtual input pin File: C:/Shubham/MS/Research/projects/lab3/rtl/matmul.sv Line: 61
    Info (15718): Pin "a_data[9]" is virtual input pin File: C:/Shubham/MS/Research/projects/lab3/rtl/matmul.sv Line: 61
    Info (15718): Pin "a_data[8]" is virtual input pin File: C:/Shubham/MS/Research/projects/lab3/rtl/matmul.sv Line: 61
    Info (15718): Pin "a_data[10]" is virtual input pin File: C:/Shubham/MS/Research/projects/lab3/rtl/matmul.sv Line: 61
    Info (15718): Pin "a_data[15]" is virtual input pin File: C:/Shubham/MS/Research/projects/lab3/rtl/matmul.sv Line: 61
    Info (15718): Pin "b_data[8]" is virtual input pin File: C:/Shubham/MS/Research/projects/lab3/rtl/matmul.sv Line: 62
    Info (15718): Pin "validity_mask_b_cols[1]" is virtual input pin File: C:/Shubham/MS/Research/projects/lab3/rtl/matmul.sv Line: 75
    Info (15718): Pin "b_data[9]" is virtual input pin File: C:/Shubham/MS/Research/projects/lab3/rtl/matmul.sv Line: 62
    Info (15718): Pin "b_data[10]" is virtual input pin File: C:/Shubham/MS/Research/projects/lab3/rtl/matmul.sv Line: 62
    Info (15718): Pin "b_data[11]" is virtual input pin File: C:/Shubham/MS/Research/projects/lab3/rtl/matmul.sv Line: 62
    Info (15718): Pin "b_data[12]" is virtual input pin File: C:/Shubham/MS/Research/projects/lab3/rtl/matmul.sv Line: 62
    Info (15718): Pin "b_data[13]" is virtual input pin File: C:/Shubham/MS/Research/projects/lab3/rtl/matmul.sv Line: 62
    Info (15718): Pin "b_data[14]" is virtual input pin File: C:/Shubham/MS/Research/projects/lab3/rtl/matmul.sv Line: 62
    Info (15718): Pin "b_data[15]" is virtual input pin File: C:/Shubham/MS/Research/projects/lab3/rtl/matmul.sv Line: 62
    Info (15718): Pin "a_data[22]" is virtual input pin File: C:/Shubham/MS/Research/projects/lab3/rtl/matmul.sv Line: 61
    Info (15718): Pin "validity_mask_a_rows[2]" is virtual input pin File: C:/Shubham/MS/Research/projects/lab3/rtl/matmul.sv Line: 73
    Info (15718): Pin "a_data[20]" is virtual input pin File: C:/Shubham/MS/Research/projects/lab3/rtl/matmul.sv Line: 61
    Info (15718): Pin "a_data[21]" is virtual input pin File: C:/Shubham/MS/Research/projects/lab3/rtl/matmul.sv Line: 61
    Info (15718): Pin "a_data[19]" is virtual input pin File: C:/Shubham/MS/Research/projects/lab3/rtl/matmul.sv Line: 61
    Info (15718): Pin "a_data[18]" is virtual input pin File: C:/Shubham/MS/Research/projects/lab3/rtl/matmul.sv Line: 61
    Info (15718): Pin "a_data[17]" is virtual input pin File: C:/Shubham/MS/Research/projects/lab3/rtl/matmul.sv Line: 61
    Info (15718): Pin "a_data[16]" is virtual input pin File: C:/Shubham/MS/Research/projects/lab3/rtl/matmul.sv Line: 61
    Info (15718): Pin "a_data[23]" is virtual input pin File: C:/Shubham/MS/Research/projects/lab3/rtl/matmul.sv Line: 61
    Info (15718): Pin "b_data[16]" is virtual input pin File: C:/Shubham/MS/Research/projects/lab3/rtl/matmul.sv Line: 62
    Info (15718): Pin "validity_mask_b_cols[2]" is virtual input pin File: C:/Shubham/MS/Research/projects/lab3/rtl/matmul.sv Line: 75
    Info (15718): Pin "b_data[17]" is virtual input pin File: C:/Shubham/MS/Research/projects/lab3/rtl/matmul.sv Line: 62
    Info (15718): Pin "b_data[18]" is virtual input pin File: C:/Shubham/MS/Research/projects/lab3/rtl/matmul.sv Line: 62
    Info (15718): Pin "b_data[19]" is virtual input pin File: C:/Shubham/MS/Research/projects/lab3/rtl/matmul.sv Line: 62
    Info (15718): Pin "b_data[20]" is virtual input pin File: C:/Shubham/MS/Research/projects/lab3/rtl/matmul.sv Line: 62
    Info (15718): Pin "b_data[21]" is virtual input pin File: C:/Shubham/MS/Research/projects/lab3/rtl/matmul.sv Line: 62
    Info (15718): Pin "b_data[22]" is virtual input pin File: C:/Shubham/MS/Research/projects/lab3/rtl/matmul.sv Line: 62
    Info (15718): Pin "b_data[23]" is virtual input pin File: C:/Shubham/MS/Research/projects/lab3/rtl/matmul.sv Line: 62
    Info (15718): Pin "a_data[28]" is virtual input pin File: C:/Shubham/MS/Research/projects/lab3/rtl/matmul.sv Line: 61
    Info (15718): Pin "validity_mask_a_rows[3]" is virtual input pin File: C:/Shubham/MS/Research/projects/lab3/rtl/matmul.sv Line: 73
    Info (15718): Pin "a_data[30]" is virtual input pin File: C:/Shubham/MS/Research/projects/lab3/rtl/matmul.sv Line: 61
    Info (15718): Pin "a_data[29]" is virtual input pin File: C:/Shubham/MS/Research/projects/lab3/rtl/matmul.sv Line: 61
    Info (15718): Pin "a_data[27]" is virtual input pin File: C:/Shubham/MS/Research/projects/lab3/rtl/matmul.sv Line: 61
    Info (15718): Pin "a_data[26]" is virtual input pin File: C:/Shubham/MS/Research/projects/lab3/rtl/matmul.sv Line: 61
    Info (15718): Pin "a_data[25]" is virtual input pin File: C:/Shubham/MS/Research/projects/lab3/rtl/matmul.sv Line: 61
    Info (15718): Pin "a_data[24]" is virtual input pin File: C:/Shubham/MS/Research/projects/lab3/rtl/matmul.sv Line: 61
    Info (15718): Pin "a_data[31]" is virtual input pin File: C:/Shubham/MS/Research/projects/lab3/rtl/matmul.sv Line: 61
    Info (15718): Pin "b_data[24]" is virtual input pin File: C:/Shubham/MS/Research/projects/lab3/rtl/matmul.sv Line: 62
    Info (15718): Pin "validity_mask_b_cols[3]" is virtual input pin File: C:/Shubham/MS/Research/projects/lab3/rtl/matmul.sv Line: 75
    Info (15718): Pin "b_data[25]" is virtual input pin File: C:/Shubham/MS/Research/projects/lab3/rtl/matmul.sv Line: 62
    Info (15718): Pin "b_data[26]" is virtual input pin File: C:/Shubham/MS/Research/projects/lab3/rtl/matmul.sv Line: 62
    Info (15718): Pin "b_data[27]" is virtual input pin File: C:/Shubham/MS/Research/projects/lab3/rtl/matmul.sv Line: 62
    Info (15718): Pin "b_data[28]" is virtual input pin File: C:/Shubham/MS/Research/projects/lab3/rtl/matmul.sv Line: 62
    Info (15718): Pin "b_data[29]" is virtual input pin File: C:/Shubham/MS/Research/projects/lab3/rtl/matmul.sv Line: 62
    Info (15718): Pin "b_data[30]" is virtual input pin File: C:/Shubham/MS/Research/projects/lab3/rtl/matmul.sv Line: 62
    Info (15718): Pin "b_data[31]" is virtual input pin File: C:/Shubham/MS/Research/projects/lab3/rtl/matmul.sv Line: 62
Info (21057): Implemented 2878 device resources after synthesis - the final resource count might be different
    Info (21058): Implemented 0 input pins
    Info (21059): Implemented 0 output pins
    Info (21061): Implemented 2862 logic cells
    Info (21062): Implemented 16 DSP elements
Info: Quartus Prime Analysis & Synthesis was successful. 0 errors, 13 warnings
    Info: Peak virtual memory: 4884 megabytes
    Info: Processing ended: Wed Sep 16 16:23:40 2026
    Info: Elapsed time: 00:00:16
    Info: Total CPU time (on all processors): 00:00:08


